Order Date,Ship Mode,Segment,Region,Category,Sub-Category,City,Quantity,Discount,Sales,Profit
2017-01-01,Same Day,Consumer,West,Office Supplies,Art,Los Angeles,3,0.1,93.57,7.25
2017-01-01,Standard Class,Corporate,West,Furniture,Bookcases,Seattle,1,0.15,130.5,-5.51
2017-01-01,Second Class,Consumer,Central,Office Supplies,Art,Dallas,9,0.1,342.72,72.98
2017-01-01,Standard Class,Consumer,West,Technology,Accessories,San Francisco,3,0.1,533.31,51.24
2017-01-01,First Class,Consumer,East,Office Supplies,Paper,Philadelphia,4,0.0,378.83,78.78
2017-01-01,Standard Class,Consumer,Central,Office Supplies,Fasteners,Houston,5,0.2,281.99,9.54
2017-01-01,First Class,Corporate,Central,Office Supplies,Supplies,Houston,5,0.05,475.39,59.5
2017-01-01,First Class,Consumer,West,Furniture,Chairs,Los Angeles,8,0.1,2094.43,87.69
2017-01-01,Standard Class,Corporate,Central,Office Supplies,Binders,Minneapolis,4,0.1,306.86,-5.74
2017-01-02,Standard Class,Consumer,West,Office Supplies,Storage,San Francisco,6,0.1,204.44,19.16
2017-01-02,Standard Class,Consumer,South,Technology,Phones,Charlotte,9,0.0,4253.27,929.57
2017-01-02,Standard Class,Consumer,East,Office Supplies,Storage,New York City,5,0.2,151.53,2.79
2017-01-02,Standard Class,Corporate,East,Office Supplies,Binders,Columbus,5,0.15,483.72,57.08
2017-01-02,First Class,Home Office,West,Office Supplies,Labels,San Francisco,1,0.1,55.74,8.43
2017-01-02,Standard Class,Home Office,South,Office Supplies,Art,Atlanta,4,0.2,93.83,-6.17
2017-01-02,Standard Class,Corporate,East,Office Supplies,Art,Philadelphia,2,0.1,108.94,7.66
2017-01-02,Standard Class,Consumer,Central,Office Supplies,Fasteners,Dallas,7,0.3,109.62,-4.19
2017-01-02,Standard Class,Corporate,Central,Furniture,Chairs,Dallas,1,0.15,199.45,22.34
2017-01-02,Second Class,Consumer,Central,Office Supplies,Binders,Minneapolis,8,0.1,821.84,-17.42
2017-01-02,Standard Class,Consumer,West,Technology,Phones,Seattle,1,0.1,142.11,14.31
2017-01-02,Same Day,Consumer,West,Office Supplies,Fasteners,Los Angeles,7,0.3,183.65,-0.07
2017-01-02,First Class,Consumer,East,Furniture,Furnishings,Philadelphia,2,0.4,369.18,-72.22
2017-01-02,Standard Class,Consumer,West,Office Supplies,Supplies,Seattle,8,0.15,183.47,22.51
2017-01-03,First Class,Consumer,East,Office Supplies,Art,Columbus,2,0.0,110.06,14.67
2017-01-03,Standard Class,Home Office,South,Office Supplies,Art,Nashville,7,0.2,762.92,-7.59
2017-01-03,Standard Class,Consumer,East,Office Supplies,Envelopes,New York City,5,0.15,199.51,18.25
2017-01-03,Standard Class,Consumer,Central,Technology,Machines,Minneapolis,9,0.2,1108.97,41.07
2017-01-03,Second Class,Consumer,South,Furniture,Chairs,Nashville,3,0.0,211.12,-10.05
2017-01-04,Standard Class,Consumer,West,Office Supplies,Fasteners,San Francisco,7,0.05,342.65,35.56
2017-01-04,Standard Class,Consumer,East,Office Supplies,Appliances,Boston,9,0.0,820.39,52.77
2017-01-04,Second Class,Consumer,West,Office Supplies,Appliances,Denver,5,0.0,830.6,107.9
2017-01-04,Standard Class,Consumer,East,Office Supplies,Labels,New York City,1,0.05,61.16,0.86
2017-01-04,First Class,Consumer,Central,Furniture,Chairs,Dallas,7,0.05,362.66,-3.53
2017-01-04,First Class,Corporate,West,Office Supplies,Supplies,Seattle,6,0.2,199.7,11.8
2017-01-04,Standard Class,Consumer,East,Furniture,Chairs,Philadelphia,7,0.0,1145.8,-3.79
2017-01-04,Standard Class,Consumer,West,Office Supplies,Paper,Denver,1,0.0,37.43,8.47
2017-01-04,First Class,Home Office,South,Office Supplies,Paper,Miami,5,0.1,233.38,20.91
2017-01-04,Standard Class,Consumer,East,Office Supplies,Supplies,Columbus,5,0.3,103.94,5.97
2017-01-04,Standard Class,Home Office,South,Office Supplies,Storage,Charlotte,7,0.15,296.98,19.55
2017-01-05,Same Day,Home Office,Central,Office Supplies,Labels,Dallas,8,0.2,567.9,25.1
2017-01-05,First Class,Home Office,West,Technology,Machines,Seattle,6,0.0,1184.73,250.42
2017-01-05,Second Class,Home Office,West,Technology,Copiers,Seattle,8,0.2,4213.39,516.17
2017-01-05,Standard Class,Consumer,Central,Technology,Machines,Chicago,5,0.4,1053.38,-29.13
2017-01-05,Second Class,Corporate,West,Office Supplies,Art,Denver,8,0.15,575.54,44.66
2017-01-05,Standard Class,Home Office,East,Office Supplies,Storage,Philadelphia,6,0.2,558.37,-14.51
2017-01-06,Standard Class,Consumer,East,Technology,Accessories,Boston,4,0.2,1175.82,-39.07
2017-01-06,Standard Class,Home Office,West,Office Supplies,Appliances,Los Angeles,2,0.2,90.32,5.31
2017-01-06,First Class,Corporate,West,Office Supplies,Art,Denver,5,0.15,271.34,-4.55
2017-01-06,Standard Class,Consumer,Central,Furniture,Bookcases,Chicago,7,0.2,777.49,-25.51
2017-01-06,Standard Class,Consumer,East,Office Supplies,Supplies,Columbus,9,0.0,510.93,52.36
2017-01-06,Standard Class,Consumer,Central,Technology,Accessories,Minneapolis,3,0.05,212.63,54.19
2017-01-06,Second Class,Consumer,East,Furniture,Tables,Columbus,2,0.05,871.59,-22.75
2017-01-06,Standard Class,Home Office,Central,Technology,Accessories,Houston,3,0.0,535.57,168.78
2017-01-07,First Class,Consumer,West,Office Supplies,Supplies,Denver,3,0.2,246.07,8.15
2017-01-07,Second Class,Consumer,Central,Office Supplies,Paper,Houston,7,0.3,171.29,1.09
2017-01-07,Standard Class,Corporate,West,Furniture,Furnishings,Seattle,5,0.3,404.84,-43.55
2017-01-07,Second Class,Corporate,East,Furniture,Tables,Columbus,7,0.0,626.08,74.87
2017-01-08,First Class,Consumer,South,Technology,Copiers,Nashville,6,0.1,1453.03,295.86
2017-01-08,Standard Class,Consumer,West,Office Supplies,Binders,Seattle,2,0.0,117.57,9.43
2017-01-08,First Class,Consumer,Central,Furniture,Furnishings,Chicago,3,0.1,287.34,1.92
2017-01-08,Standard Class,Consumer,East,Office Supplies,Fasteners,Boston,6,0.1,527.09,65.9
2017-01-08,Second Class,Consumer,West,Office Supplies,Binders,Denver,3,0.1,109.77,5.94
2017-01-09,Standard Class,Corporate,Central,Furniture,Bookcases,Chicago,2,0.2,405.09,5.32
2017-01-09,Standard Class,Consumer,Central,Office Supplies,Appliances,Dallas,2,0.0,350.74,92.58
2017-01-09,Standard Class,Corporate,South,Office Supplies,Art,Atlanta,5,0.15,347.0,32.01
2017-01-09,Standard Class,Consumer,South,Office Supplies,Binders,Miami,5,0.1,91.62,8.28
2017-01-09,Standard Class,Corporate,Central,Office Supplies,Art,Minneapolis,1,0.05,33.39,2.67
2017-01-09,Standard Class,Consumer,West,Office Supplies,Appliances,Seattle,7,0.1,348.1,41.63
2017-01-09,Second Class,Corporate,South,Office Supplies,Art,Nashville,2,0.05,117.24,0.85
2017-01-09,Standard Class,Home Office,Central,Office Supplies,Storage,Dallas,5,0.05,176.38,24.8
2017-01-09,Standard Class,Consumer,East,Office Supplies,Labels,Columbus,3,0.05,83.08,12.3
2017-01-10,,Consumer,Central,Office Supplies,Envelopes,Chicago,9,0.4,343.33,-25.24
2017-01-10,Same Day,Consumer,Central,Furniture,Furnishings,Dallas,5,0.0,607.36,67.09
2017-01-10,Standard Class,Consumer,East,Office Supplies,Storage,Columbus,7,0.2,184.25,10.39
2017-01-10,Second Class,Home Office,South,Technology,Accessories,Nashville,4,0.0,2029.53,452.41
2017-01-10,Second Class,Consumer,South,Technology,Machines,Nashville,1,0.2,133.89,13.35
2017-01-10,Standard Class,Home Office,East,Furniture,Chairs,New York City,4,0.15,878.79,-29.85
2017-01-10,First Class,Corporate,South,Office Supplies,Paper,Miami,5,0.2,231.4,9.36
2017-01-11,Second Class,Consumer,East,Office Supplies,Binders,New York City,6,0.0,267.31,18.21
2017-01-11,Second Class,Consumer,West,Furniture,Bookcases,Denver,9,0.15,1578.45,-19.86
2017-01-11,Second Class,Consumer,East,Furniture,Chairs,New York City,3,0.2,429.55,-14.65
2017-01-11,Standard Class,Corporate,Central,Furniture,Chairs,Houston,6,0.2,684.03,4.2
2017-01-12,Standard Class,Consumer,West,Office Supplies,Storage,San Francisco,3,0.3,89.97,14.03
2017-01-12,Standard Class,Corporate,West,Office Supplies,Supplies,San Francisco,8,0.0,1847.13,322.31
2017-01-12,Second Class,Consumer,West,Office Supplies,Fasteners,Seattle,7,0.1,405.1,8.73
2017-01-12,Second Class,Home Office,East,Office Supplies,Paper,Boston,9,0.2,396.06,-11.73
2017-01-12,First Class,Corporate,South,Office Supplies,Supplies,Atlanta,9,0.0,270.81,48.89
2017-01-12,Second Class,Home Office,East,Furniture,Chairs,Boston,4,0.0,716.14,47.21
2017-01-13,Second Class,Corporate,East,Technology,Phones,Boston,9,0.0,3664.29,100.62
2017-01-13,Second Class,Corporate,South,Office Supplies,Paper,Miami,9,0.1,576.09,67.32
2017-01-13,Standard Class,Consumer,East,Office Supplies,Art,Boston,7,0.0,393.96,69.77
2017-01-13,Standard Class,Corporate,East,Furniture,Furnishings,New York City,6,0.1,767.38,43.79
2017-01-13,Standard Class,Corporate,East,Office Supplies,Binders,New York City,1,0.0,148.36,3.67
2017-01-14,Second Class,Home Office,East,Furniture,Furnishings,Columbus,1,0.0,616.27,6.47
2017-01-14,Standard Class,Consumer,South,Furniture,Furnishings,Atlanta,7,0.0,2106.95,341.51
2017-01-14,Second Class,Consumer,East,Furniture,Bookcases,New York City,6,0.2,1505.91,-140.19
2017-01-14,First Class,Consumer,East,Technology,Phones,Columbus,1,0.2,104.64,3.0
2017-01-14,Standard Class,Corporate,Central,Office Supplies,Supplies,Houston,3,0.0,335.33,91.78
2017-01-14,Standard Class,Consumer,West,Furniture,Furnishings,Los Angeles,9,0.0,999.78,26.9
2017-01-15,Standard Class,Consumer,West,Office Supplies,Art,Denver,9,0.1,370.57,34.21
2017-01-15,First Class,Corporate,East,Furniture,Tables,Philadelphia,7,0.0,2022.45,19.12
2017-01-15,Standard Class,Consumer,West,Office Supplies,Appliances,Los Angeles,8,0.15,507.71,78.03
2017-01-15,Standard Class,Consumer,Central,Technology,Machines,Minneapolis,8,0.15,1689.21,213.29
2017-01-16,First Class,Consumer,Central,Technology,Accessories,Houston,4,0.3,721.17,34.42
2017-01-16,Standard Class,Consumer,South,Technology,Copiers,Charlotte,5,0.2,3269.14,70.41
2017-01-16,Standard Class,Corporate,East,Office Supplies,Appliances,Boston,1,0.3,49.68,-5.4
2017-01-16,Standard Class,Consumer,West,Office Supplies,Binders,Seattle,9,0.2,173.5,9.99
2017-01-16,Standard Class,Home Office,South,Technology,Phones,Nashville,2,0.1,528.46,99.55
2017-01-16,Standard Class,Corporate,West,Office Supplies,Storage,Seattle,9,0.2,193.07,1.14
2017-01-17,Second Class,Consumer,West,Office Supplies,Labels,Denver,6,0.3,548.11,45.57
2017-01-17,Standard Class,Consumer,East,Office Supplies,Labels,Columbus,8,0.05,468.69,87.22
2017-01-17,Standard Class,Corporate,West,Office Supplies,Envelopes,Denver,3,0.0,257.35,48.53
2017-01-17,Second Class,Home Office,West,Technology,Accessories,Los Angeles,1,0.2,263.32,11.66
2017-01-17,Standard Class,Consumer,West,Furniture,Furnishings,Denver,8,0.0,3954.5,393.17
2017-01-17,Standard Class,Home Office,Central,Office Supplies,Storage,Chicago,3,0.3,149.31,7.2
2017-01-17,Standard Class,Consumer,Central,Furniture,Bookcases,Minneapolis,8,0.0,1503.42,48.88
2017-01-17,Standard Class,Corporate,East,Office Supplies,Binders,New York City,1,0.0,59.08,13.92
2017-01-17,Same Day,Consumer,Central,Office Supplies,Envelopes,Dallas,6,0.05,224.38,25.69
2017-01-17,Second Class,Consumer,West,Office Supplies,Storage,Seattle,1,0.0,42.0,2.58
2017-01-17,Second Class,Home Office,Central,Office Supplies,Labels,Dallas,2,0.2,105.85,3.85
2017-01-18,First Class,Consumer,South,Office Supplies,Art,Miami,7,0.0,415.14,92.99
2017-01-18,Standard Class,Corporate,South,Furniture,Bookcases,Nashville,3,0.0,1661.03,-79.99
2017-01-18,Second Class,Corporate,West,Office Supplies,Appliances,Denver,1,0.3,46.39,1.3
2017-01-18,Standard Class,Corporate,South,Office Supplies,Art,Nashville,9,0.15,836.98,31.03
2017-01-18,First Class,Corporate,West,Office Supplies,Storage,Denver,1,0.0,116.98,25.54
2017-01-18,Second Class,Home Office,Central,Furniture,Tables,Houston,3,0.1,173.16,6.46
2017-01-18,Second Class,Consumer,West,Office Supplies,Fasteners,Denver,3,0.2,163.9,4.02
2017-01-18,Standard Class,Home Office,Central,Office Supplies,Fasteners,Dallas,1,0.3,7.62,-0.28
2017-01-18,Standard Class,Consumer,Central,Office Supplies,Fasteners,Houston,8,0.2,214.99,13.28
2017-01-19,First Class,Corporate,Central,Furniture,Chairs,Chicago,5,0.0,239.09,28.28
2017-01-19,Second Class,Corporate,West,Office Supplies,Supplies,Los Angeles,9,0.0,356.66,94.96
2017-01-19,Standard Class,Corporate,West,Office Supplies,Storage,Denver,7,0.0,161.74,21.12
2017-01-19,Standard Class,Corporate,West,Office Supplies,Storage,San Francisco,9,0.15,577.39,-4.71
2017-01-19,Standard Class,Consumer,Central,Furniture,Bookcases,Dallas,9,0.15,736.97,14.55
2017-01-19,Same Day,Consumer,Central,Office Supplies,Paper,Houston,6,0.2,728.84,-32.62
2017-01-20,Standard Class,Corporate,Central,Technology,Machines,Dallas,8,0.05,1397.44,271.81
2017-01-20,Second Class,Consumer,East,Furniture,Bookcases,Philadelphia,1,0.0,177.2,24.14
2017-01-20,Second Class,Home Office,West,Office Supplies,Paper,Denver,1,0.2,87.54,4.67
2017-01-20,Standard Class,Corporate,South,Office Supplies,Art,Miami,5,0.1,182.29,26.62
2017-01-21,Standard Class,Consumer,West,Office Supplies,Binders,Seattle,8,0.0,469.16,75.96
2017-01-21,Same Day,Consumer,West,Office Supplies,Supplies,Los Angeles,2,0.3,103.6,-4.24
2017-01-21,Standard Class,Corporate,East,Office Supplies,Envelopes,New York City,9,0.05,1657.49,353.02
2017-01-21,Standard Class,Home Office,Central,Office Supplies,Fasteners,Chicago,9,0.1,624.06,60.99
2017-01-21,Standard Class,Home Office,South,Furniture,Chairs,Atlanta,6,0.1,1478.53,40.43
2017-01-21,Standard Class,Corporate,West,Office Supplies,Paper,Denver,1,0.1,38.69,4.03
2017-01-21,Standard Class,Corporate,West,Office Supplies,Fasteners,San Francisco,8,0.05,499.76,73.18
2017-01-22,Standard Class,Consumer,Central,Technology,Machines,Chicago,5,0.1,1436.15,146.48
2017-01-22,Standard Class,Consumer,West,Office Supplies,Paper,Seattle,8,0.2,536.09,43.41
2017-01-23,First Class,Corporate,East,Office Supplies,Fasteners,Philadelphia,3,0.2,101.15,7.08
2017-01-23,Second Class,Consumer,West,Office Supplies,Binders,Denver,7,0.15,315.61,32.79
2017-01-23,Same Day,Corporate,Central,Office Supplies,Paper,Minneapolis,4,0.15,420.64,43.18
2017-01-24,Standard Class,Consumer,West,Technology,Machines,San Francisco,5,0.3,285.97,16.83
2017-01-24,Same Day,Consumer,South,Technology,Machines,Miami,4,0.15,2232.08,267.44
2017-01-24,Standard Class,Home Office,West,Office Supplies,Binders,Denver,9,0.4,259.26,-9.14
2017-01-24,Standard Class,Home Office,East,Technology,Copiers,Columbus,1,0.05,290.37,38.91
2017-01-24,First Class,Consumer,West,Office Supplies,Art,Los Angeles,9,0.0,1054.42,238.86
2017-01-24,Standard Class,Consumer,West,Technology,Machines,Los Angeles,9,0.1,1128.73,228.98
2017-01-24,Standard Class,Corporate,West,Furniture,Bookcases,Denver,7,0.0,1058.86,154.88
2017-01-24,Second Class,Corporate,West,Furniture,Tables,Los Angeles,7,0.15,601.15,-3.1
2017-01-25,First Class,Corporate,East,Office Supplies,Storage,Boston,2,0.0,153.73,34.77
2017-01-25,Standard Class,Home Office,Central,Office Supplies,Labels,Dallas,4,0.2,243.24,4.43
2017-01-25,Second Class,Home Office,West,Furniture,Tables,Seattle,4,0.1,804.56,46.16
2017-01-25,Standard Class,Corporate,Central,Office Supplies,Labels,Minneapolis,8,0.1,669.33,67.42
2017-01-26,First Class,Corporate,West,Office Supplies,Paper,Los Angeles,2,0.2,71.0,13.29
2017-01-26,Standard Class,Consumer,South,Office Supplies,Binders,Atlanta,5,0.05,210.77,37.72
2017-01-26,First Class,Consumer,East,Technology,Phones,New York City,9,0.3,885.9,-34.11
2017-01-26,First Class,Corporate,East,Office Supplies,Paper,New York City,2,0.4,32.62,-0.28
2017-01-26,Standard Class,Consumer,East,Office Supplies,Labels,Columbus,5,0.05,650.68,178.56
2017-01-26,Standard Class,Consumer,South,Office Supplies,Envelopes,Miami,5,0.0,371.02,54.35
2017-01-26,Standard Class,Consumer,West,Office Supplies,Labels,Denver,2,0.2,94.89,4.18
2017-01-27,Second Class,Consumer,Central,Office Supplies,Paper,Minneapolis,3,0.4,100.79,-3.88
2017-01-27,Standard Class,Corporate,Central,Furniture,Bookcases,Houston,5,0.0,675.91,138.13
2017-01-27,Standard Class,Consumer,East,Office Supplies,Fasteners,Philadelphia,8,0.0,485.46,111.1
2017-01-27,Standard Class,Consumer,East,Office Supplies,Storage,New York City,3,0.0,253.91,83.99
2017-01-27,Standard Class,Consumer,South,Office Supplies,Supplies,Atlanta,1,0.0,32.49,2.56
2017-01-27,Standard Class,Corporate,East,Office Supplies,Storage,Columbus,7,0.1,125.58,7.28
2017-01-27,Standard Class,Consumer,East,Technology,Phones,Boston,3,0.4,236.84,-4.81
2017-01-27,Standard Class,Consumer,West,Technology,Machines,Los Angeles,2,0.2,518.41,22.34
2017-01-28,Standard Class,Home Office,East,Office Supplies,Paper,Columbus,8,0.0,284.92,14.24
2017-01-28,First Class,Corporate,East,Office Supplies,Labels,Philadelphia,8,0.0,247.25,36.95
2017-01-28,Standard Class,Consumer,East,Technology,Accessories,Columbus,1,0.05,313.8,20.58
2017-01-28,Standard Class,Consumer,South,Furniture,Tables,Miami,2,0.15,281.16,-11.17
2017-01-28,Standard Class,Consumer,West,Office Supplies,Supplies,San Francisco,1,0.1,79.67,13.28
2017-01-28,Standard Class,Corporate,South,Technology,Accessories,Miami,2,0.15,514.65,119.98
2017-01-28,Second Class,Home Office,East,Office Supplies,Envelopes,Boston,8,0.2,900.25,14.41
2017-01-28,Second Class,Corporate,East,Technology,Phones,Boston,6,0.3,920.54,97.76
2017-01-28,Standard Class,Consumer,West,Technology,Phones,Denver,3,0.0,465.09,100.82
2017-01-28,Standard Class,Consumer,Central,Office Supplies,Envelopes,Chicago,6,0.0,209.74,45.36
2017-01-29,Standard Class,Consumer,West,Technology,Machines,Los Angeles,1,0.4,113.8,2.38
2017-01-29,Standard Class,Consumer,East,Office Supplies,Storage,Columbus,4,0.0,142.88,19.83
2017-01-29,Standard Class,Corporate,Central,Office Supplies,Fasteners,Houston,5,0.3,144.09,-14.86
2017-01-29,Standard Class,Consumer,West,Technology,Machines,Los Angeles,6,0.2,1039.86,73.78
2017-01-29,Standard Class,Consumer,West,Office Supplies,Binders,Denver,4,0.0,119.19,16.87
2017-01-29,Standard Class,Consumer,South,Technology,Machines,Nashville,4,0.0,926.45,272.87
2017-01-29,Standard Class,Home Office,South,Office Supplies,Supplies,Charlotte,6,0.1,122.34,14.42
2017-01-30,Standard Class,Consumer,East,Office Supplies,Art,Boston,1,0.4,57.28,-0.94
2017-01-30,Second Class,Corporate,West,Office Supplies,Envelopes,San Francisco,4,0.3,172.16,-0.11
2017-01-30,Standard Class,Corporate,East,Office Supplies,Labels,Boston,1,0.3,35.77,-0.97
2017-01-30,Standard Class,Home Office,East,Furniture,Furnishings,New York City,5,0.0,1597.19,39.62
2017-01-30,Standard Class,Consumer,West,Office Supplies,Art,Seattle,1,0.0,53.78,5.32
2017-01-30,Second Class,Consumer,Central,Furniture,Bookcases,Minneapolis,4,0.0,733.27,1.29
2017-01-30,Second Class,Corporate,Central,Office Supplies,Labels,Dallas,5,0.15,196.02,0.56
2017-01-31,First Class,Consumer,South,Office Supplies,Binders,Atlanta,6,0.0,282.34,60.53
2017-01-31,Standard Class,Consumer,West,Technology,Accessories,Seattle,9,0.2,4540.69,-91.39
2017-01-31,Second Class,Consumer,East,Office Supplies,Appliances,Columbus,4,0.2,143.11,1.4
2017-02-01,Standard Class,Corporate,Central,Office Supplies,Storage,Minneapolis,5,0.15,262.06,52.95
2017-02-01,Standard Class,Consumer,East,Technology,Accessories,Columbus,9,0.0,2611.72,528.52
2017-02-01,Standard Class,Consumer,West,Office Supplies,Binders,Seattle,9,0.2,256.4,1.75
2017-02-01,Standard Class,Consumer,Central,Technology,Copiers,Chicago,3,0.0,561.81,143.42
2017-02-01,First Class,Consumer,East,Office Supplies,Labels,Columbus,6,0.0,258.26,32.64
2017-02-01,Standard Class,Consumer,East,Furniture,Bookcases,Philadelphia,8,0.2,855.51,-148.97
2017-02-01,Standard Class,Consumer,East,Office Supplies,Supplies,Columbus,9,0.1,649.36,118.74
2017-02-02,Standard Class,Consumer,South,Office Supplies,Supplies,Nashville,4,0.2,247.24,19.75
2017-02-02,Second Class,Home Office,West,Furniture,Tables,Los Angeles,5,0.2,1317.85,12.21
2017-02-02,Second Class,Consumer,South,Furniture,Tables,Atlanta,8,0.0,754.53,48.1
2017-02-02,Standard Class,Consumer,Central,Furniture,Chairs,Houston,7,0.15,1321.66,-150.93
2017-02-03,First Class,Consumer,West,Office Supplies,Fasteners,Los Angeles,9,0.2,108.75,12.71
2017-02-03,Standard Class,Consumer,East,Furniture,Chairs,New York City,8,0.05,630.94,85.76
2017-02-03,Standard Class,Corporate,East,Office Supplies,Envelopes,Boston,6,0.15,127.09,16.83
2017-02-03,Standard Class,Corporate,West,Office Supplies,Appliances,Seattle,5,0.3,154.69,4.53
2017-02-04,Standard Class,Corporate,Central,Technology,Phones,Houston,9,0.05,8823.19,1089.0
2017-02-04,Standard Class,Corporate,West,Office Supplies,Paper,Denver,8,0.05,313.18,41.84
2017-02-04,Standard Class,Consumer,West,Office Supplies,Envelopes,Seattle,8,0.0,274.06,60.31
2017-02-04,Standard Class,Consumer,South,Office Supplies,Storage,Atlanta,7,0.1,237.81,30.07
2017-02-04,Second Class,Corporate,West,Office Supplies,Envelopes,Los Angeles,6,0.0,689.82,79.82
2017-02-04,Same Day,Consumer,East,Furniture,Chairs,New York City,9,0.2,2759.77,-232.52
2017-02-04,Standard Class,Corporate,Central,Office Supplies,Supplies,Chicago,4,0.15,84.44,4.95
2017-02-04,Standard Class,Consumer,West,Office Supplies,Envelopes,Los Angeles,6,0.4,245.73,-46.49
2017-02-04,Second Class,Consumer,West,Office Supplies,Appliances,Seattle,7,0.1,524.33,44.78
2017-02-05,Standard Class,Corporate,West,Office Supplies,Envelopes,San Francisco,6,0.4,96.06,-3.38
2017-02-05,Same Day,Consumer,West,Furniture,Furnishings,San Francisco,7,0.1,1127.72,-37.85
2017-02-05,Standard Class,Consumer,East,Office Supplies,Envelopes,Boston,7,0.0,363.93,58.54
2017-02-05,Same Day,Consumer,West,Office Supplies,Labels,Seattle,2,0.15,149.9,6.14
2017-02-06,Standard Class,Corporate,South,Technology,Accessories,Miami,7,0.05,2883.11,509.71
2017-02-06,Standard Class,Corporate,East,Furniture,Bookcases,New York City,4,0.0,341.56,8.92
2017-02-06,Standard Class,Home Office,Central,Office Supplies,Binders,Minneapolis,4,0.2,103.82,-4.73
2017-02-06,Standard Class,Home Office,West,Office Supplies,Art,Denver,8,0.0,749.89,114.89
2017-02-06,Second Class,Corporate,South,Office Supplies,Supplies,Atlanta,5,0.0,577.71,94.48
2017-02-07,Standard Class,Consumer,East,Office Supplies,Art,Philadelphia,3,0.05,85.05,14.09
2017-02-07,First Class,Home Office,East,Office Supplies,Art,Philadelphia,6,0.1,169.36,21.58
2017-02-07,Same Day,Consumer,South,Technology,Accessories,Atlanta,9,0.0,3286.96,348.55
2017-02-07,Standard Class,Consumer,South,Office Supplies,Fasteners,Nashville,4,0.2,127.43,8.09
2017-02-07,Standard Class,Corporate,West,Office Supplies,Binders,Seattle,2,0.0,78.93,22.58
2017-02-07,Standard Class,Corporate,East,Furniture,Bookcases,Philadelphia,4,0.3,434.37,-21.74
2017-02-08,Standard Class,Corporate,West,Office Supplies,Paper,San Francisco,5,0.15,724.93,103.66
2017-02-08,Standard Class,Consumer,East,Furniture,Furnishings,New York City,5,0.1,863.22,35.49
2017-02-08,Standard Class,Consumer,East,Office Supplies,Art,Philadelphia,8,0.1,595.62,45.49
2017-02-08,Standard Class,Corporate,East,Furniture,Chairs,Boston,5,0.05,971.16,-65.7
2017-02-09,Standard Class,Corporate,Central,Office Supplies,Labels,Dallas,2,0.0,184.82,17.12
2017-02-09,Standard Class,Consumer,East,Office Supplies,Labels,Philadelphia,6,0.1,346.44,20.36
2017-02-09,Standard Class,Corporate,Central,Office Supplies,Binders,Minneapolis,9,0.1,243.46,36.04
2017-02-09,First Class,Consumer,West,Office Supplies,Art,Seattle,2,0.3,89.04,7.57
2017-02-09,Standard Class,Consumer,East,Office Supplies,Envelopes,New York City,2,0.0,97.89,21.6
2017-02-09,Second Class,Home Office,East,Office Supplies,Envelopes,New York City,3,0.1,171.53,37.5
2017-02-09,Second Class,Corporate,South,Furniture,Bookcases,Charlotte,2,0.0,337.61,56.33
2017-02-09,First Class,Corporate,West,Furniture,Tables,San Francisco,6,0.2,400.87,-14.38
2017-02-10,Standard Class,Corporate,Central,Office Supplies,Paper,Minneapolis,7,0.0,509.99,116.86
2017-02-11,Standard Class,Consumer,South,Office Supplies,Envelopes,Miami,2,0.05,181.63,26.98
2017-02-11,Second Class,Corporate,Central,Office Supplies,Appliances,Dallas,6,0.4,184.0,-10.31
2017-02-11,Standard Class,Consumer,Central,Office Supplies,Art,Dallas,3,0.3,75.76,-0.99
2017-02-11,Same Day,Consumer,West,Technology,Phones,Seattle,9,0.0,2358.41,715.4
2017-02-12,Standard Class,Corporate,West,Office Supplies,Appliances,San Francisco,1,0.15,33.02,2.63
2017-02-12,Second Class,Corporate,West,Office Supplies,Paper,San Francisco,8,0.15,188.94,22.79
2017-02-12,Standard Class,Consumer,Central,Office Supplies,Binders,Chicago,8,0.05,221.98,34.64
2017-02-12,Standard Class,Home Office,South,Furniture,Bookcases,Miami,9,0.0,1708.68,128.29
2017-02-12,Standard Class,Corporate,East,Office Supplies,Supplies,New York City,4,0.05,181.03,29.08
2017-02-12,Standard Class,Corporate,West,Office Supplies,Paper,Denver,3,0.2,119.88,-5.77
2017-02-13,First Class,Consumer,East,Office Supplies,Envelopes,Columbus,4,0.15,80.27,7.87
2017-02-13,Standard Class,Home Office,West,Office Supplies,Binders,San Francisco,4,0.0,216.14,28.62
2017-02-13,Standard Class,Corporate,West,Office Supplies,Storage,Seattle,1,0.0,143.28,29.81
2017-02-13,Second Class,Consumer,West,Furniture,Chairs,Denver,8,0.15,1939.88,208.83
2017-02-14,Standard Class,Consumer,West,Office Supplies,Art,Seattle,7,0.0,614.71,97.05
2017-02-14,Standard Class,Consumer,South,Office Supplies,Art,Miami,5,0.0,77.33,19.2
2017-02-14,Standard Class,Consumer,Central,Furniture,Furnishings,Minneapolis,6,0.0,1001.09,128.25
2017-02-15,Same Day,Corporate,West,Office Supplies,Storage,Seattle,1,0.2,50.2,2.78
2017-02-15,Standard Class,Corporate,West,Technology,Phones,Denver,3,0.05,535.41,68.1
2017-02-15,First Class,Consumer,East,Office Supplies,Fasteners,Columbus,6,0.0,161.66,28.84
2017-02-15,First Class,Corporate,Central,Furniture,Chairs,Dallas,6,0.0,1762.94,365.19
2017-02-15,Standard Class,Home Office,West,Technology,Accessories,Los Angeles,4,0.05,1594.13,120.55
2017-02-15,Standard Class,Consumer,South,Office Supplies,Appliances,Charlotte,6,0.1,199.14,16.78
2017-02-15,Standard Class,Consumer,West,Office Supplies,Art,Los Angeles,9,0.1,572.37,11.71
2017-02-16,Standard Class,Corporate,West,Furniture,Bookcases,Seattle,3,0.0,759.14,71.59
2017-02-16,Standard Class,Consumer,West,Furniture,Tables,Denver,8,0.4,771.21,-154.84
2017-02-16,First Class,Home Office,East,Office Supplies,Storage,Columbus,8,0.2,135.08,11.04
2017-02-16,Second Class,Home Office,West,Office Supplies,Labels,Los Angeles,5,0.1,165.91,-1.02
2017-02-16,Standard Class,Home Office,South,Technology,Phones,Charlotte,2,0.0,618.69,141.45
2017-02-16,Standard Class,Home Office,Central,Office Supplies,Labels,Minneapolis,1,0.2,59.33,1.09
2017-02-17,Standard Class,Consumer,Central,Office Supplies,Appliances,Houston,9,0.2,196.93,26.26
2017-02-17,Standard Class,Consumer,South,Technology,Machines,Atlanta,9,0.0,2465.38,474.9
2017-02-17,Standard Class,Consumer,West,Furniture,Tables,Denver,6,0.1,1625.23,-134.84
2017-02-17,Second Class,Consumer,Central,Office Supplies,Labels,Chicago,8,0.0,483.07,139.91
2017-02-17,First Class,Home Office,Central,Technology,Phones,Dallas,1,0.15,237.18,0.33
2017-02-17,First Class,Home Office,East,Furniture,Tables,Columbus,1,0.15,163.4,1.47
2017-02-17,First Class,Consumer,Central,Office Supplies,Binders,Houston,2,0.0,115.37,13.12
2017-02-18,Standard Class,Consumer,West,Furniture,Tables,Seattle,1,0.4,72.61,-10.66
2017-02-18,Second Class,Consumer,South,Office Supplies,Paper,Charlotte,8,0.15,421.99,44.67
2017-02-18,Second Class,Consumer,Central,Technology,Accessories,Houston,9,0.1,2945.62,554.68
2017-02-18,Second Class,Corporate,South,Office Supplies,Art,Charlotte,5,0.3,518.65,-41.2
2017-02-18,Second Class,Home Office,West,Furniture,Furnishings,Los Angeles,2,0.2,146.1,-1.69
2017-02-18,Standard Class,Consumer,East,Furniture,Furnishings,Boston,8,0.0,413.29,43.77
2017-02-19,First Class,Consumer,South,Office Supplies,Labels,Nashville,3,0.2,145.96,-5.58
2017-02-19,Standard Class,Corporate,South,Technology,Copiers,Atlanta,7,0.0,2050.88,644.53
2017-02-19,First Class,Consumer,East,Office Supplies,Binders,New York City,9,0.15,284.99,18.45
2017-02-19,Standard Class,Home Office,West,Office Supplies,Binders,Seattle,2,0.3,64.07,-5.81
2017-02-19,Second Class,Consumer,East,Office Supplies,Supplies,Columbus,9,0.15,226.45,27.64
2017-02-19,Same Day,Home Office,East,Furniture,Tables,New York City,9,0.3,1289.67,4.15
2017-02-19,First Class,Corporate,Central,Furniture,Bookcases,Chicago,2,0.15,219.12,21.27
2017-02-19,Standard Class,Corporate,South,Office Supplies,Envelopes,Atlanta,9,0.4,265.73,-28.35
2017-02-19,Standard Class,Consumer,West,Technology,Phones,Seattle,5,0.2,2059.83,221.28
2017-02-19,Standard Class,Consumer,Central,Furniture,Tables,Minneapolis,7,0.15,2186.85,-49.24
2017-02-19,First Class,Consumer,West,Office Supplies,Supplies,Seattle,3,0.3,92.39,-1.26
2017-02-19,Second Class,Home Office,East,Office Supplies,Envelopes,New York City,7,0.0,495.17,103.42
2017-02-20,Standard Class,Consumer,East,Office Supplies,Art,Philadelphia,6,0.0,321.77,70.07
2017-02-20,Standard Class,Corporate,Central,Office Supplies,Binders,Houston,3,0.0,387.95,46.98
2017-02-20,Standard Class,Consumer,Central,Office Supplies,Paper,Dallas,8,0.15,577.81,64.51
2017-02-20,First Class,Corporate,East,Office Supplies,Storage,Boston,4,0.2,59.32,4.02
2017-02-20,First Class,Consumer,Central,Furniture,Furnishings,Dallas,3,0.1,407.67,3.61
2017-02-20,First Class,Consumer,Central,Furniture,Tables,Houston,7,0.0,1197.43,293.93
2017-02-20,Standard Class,Consumer,East,Office Supplies,Fasteners,New York City,9,0.2,537.11,-52.66
2017-02-21,Standard Class,Consumer,Central,Technology,Copiers,Dallas,3,0.0,491.24,106.37
2017-02-21,First Class,Consumer,Central,Office Supplies,Labels,Minneapolis,8,0.1,604.31,131.14
2017-02-21,Same Day,Home Office,West,Furniture,Bookcases,San Francisco,5,0.05,817.68,52.38
2017-02-21,Standard Class,Consumer,West,Office Supplies,Paper,San Francisco,1,0.2,33.1,-1.07
2017-02-21,Standard Class,Consumer,East,Technology,Accessories,Philadelphia,6,0.0,1753.53,382.42
2017-02-21,Standard Class,Consumer,East,Furniture,Bookcases,Columbus,5,0.0,510.42,51.64
2017-02-21,Standard Class,Corporate,West,Technology,Machines,Los Angeles,4,0.3,515.6,12.7
2017-02-21,Standard Class,Home Office,West,Office Supplies,Appliances,Denver,6,0.05,688.09,102.96
2017-02-21,Standard Class,Consumer,South,Technology,Accessories,Miami,1,0.0,291.38,64.51
2017-02-21,Standard Class,Corporate,West,Office Supplies,Envelopes,Seattle,6,0.2,134.08,7.43
2017-02-21,First Class,Home Office,East,Office Supplies,Binders,New York City,7,0.1,400.99,20.2
2017-02-22,Second Class,Consumer,East,Technology,Accessories,Columbus,4,0.1,1489.34,514.75
2017-02-22,First Class,Corporate,East,Office Supplies,Fasteners,New York City,3,0.05,111.46,21.61
2017-02-22,Second Class,Corporate,East,Office Supplies,Envelopes,Columbus,3,0.3,156.89,-0.75
2017-02-22,Standard Class,Corporate,South,Office Supplies,Binders,Charlotte,4,0.0,222.54,38.88
2017-02-22,Second Class,Corporate,West,Furniture,Bookcases,Seattle,6,0.2,662.11,-29.8
2017-02-22,Second Class,Consumer,West,Technology,Copiers,Denver,8,0.1,7327.04,791.13
2017-02-22,Standard Class,Corporate,Central,Technology,Copiers,Minneapolis,1,0.0,300.43,55.11
2017-02-23,Standard Class,Corporate,East,Office Supplies,Envelopes,Columbus,4,0.2,123.81,-6.85
2017-02-23,Standard Class,Consumer,West,Office Supplies,Binders,Seattle,8,0.15,249.06,13.46
2017-02-23,Standard Class,Corporate,West,Furniture,Furnishings,Los Angeles,3,0.3,258.47,-22.03
2017-02-23,First Class,Consumer,East,Office Supplies,Paper,Columbus,2,0.0,139.34,14.91
2017-02-23,Second Class,Home Office,South,Office Supplies,Fasteners,Nashville,3,0.15,174.49,7.1
2017-02-23,First Class,Corporate,South,Office Supplies,Paper,Charlotte,1,0.0,65.2,14.75
2017-02-23,Standard Class,Corporate,West,Furniture,Tables,Denver,3,0.1,219.35,-15.74
2017-02-23,Standard Class,Home Office,Central,Furniture,Chairs,Dallas,8,0.15,1206.91,-2.52
2017-02-23,First Class,Corporate,East,Office Supplies,Fasteners,Boston,8,0.0,783.01,208.83
2017-02-23,Standard Class,Corporate,Central,Furniture,Chairs,Chicago,4,0.0,327.9,49.79
2017-02-23,Standard Class,Home Office,East,Technology,Machines,Boston,8,0.3,1040.22,30.08
2017-02-23,Standard Class,Corporate,South,Furniture,Bookcases,Charlotte,4,0.15,445.52,9.7
2017-02-23,Standard Class,Home Office,Central,Technology,Machines,Houston,9,0.2,1976.66,269.62
2017-02-23,Second Class,Consumer,West,Office Supplies,Fasteners,Denver,5,0.1,400.62,56.62
2017-02-23,Standard Class,Consumer,Central,Office Supplies,Paper,Minneapolis,3,0.0,203.12,44.57
2017-02-24,Standard Class,Consumer,East,Office Supplies,Labels,New York City,6,0.15,396.67,82.69
2017-02-24,Standard Class,Home Office,East,Furniture,Tables,New York City,4,0.0,737.49,15.73
2017-02-24,Standard Class,Consumer,East,Office Supplies,Labels,New York City,8,0.0,268.29,22.51
2017-02-24,Standard Class,Consumer,Central,Office Supplies,Fasteners,Houston,1,0.15,32.27,-0.9
2017-02-24,Standard Class,Consumer,East,Office Supplies,Storage,Philadelphia,7,0.4,140.76,-1.89
2017-02-24,Standard Class,Consumer,East,Office Supplies,Supplies,New York City,9,0.15,916.26,198.17
2017-02-24,Standard Class,Corporate,West,Office Supplies,Labels,Denver,9,0.0,535.95,130.64
2017-02-24,Standard Class,Consumer,West,Office Supplies,Supplies,Los Angeles,6,0.0,668.44,72.26
2017-02-25,Standard Class,Consumer,Central,Furniture,Chairs,Minneapolis,9,0.0,1473.17,130.04
2017-02-25,Second Class,Corporate,East,Office Supplies,Storage,Boston,2,0.15,73.38,7.69
2017-02-25,Standard Class,Corporate,West,Office Supplies,Art,Seattle,6,0.0,227.89,39.51
2017-02-25,Second Class,Home Office,West,Office Supplies,Fasteners,Denver,6,0.0,141.77,22.05
2017-02-25,Standard Class,Consumer,West,Furniture,Chairs,San Francisco,5,0.3,512.12,-14.77
2017-02-26,Standard Class,Consumer,East,Office Supplies,Binders,Philadelphia,4,0.3,277.1,-9.35
2017-02-26,First Class,Home Office,West,Office Supplies,Envelopes,Denver,9,0.1,676.13,133.56
2017-02-26,Standard Class,Corporate,Central,Office Supplies,Paper,Houston,3,0.1,169.33,3.98
2017-02-26,Standard Class,Consumer,East,Office Supplies,Art,Philadelphia,5,0.2,314.12,-8.31
2017-02-26,First Class,Home Office,Central,Office Supplies,Labels,Dallas,3,0.3,177.93,16.49
2017-02-26,Standard Class,Home Office,West,Office Supplies,Paper,Denver,8,0.2,209.76,-0.03
2017-02-26,Standard Class,Corporate,West,Office Supplies,Appliances,Denver,6,0.05,190.87,11.4
2017-02-26,Second Class,Consumer,Central,Office Supplies,Binders,Dallas,6,0.15,367.66,1.95
2017-02-26,Second Class,Consumer,Central,Technology,Phones,Minneapolis,4,0.0,1660.0,181.93
2017-02-26,First Class,Home Office,East,Furniture,Furnishings,Philadelphia,3,0.15,503.83,41.07
2017-02-26,Same Day,Consumer,Central,Furniture,Furnishings,Houston,3,0.2,359.54,-13.12
2017-02-26,Standard Class,Consumer,East,Technology,Accessories,New York City,9,0.1,950.19,231.77
2017-02-26,Standard Class,Corporate,East,Furniture,Bookcases,Boston,2,0.2,345.49,-5.77
2017-02-27,Standard Class,Consumer,Central,Furniture,Furnishings,Houston,7,0.0,2144.36,128.71
2017-02-27,Standard Class,Consumer,West,Office Supplies,Storage,Denver,6,0.0,506.72,78.19
2017-02-27,Second Class,Consumer,East,Furniture,Tables,Philadelphia,8,0.0,1748.53,124.01
2017-02-27,Standard Class,Consumer,Central,Technology,Phones,Minneapolis,8,0.0,1310.2,275.11
2017-02-27,Standard Class,Corporate,East,Furniture,Furnishings,Boston,8,0.3,2600.63,-218.76
2017-02-27,Standard Class,Consumer,West,Office Supplies,Paper,Denver,3,0.15,338.53,23.76
2017-02-28,Standard Class,Consumer,East,Furniture,Bookcases,Boston,3,0.1,1038.14,129.71
2017-02-28,Standard Class,Home Office,Central,Furniture,Chairs,Chicago,8,0.0,1121.53,150.31
2017-02-28,Standard Class,Corporate,Central,Office Supplies,Binders,Dallas,7,0.0,306.69,30.86
2017-02-28,Standard Class,Consumer,South,Furniture,Chairs,Nashville,3,0.05,318.96,12.41
2017-02-28,First Class,Corporate,East,Office Supplies,Storage,New York City,9,0.1,361.21,44.57
2017-02-28,Second Class,Consumer,East,Office Supplies,Labels,Philadelphia,3,0.4,225.06,9.54
2017-02-28,Standard Class,Consumer,East,Office Supplies,Art,Boston,7,0.0,560.39,111.39
2017-03-01,First Class,Consumer,Central,Office Supplies,Art,Minneapolis,4,0.4,72.06,6.99
2017-03-01,Standard Class,Home Office,East,Office Supplies,Envelopes,Columbus,5,0.1,250.5,8.59
2017-03-01,First Class,Corporate,East,Office Supplies,Storage,Boston,1,0.15,36.37,3.6
2017-03-01,Second Class,Corporate,East,Office Supplies,Paper,Philadelphia,5,0.15,466.14,34.75
2017-03-02,Standard Class,Home Office,Central,Office Supplies,Appliances,Minneapolis,7,0.0,437.71,16.16
2017-03-02,Standard Class,Consumer,South,Furniture,Tables,Miami,5,0.1,881.38,52.35
2017-03-02,Second Class,Consumer,Central,Furniture,Bookcases,Houston,1,0.15,229.29,10.07
2017-03-02,Same Day,Corporate,Central,Office Supplies,Labels,Minneapolis,2,0.1,135.96,28.44
2017-03-02,Standard Class,Corporate,East,Office Supplies,Fasteners,Philadelphia,7,0.0,1029.81,153.87
2017-03-02,First Class,Consumer,West,Office Supplies,Fasteners,Seattle,3,0.3,42.91,2.43
2017-03-03,Standard Class,Consumer,South,Office Supplies,Fasteners,Nashville,5,0.05,137.08,24.66
2017-03-03,Second Class,Consumer,South,Furniture,Chairs,Atlanta,1,0.0,172.49,10.78
2017-03-03,First Class,Consumer,Central,Office Supplies,Storage,Minneapolis,2,0.2,127.86,7.8
2017-03-03,Standard Class,Corporate,Central,Technology,Machines,Dallas,4,0.15,857.84,81.79
2017-03-03,First Class,Corporate,East,Office Supplies,Binders,Boston,4,0.0,312.94,51.42
2017-03-03,Standard Class,Corporate,East,Office Supplies,Fasteners,Boston,2,0.0,73.44,17.21
2017-03-03,Standard Class,Home Office,Central,Office Supplies,Storage,Minneapolis,4,0.0,101.87,14.82
2017-03-04,Standard Class,Consumer,Central,Office Supplies,Envelopes,Houston,2,0.05,45.39,2.36
2017-03-04,Second Class,Consumer,Central,Office Supplies,Envelopes,Dallas,4,0.15,410.34,23.72
2017-03-04,First Class,Home Office,South,Office Supplies,Fasteners,Miami,8,0.15,367.49,52.88
2017-03-04,Standard Class,Consumer,West,Office Supplies,Binders,Los Angeles,7,0.2,447.23,23.63
2017-03-04,Standard Class,Consumer,Central,Office Supplies,Supplies,Houston,2,0.15,214.6,19.57
2017-03-04,Standard Class,Corporate,Central,Furniture,Bookcases,Minneapolis,7,0.0,544.53,-24.52
2017-03-04,Same Day,Consumer,East,Technology,Machines,Philadelphia,7,0.4,2333.2,8.09
2017-03-05,Standard Class,Consumer,Central,Office Supplies,Supplies,Chicago,6,0.4,133.41,-2.09
2017-03-05,Second Class,Consumer,Central,Office Supplies,Appliances,Dallas,9,0.0,1113.67,192.22
2017-03-05,Second Class,Consumer,South,Office Supplies,Fasteners,Miami,8,0.05,358.65,10.48
2017-03-06,Standard Class,Home Office,South,Office Supplies,Appliances,Miami,8,0.2,339.52,27.16
2017-03-06,Standard Class,Consumer,East,Office Supplies,Art,Columbus,7,0.1,321.97,77.42
2017-03-06,Standard Class,Corporate,East,Office Supplies,Labels,Philadelphia,3,0.2,233.53,12.74
2017-03-06,Second Class,Corporate,West,Office Supplies,Appliances,Los Angeles,4,0.0,310.24,27.77
2017-03-06,Second Class,Consumer,West,Office Supplies,Binders,Denver,5,0.1,733.34,85.08
2017-03-06,Standard Class,Consumer,East,Office Supplies,Appliances,New York City,5,0.2,261.29,10.72
2017-03-06,Standard Class,Consumer,East,Office Supplies,Fasteners,Columbus,1,0.2,78.67,11.66
2017-03-07,Standard Class,Home Office,West,Office Supplies,Supplies,Seattle,2,0.15,172.83,34.32
2017-03-07,Standard Class,Home Office,South,Office Supplies,Art,Nashville,5,0.0,290.84,25.35
2017-03-07,Second Class,Corporate,Central,Office Supplies,Fasteners,Houston,5,0.0,365.82,27.46
2017-03-08,Standard Class,Consumer,Central,Technology,Phones,Dallas,9,0.15,2183.93,316.9
2017-03-08,First Class,Corporate,West,Office Supplies,Paper,Denver,5,0.0,486.93,62.79
2017-03-08,Standard Class,Consumer,East,Office Supplies,Fasteners,New York City,9,0.15,287.42,-10.32
2017-03-08,Standard Class,Home Office,West,Technology,Copiers,San Francisco,2,0.15,468.0,32.1
2017-03-08,Standard Class,Corporate,South,Office Supplies,Paper,Nashville,8,0.15,140.15,-0.07
2017-03-08,Standard Class,Consumer,East,Office Supplies,Art,New York City,7,0.0,199.94,38.21
2017-03-08,Standard Class,Consumer,Central,Technology,Machines,Minneapolis,3,0.15,1218.63,157.71
2017-03-08,First Class,Corporate,West,Office Supplies,Fasteners,Los Angeles,4,0.0,216.7,40.66
2017-03-08,Same Day,Consumer,Central,Technology,Machines,Chicago,6,0.0,695.56,221.36
2017-03-08,Second Class,Consumer,Central,Office Supplies,Envelopes,Houston,3,0.1,141.59,6.59
2017-03-09,Standard Class,Consumer,West,Furniture,Chairs,Los Angeles,4,0.2,1617.74,-87.43
2017-03-09,First Class,Consumer,South,Office Supplies,Binders,Miami,3,0.2,123.68,13.23
2017-03-09,Standard Class,Home Office,Central,Furniture,Bookcases,Houston,4,0.15,662.42,6.47
2017-03-09,Standard Class,Consumer,Central,Office Supplies,Supplies,Houston,9,0.3,349.19,-38.19
2017-03-09,Second Class,Consumer,Central,Office Supplies,Binders,Chicago,1,0.0,147.22,13.33
2017-03-09,Standard Class,Corporate,West,Office Supplies,Paper,Denver,6,0.0,244.1,40.86
2017-03-10,Standard Class,Corporate,South,Office Supplies,Supplies,Nashville,3,0.2,377.84,2.6
2017-03-10,Standard Class,Corporate,South,Technology,Phones,Charlotte,4,0.2,501.82,3.58
2017-03-10,Standard Class,Consumer,West,Furniture,Tables,San Francisco,6,0.15,1284.44,63.8
2017-03-10,Standard Class,Consumer,West,Office Supplies,Supplies,Seattle,1,0.0,92.62,5.79
2017-03-10,Standard Class,Home Office,Central,Office Supplies,Fasteners,Chicago,4,0.1,169.09,17.76
2017-03-10,First Class,Consumer,South,Technology,Accessories,Miami,2,0.0,433.54,110.3
2017-03-10,Standard Class,Corporate,Central,Office Supplies,Appliances,Minneapolis,7,0.3,125.5,-0.98
2017-03-10,Second Class,Consumer,West,Office Supplies,Fasteners,Denver,2,0.05,69.92,9.55
2017-03-11,Standard Class,Home Office,West,Office Supplies,Binders,Seattle,8,0.3,581.43,46.95
2017-03-11,Standard Class,Corporate,West,Office Supplies,Binders,Seattle,3,0.15,103.37,4.95
2017-03-11,Standard Class,Corporate,West,Technology,Copiers,San Francisco,4,0.2,640.81,53.02
2017-03-11,Standard Class,Home Office,West,Office Supplies,Paper,Los Angeles,3,0.2,157.26,0.67
2017-03-11,First Class,Corporate,East,Office Supplies,Paper,Philadelphia,2,0.4,58.82,-5.02
2017-03-12,Standard Class,Corporate,West,Office Supplies,Paper,Seattle,8,0.2,143.66,5.42
2017-03-12,Standard Class,Corporate,Central,Office Supplies,Labels,Dallas,2,0.2,92.81,2.23
2017-03-12,Standard Class,Corporate,West,Office Supplies,Fasteners,Los Angeles,8,0.2,282.48,-29.69
2017-03-12,Standard Class,Consumer,West,Furniture,Tables,Denver,3,0.2,322.22,9.92
2017-03-12,Standard Class,Consumer,East,Office Supplies,Fasteners,Columbus,3,0.15,292.74,42.19
2017-03-12,Standard Class,Consumer,West,Furniture,Bookcases,Seattle,9,0.3,796.03,-97.03
2017-03-12,First Class,Consumer,East,Technology,Accessories,Philadelphia,7,0.2,1063.4,137.12
2017-03-13,Standard Class,Consumer,Central,Office Supplies,Art,Dallas,5,0.3,220.99,-7.24
2017-03-13,Standard Class,Consumer,East,Office Supplies,Envelopes,Boston,1,0.2,23.04,0.56
2017-03-13,Standard Class,Home Office,East,Office Supplies,Supplies,Philadelphia,5,0.3,125.71,3.43
2017-03-13,Standard Class,Corporate,West,Furniture,Tables,Denver,9,0.3,1069.37,-16.38
2017-03-14,Standard Class,Consumer,East,Office Supplies,Appliances,Philadelphia,2,0.1,68.86,6.38
2017-03-14,Standard Class,Home Office,West,Office Supplies,Storage,Seattle,4,0.3,161.46,2.11
2017-03-14,Standard Class,Consumer,South,Technology,Phones,Nashville,1,0.0,323.43,90.88
2017-03-14,Standard Class,Consumer,West,Furniture,Chairs,Denver,7,0.0,2565.78,18.77
2017-03-14,Standard Class,Consumer,East,Technology,Machines,New York City,8,0.1,2531.52,371.57
2017-03-14,First Class,Home Office,West,Office Supplies,Fasteners,Seattle,3,0.05,314.27,27.82
2017-03-15,Standard Class,Consumer,East,Office Supplies,Storage,Boston,2,0.1,143.23,10.53
2017-03-15,Standard Class,Consumer,East,Technology,Phones,Philadelphia,1,0.2,403.35,61.52
2017-03-15,Same Day,Corporate,South,Furniture,Furnishings,Charlotte,8,0.0,10383.76,1110.73
2017-03-15,Standard Class,Consumer,South,Furniture,Tables,Charlotte,9,0.4,1808.52,-240.61
2017-03-16,Standard Class,Consumer,West,Office Supplies,Fasteners,Denver,5,0.3,106.38,-11.98
2017-03-16,Standard Class,Home Office,South,Technology,Accessories,Nashville,8,0.0,6505.81,889.67
2017-03-16,Second Class,Consumer,West,Office Supplies,Labels,Seattle,6,0.05,323.59,63.8
2017-03-16,Second Class,Consumer,East,Furniture,Tables,Columbus,7,0.0,1162.81,89.89
2017-03-16,Standard Class,Corporate,Central,Office Supplies,Storage,Dallas,2,0.2,69.17,0.81
2017-03-17,Standard Class,Consumer,South,Office Supplies,Envelopes,Nashville,7,0.4,342.44,-24.36
2017-03-17,Standard Class,Consumer,West,Office Supplies,Storage,Los Angeles,8,0.15,258.17,36.52
2017-03-17,Standard Class,Consumer,West,Technology,Phones,Denver,5,0.0,1421.18,177.61
2017-03-17,First Class,Consumer,West,Office Supplies,Paper,Los Angeles,8,0.2,215.04,7.03
2017-03-17,Standard Class,Consumer,Central,Office Supplies,Paper,Chicago,4,0.2,116.3,11.53
2017-03-17,Standard Class,Consumer,Central,Office Supplies,Fasteners,Minneapolis,8,0.3,271.54,-12.05
2017-03-18,Standard Class,Consumer,West,Office Supplies,Binders,Denver,1,0.0,63.02,11.96
2017-03-18,Standard Class,Home Office,West,Technology,Accessories,Seattle,1,0.0,178.09,35.53
2017-03-18,Standard Class,Home Office,West,Furniture,Bookcases,San Francisco,4,0.3,235.66,-18.34
2017-03-18,Standard Class,Consumer,Central,Office Supplies,Labels,Dallas,1,0.15,28.6,-1.6
2017-03-18,Standard Class,Home Office,East,Furniture,Tables,Philadelphia,8,0.05,1097.79,-0.23
2017-03-18,Standard Class,Consumer,East,Office Supplies,Envelopes,New York City,9,0.4,250.61,-21.5
2017-03-18,Standard Class,Consumer,East,Office Supplies,Labels,Philadelphia,7,0.3,350.63,-6.57
2017-03-18,Standard Class,Consumer,Central,Office Supplies,Appliances,Dallas,3,0.15,96.53,10.0
2017-03-18,Standard Class,Home Office,West,Furniture,Bookcases,Denver,8,0.1,2267.93,369.8
2017-03-18,Standard Class,Consumer,East,Office Supplies,Appliances,Boston,6,0.3,371.43,-27.72
2017-03-18,Second Class,Home Office,Central,Office Supplies,Storage,Houston,9,0.2,428.52,7.41
2017-03-19,Standard Class,Consumer,East,Technology,Phones,New York City,7,0.1,908.14,91.81
2017-03-19,First Class,Consumer,South,Technology,Copiers,Nashville,9,0.0,1407.62,180.12
2017-03-19,Standard Class,Consumer,East,Office Supplies,Fasteners,Boston,1,0.2,31.42,-0.59
2017-03-19,Standard Class,Home Office,East,Office Supplies,Labels,Boston,2,0.0,253.2,39.91
2017-03-19,Standard Class,Corporate,Central,Office Supplies,Supplies,Dallas,7,0.15,511.68,49.41
2017-03-19,Second Class,Corporate,West,Technology,Copiers,Los Angeles,8,0.3,432.63,55.95
2017-03-19,First Class,Consumer,East,Office Supplies,Paper,New York City,6,0.15,598.97,57.59
2017-03-19,Standard Class,Consumer,West,Office Supplies,Appliances,Los Angeles,8,0.0,563.33,73.86
2017-03-20,First Class,Consumer,East,Furniture,Tables,New York City,4,0.0,876.23,118.74
2017-03-20,Second Class,Consumer,Central,Office Supplies,Envelopes,Dallas,7,0.1,315.85,41.69
2017-03-20,Standard Class,Corporate,East,Technology,Machines,Columbus,4,0.0,1383.67,428.87
2017-03-20,Second Class,Corporate,East,Office Supplies,Supplies,Boston,8,0.0,350.14,48.22
2017-03-20,Standard Class,Consumer,Central,Office Supplies,Fasteners,Dallas,6,0.0,254.7,29.15
2017-03-20,Second Class,Corporate,South,Office Supplies,Appliances,Miami,6,0.0,184.58,57.89
2017-03-21,First Class,Home Office,South,Office Supplies,Binders,Nashville,2,0.0,181.63,25.36
2017-03-21,Standard Class,Consumer,Central,Furniture,Chairs,Dallas,7,0.2,579.47,-24.78
2017-03-21,Second Class,Corporate,East,Technology,Accessories,New York City,4,0.0,2064.61,441.82
2017-03-21,Same Day,Consumer,South,Office Supplies,Fasteners,Miami,6,0.0,562.93,78.92
2017-03-21,Standard Class,Consumer,Central,Office Supplies,Art,Chicago,9,0.0,609.1,104.51
2017-03-21,Second Class,Home Office,Central,Office Supplies,Fasteners,Dallas,5,0.4,121.69,1.15
2017-03-21,Standard Class,Home Office,South,Technology,Phones,Atlanta,9,0.15,1274.23,136.86
2017-03-21,Standard Class,Corporate,East,Furniture,Bookcases,Philadelphia,2,0.05,295.14,23.83
2017-03-21,Standard Class,Consumer,West,Office Supplies,Art,Los Angeles,9,0.0,600.46,124.68
2017-03-22,First Class,Consumer,Central,Furniture,Tables,Houston,2,0.0,177.3,20.62
2017-03-22,Standard Class,Corporate,Central,Office Supplies,Appliances,Dallas,9,0.3,165.45,-8.08
2017-03-22,Second Class,Consumer,East,Office Supplies,Appliances,New York City,9,0.15,547.92,84.73
2017-03-22,Second Class,Corporate,East,Office Supplies,Supplies,New York City,7,0.3,119.19,-2.51
2017-03-22,Standard Class,Home Office,South,Office Supplies,Labels,Charlotte,1,0.1,31.14,2.75
2017-03-23,Standard Class,Consumer,Central,Office Supplies,Paper,Chicago,5,0.0,110.89,17.15
2017-03-23,Standard Class,Corporate,Central,Office Supplies,Fasteners,Houston,8,0.2,380.7,17.1
2017-03-23,Standard Class,Corporate,Central,Office Supplies,Envelopes,Chicago,9,0.2,150.88,-3.88
2017-03-23,Standard Class,Consumer,West,Office Supplies,Envelopes,Los Angeles,3,0.1,124.04,6.92
2017-03-23,Standard Class,Corporate,East,Technology,Copiers,New York City,2,0.15,340.9,36.77
2017-03-23,Standard Class,Corporate,West,Office Supplies,Fasteners,San Francisco,1,0.15,72.15,2.71
2017-03-23,First Class,Home Office,East,Office Supplies,Appliances,Boston,3,0.1,119.45,15.14
2017-03-23,Standard Class,Consumer,West,Office Supplies,Labels,Los Angeles,7,0.2,273.38,10.31
2017-03-24,Standard Class,Consumer,West,Office Supplies,Supplies,San Francisco,6,0.0,276.4,30.2
2017-03-24,Standard Class,Consumer,Central,Office Supplies,Paper,Dallas,4,0.0,98.92,5.95
2017-03-24,Second Class,Consumer,South,Office Supplies,Storage,Charlotte,4,0.0,357.25,80.84
2017-03-24,Second Class,Corporate,West,Technology,Phones,Los Angeles,7,0.3,674.83,22.89
2017-03-24,Standard Class,Home Office,East,Technology,Phones,Philadelphia,5,0.2,975.5,70.98
2017-03-24,First Class,Consumer,West,Furniture,Bookcases,San Francisco,5,0.1,324.52,14.82
2017-03-24,Standard Class,Consumer,East,Office Supplies,Supplies,Philadelphia,6,0.0,1077.16,229.82
2017-03-24,Standard Class,Corporate,South,Technology,Phones,Nashville,9,0.0,2753.93,525.87
2017-03-25,Standard Class,Consumer,East,Office Supplies,Appliances,Columbus,5,0.15,159.54,13.34
2017-03-25,Same Day,Consumer,Central,Office Supplies,Labels,Chicago,9,0.2,1295.65,-18.3
2017-03-25,Standard Class,Consumer,West,Office Supplies,Appliances,San Francisco,1,0.3,70.76,-2.99
2017-03-25,Standard Class,Consumer,West,Technology,Accessories,San Francisco,1,0.0,340.76,75.45
2017-03-25,Standard Class,Consumer,Central,Office Supplies,Supplies,Chicago,1,0.2,34.27,3.34
2017-03-25,Standard Class,Consumer,East,Office Supplies,Labels,Boston,2,0.0,298.65,23.52
2017-03-25,Standard Class,Consumer,East,Office Supplies,Supplies,Boston,4,0.05,281.78,37.86
2017-03-25,First Class,Consumer,West,Office Supplies,Labels,San Francisco,1,0.1,41.93,3.66
2017-03-25,Standard Class,Home Office,West,Furniture,Bookcases,San Francisco,1,0.2,74.13,2.98
2017-03-25,First Class,Corporate,Central,Office Supplies,Supplies,Minneapolis,4,0.0,159.14,29.27
2017-03-25,First Class,Consumer,Central,Office Supplies,Binders,Houston,9,0.0,774.97,82.05
2017-03-25,Standard Class,Consumer,East,Technology,Copiers,Philadelphia,2,0.15,347.52,11.93
2017-03-25,Standard Class,Corporate,Central,Furniture,Bookcases,Houston,7,0.05,385.19,30.11
2017-03-26,Standard Class,Home Office,South,Office Supplies,Paper,Charlotte,6,0.0,539.27,73.39
2017-03-26,Standard Class,Corporate,Central,Office Supplies,Appliances,Minneapolis,3,0.1,167.46,7.79
2017-03-26,Standard Class,Home Office,South,Technology,Copiers,Miami,4,0.0,433.53,71.8
2017-03-26,Standard Class,Corporate,South,Furniture,Bookcases,Miami,2,0.0,663.93,49.92
2017-03-26,Second Class,Consumer,West,Office Supplies,Envelopes,Denver,3,0.4,97.64,-15.98
2017-03-26,First Class,Home Office,East,Office Supplies,Appliances,Philadelphia,6,0.0,468.23,85.48
2017-03-26,Same Day,Home Office,Central,Office Supplies,Paper,Dallas,5,0.2,78.86,12.33
2017-03-26,Standard Class,Corporate,Central,Office Supplies,Storage,Dallas,2,0.0,172.98,35.35
2017-03-27,Standard Class,Consumer,Central,Technology,Accessories,Houston,2,0.1,776.36,146.18
2017-03-27,Standard Class,Corporate,West,Technology,Phones,Los Angeles,7,0.3,2138.46,-133.02
2017-03-27,Standard Class,Corporate,West,Technology,Machines,Seattle,2,0.2,191.16,28.15
2017-03-27,Standard Class,Consumer,East,Office Supplies,Storage,Philadelphia,8,0.2,261.6,24.06
2017-03-28,Standard Class,Corporate,East,Office Supplies,Storage,New York City,5,0.0,159.9,26.46
2017-03-28,Standard Class,Corporate,East,Technology,Machines,Boston,2,0.0,241.87,33.12
2017-03-28,First Class,Consumer,East,Office Supplies,Envelopes,Philadelphia,9,0.2,228.7,20.44
2017-03-28,Standard Class,Consumer,East,Technology,Accessories,Philadelphia,1,0.15,188.23,7.1
2017-03-28,Standard Class,Corporate,Central,Technology,Machines,Houston,3,0.1,633.43,43.29
2017-03-28,Second Class,Consumer,East,Furniture,Chairs,Philadelphia,5,0.2,606.33,-54.44
2017-03-28,Standard Class,Consumer,Central,Furniture,Furnishings,Chicago,5,0.1,447.23,-15.13
2017-03-28,Standard Class,Consumer,West,Technology,Accessories,San Francisco,5,0.2,941.28,13.71
2017-03-28,Second Class,Home Office,Central,Office Supplies,Storage,Minneapolis,2,0.0,163.01,16.06
2017-03-28,Standard Class,Corporate,East,Furniture,Bookcases,Columbus,7,0.2,1418.28,-49.8
2017-03-29,Standard Class,Home Office,West,Furniture,Furnishings,Denver,6,0.15,517.95,-25.0
2017-03-29,Standard Class,Consumer,West,Technology,Machines,San Francisco,9,0.2,5573.07,509.18
2017-03-29,Second Class,Consumer,West,Office Supplies,Appliances,Denver,5,0.0,142.04,31.0
2017-03-29,Same Day,Home Office,South,Office Supplies,Art,Atlanta,2,0.1,31.67,4.4
2017-03-29,Second Class,Consumer,Central,Office Supplies,Storage,Minneapolis,2,0.2,58.62,-0.93
2017-03-29,Standard Class,Home Office,Central,Furniture,Furnishings,Houston,5,0.1,983.48,100.97
2017-03-29,First Class,Corporate,South,Furniture,Furnishings,Atlanta,3,0.2,545.77,-41.38
2017-03-29,Standard Class,Corporate,West,Office Supplies,Fasteners,Seattle,3,0.3,225.65,-1.93
2017-03-30,Second Class,Consumer,East,Office Supplies,Art,New York City,6,0.2,379.69,-4.32
2017-03-30,First Class,Consumer,East,Office Supplies,Envelopes,Boston,6,0.0,375.83,56.85
2017-03-30,Standard Class,Consumer,Central,Office Supplies,Paper,Dallas,1,0.15,49.85,3.68
2017-03-30,Second Class,Consumer,South,Technology,Phones,Miami,8,0.3,2370.25,263.96
2017-03-30,Standard Class,Consumer,West,Office Supplies,Fasteners,Los Angeles,3,0.2,90.21,0.43
2017-03-30,Standard Class,Consumer,Central,Technology,Accessories,Dallas,1,0.0,775.44,235.32
2017-03-30,Standard Class,Consumer,Central,Furniture,Chairs,Minneapolis,8,0.0,1003.7,52.65
2017-03-30,Standard Class,Consumer,East,Office Supplies,Envelopes,New York City,1,0.05,174.03,17.6
2017-03-30,Standard Class,Consumer,West,Technology,Machines,Los Angeles,1,0.0,573.34,147.74
2017-03-30,First Class,Home Office,East,Technology,Accessories,New York City,6,0.1,1384.33,250.92
2017-03-31,Standard Class,Corporate,East,Office Supplies,Labels,Columbus,4,0.15,369.52,38.99
2017-03-31,Standard Class,Consumer,Central,Office Supplies,Art,Houston,3,0.0,79.52,2.02
2017-03-31,Second Class,Consumer,East,Furniture,Chairs,New York City,8,0.4,416.89,-92.06
2017-03-31,Standard Class,Corporate,East,Technology,Machines,Philadelphia,3,0.0,562.66,49.81
2017-04-01,Standard Class,Consumer,Central,Technology,Accessories,Chicago,4,0.4,690.69,-33.35
2017-04-01,Standard Class,Consumer,West,Technology,Phones,Los Angeles,5,0.0,2681.3,678.42
2017-04-01,Standard Class,Consumer,Central,Furniture,Furnishings,Dallas,5,0.1,881.33,64.49
2017-04-01,Standard Class,Consumer,East,Office Supplies,Supplies,New York City,9,0.0,444.37,57.86
2017-04-02,Same Day,Consumer,Central,Office Supplies,Art,Minneapolis,6,0.0,377.88,56.45
2017-04-02,Standard Class,Consumer,West,Office Supplies,Binders,Denver,6,0.2,315.2,12.68
2017-04-02,First Class,Consumer,Central,Office Supplies,Supplies,Minneapolis,4,0.1,546.85,48.31
2017-04-02,Second Class,Consumer,West,Technology,Machines,Los Angeles,5,0.3,1693.73,-14.83
2017-04-02,First Class,Consumer,Central,Technology,Machines,Houston,7,0.2,992.77,-13.87
2017-04-02,Second Class,Consumer,Central,Office Supplies,Supplies,Minneapolis,2,0.0,199.61,17.09
2017-04-02,Standard Class,Home Office,East,Office Supplies,Labels,Columbus,1,0.0,100.19,14.8
2017-04-03,Second Class,Consumer,West,Office Supplies,Binders,Los Angeles,7,0.0,287.43,81.06
2017-04-03,Standard Class,Home Office,West,Office Supplies,Binders,Denver,7,0.0,267.62,26.8
2017-04-03,Second Class,Corporate,West,Office Supplies,Labels,Seattle,7,0.2,152.99,0.04
2017-04-03,Standard Class,Consumer,West,Office Supplies,Envelopes,Seattle,1,0.2,119.81,-2.53
2017-04-03,Standard Class,Corporate,West,Office Supplies,Binders,Los Angeles,9,0.1,545.18,30.13
2017-04-04,Standard Class,Corporate,Central,Office Supplies,Supplies,Houston,5,0.0,231.91,38.76
2017-04-04,Second Class,Corporate,West,Office Supplies,Fasteners,Los Angeles,7,0.4,190.27,-5.44
2017-04-04,Standard Class,Home Office,South,Technology,Accessories,Charlotte,1,0.15,604.57,32.46
2017-04-04,Standard Class,Consumer,West,Office Supplies,Supplies,Seattle,7,0.2,268.77,25.02
2017-04-04,Standard Class,Consumer,Central,Office Supplies,Binders,Houston,4,0.3,173.92,-7.66
2017-04-04,Standard Class,Consumer,South,Furniture,Chairs,Atlanta,6,0.0,451.61,63.18
2017-04-05,Standard Class,Consumer,West,Office Supplies,Supplies,Los Angeles,5,0.1,124.01,14.79
2017-04-05,Standard Class,Consumer,East,Office Supplies,Supplies,Boston,6,0.0,330.04,44.17
2017-04-05,Second Class,Consumer,West,Office Supplies,Envelopes,Denver,2,0.0,60.51,12.6
2017-04-05,Standard Class,Home Office,West,Office Supplies,Supplies,Denver,5,0.1,324.19,28.64
2017-04-05,Standard Class,Consumer,East,Office Supplies,Storage,Philadelphia,9,0.2,596.79,-7.35
2017-04-05,Standard Class,Home Office,East,Technology,Accessories,New York City,7,0.0,4318.45,379.92
2017-04-06,Standard Class,Consumer,East,Office Supplies,Envelopes,Philadelphia,3,0.2,130.4,15.13
2017-04-06,Standard Class,Consumer,East,Office Supplies,Storage,Boston,3,0.1,236.2,41.15
2017-04-06,Standard Class,Corporate,East,Furniture,Furnishings,New York City,9,0.4,1235.02,-157.44
2017-04-06,Second Class,Consumer,East,Office Supplies,Supplies,Philadelphia,4,0.1,117.53,19.61
2017-04-06,Standard Class,Corporate,West,Office Supplies,Art,Denver,1,0.15,44.3,2.29
2017-04-06,Standard Class,Consumer,West,Office Supplies,Appliances,Seattle,2,0.05,57.85,4.54
2017-04-06,Standard Class,Consumer,East,Office Supplies,Supplies,New York City,6,0.0,410.87,66.39
2017-04-07,Standard Class,Consumer,South,Office Supplies,Envelopes,Nashville,7,0.1,320.75,35.37
2017-04-07,Standard Class,Consumer,West,Office Supplies,Appliances,Denver,4,0.2,159.91,4.67
2017-04-07,First Class,Corporate,Central,Office Supplies,Labels,Houston,5,0.0,245.77,55.89
2017-04-07,Standard Class,Consumer,Central,Office Supplies,Fasteners,Dallas,9,0.0,235.55,44.17
2017-04-07,First Class,Home Office,West,Furniture,Chairs,Seattle,6,0.0,1206.69,85.07
2017-04-07,Second Class,Home Office,Central,Office Supplies,Supplies,Houston,5,0.3,298.93,7.79
2017-04-07,Standard Class,Consumer,Central,Office Supplies,Envelopes,Houston,2,0.2,144.79,-2.6
2017-04-07,First Class,Corporate,East,Office Supplies,Binders,Columbus,4,0.0,200.41,40.88
2017-04-07,First Class,Consumer,South,Office Supplies,Labels,Miami,7,0.1,674.45,-0.39
2017-04-07,Second Class,Home Office,West,Office Supplies,Appliances,Denver,3,0.4,243.25,-16.16
2017-04-07,First Class,Home Office,South,Office Supplies,Appliances,Nashville,1,0.1,41.47,7.47
2017-04-08,Second Class,Corporate,Central,Office Supplies,Fasteners,Houston,8,0.0,330.46,44.25
2017-04-08,Standard Class,Consumer,West,Office Supplies,Supplies,Los Angeles,9,0.15,483.8,4.24
2017-04-08,Standard Class,Consumer,Central,Office Supplies,Art,Chicago,4,0.1,186.94,12.24
2017-04-08,Second Class,Corporate,Central,Office Supplies,Supplies,Minneapolis,4,0.05,169.2,6.38
2017-04-08,Standard Class,Corporate,East,Technology,Machines,Philadelphia,3,0.2,459.26,52.01
2017-04-09,Second Class,Home Office,East,Office Supplies,Supplies,Columbus,7,0.0,613.73,130.42
2017-04-09,First Class,Home Office,East,Furniture,Chairs,Columbus,6,0.0,238.93,36.18
2017-04-09,First Class,Consumer,East,Furniture,Chairs,Philadelphia,5,0.3,1259.44,-45.73
2017-04-09,Standard Class,Home Office,East,Technology,Phones,Philadelphia,8,0.0,2571.14,569.62
2017-04-09,,Consumer,East,Furniture,Bookcases,Boston,1,0.15,200.26,3.15
2017-04-09,Standard Class,Consumer,West,Office Supplies,Paper,San Francisco,9,0.05,245.42,9.87
2017-04-09,Standard Class,Home Office,Central,Technology,Accessories,Minneapolis,9,0.15,1758.31,233.9
2017-04-09,Second Class,Consumer,Central,Furniture,Tables,Chicago,1,0.1,156.71,12.44
2017-04-09,Second Class,Consumer,Central,Office Supplies,Appliances,Houston,3,0.15,64.01,2.33
2017-04-10,Standard Class,Consumer,East,Office Supplies,Labels,Boston,3,0.2,56.85,7.65
2017-04-10,Standard Class,Consumer,Central,Office Supplies,Fasteners,Houston,8,0.3,272.23,6.99
2017-04-10,Standard Class,Home Office,Central,Furniture,Bookcases,Minneapolis,4,0.1,1099.91,-28.41
2017-04-10,Standard Class,Consumer,East,Office Supplies,Supplies,Philadelphia,1,0.0,38.52,2.49
2017-04-10,First Class,Home Office,West,Furniture,Tables,Seattle,9,0.3,1237.16,-167.83
2017-04-10,Standard Class,Consumer,West,Technology,Phones,San Francisco,2,0.4,231.42,-9.97
2017-04-10,Standard Class,Consumer,East,Office Supplies,Labels,New York City,6,0.0,141.53,21.1
2017-04-10,Second Class,Consumer,West,Furniture,Bookcases,Los Angeles,5,0.0,576.14,113.11
2017-04-10,Standard Class,Corporate,East,Furniture,Chairs,Philadelphia,6,0.2,992.93,83.88
2017-04-10,Second Class,Consumer,West,Office Supplies,Supplies,Denver,9,0.2,344.35,0.08
2017-04-11,Second Class,Home Office,East,Furniture,Bookcases,Philadelphia,5,0.2,338.58,1.37
2017-04-11,Standard Class,Home Office,East,Office Supplies,Paper,Columbus,3,0.05,144.58,22.79
2017-04-11,First Class,Corporate,East,Technology,Accessories,Boston,2,0.1,292.3,36.4
2017-04-12,Standard Class,Consumer,Central,Technology,Accessories,Minneapolis,9,0.3,1429.62,46.29
2017-04-12,Second Class,Home Office,East,Office Supplies,Paper,Philadelphia,3,0.15,108.31,9.37
2017-04-12,Standard Class,Consumer,Central,Office Supplies,Envelopes,Dallas,2,0.2,52.04,-1.29
2017-04-12,Standard Class,Consumer,South,Office Supplies,Art,Miami,8,0.2,780.15,30.19
2017-04-12,Standard Class,Corporate,West,Technology,Copiers,Denver,9,0.2,1458.45,206.46
2017-04-13,Standard Class,Consumer,Central,Technology,Copiers,Dallas,8,0.15,3292.5,492.51
2017-04-13,Standard Class,Home Office,East,Office Supplies,Art,Philadelphia,9,0.2,448.08,25.62
2017-04-13,Standard Class,Corporate,East,Office Supplies,Labels,Columbus,7,0.2,127.88,1.63
2017-04-13,Standard Class,Corporate,South,Furniture,Bookcases,Charlotte,8,0.3,647.76,-61.02
2017-04-13,Standard Class,Corporate,East,Office Supplies,Paper,Columbus,7,0.2,250.86,8.68
2017-04-14,Same Day,Corporate,East,Office Supplies,Labels,New York City,3,0.1,180.75,8.69
2017-04-14,Standard Class,Consumer,Central,Office Supplies,Envelopes,Dallas,6,0.0,385.09,19.02
2017-04-14,Standard Class,Consumer,West,Office Supplies,Fasteners,Los Angeles,9,0.1,403.15,15.76
2017-04-14,Standard Class,Consumer,East,Office Supplies,Envelopes,Boston,6,0.4,335.37,-47.61
2017-04-14,First Class,Consumer,East,Technology,Accessories,New York City,2,0.0,251.78,30.54
2017-04-14,Second Class,Consumer,West,Office Supplies,Supplies,Denver,2,0.2,62.53,5.16
2017-04-14,Second Class,Corporate,South,Office Supplies,Storage,Charlotte,1,0.1,11.9,-0.17
2017-04-14,Standard Class,Consumer,East,Technology,Copiers,Philadelphia,1,0.2,212.59,4.34
2017-04-15,First Class,Consumer,South,Technology,Machines,Nashville,8,0.2,441.11,31.93
2017-04-15,Standard Class,Corporate,East,Furniture,Tables,Columbus,5,0.1,600.9,15.48
2017-04-15,Standard Class,Home Office,East,Office Supplies,Binders,Columbus,2,0.05,129.0,2.61
2017-04-15,Standard Class,Consumer,West,Furniture,Chairs,Seattle,1,0.1,446.92,13.79
2017-04-16,Standard Class,Corporate,West,Office Supplies,Storage,Denver,9,0.0,347.93,25.44
2017-04-16,Second Class,Corporate,West,Office Supplies,Art,San Francisco,5,0.05,225.16,48.07
2017-04-16,First Class,Consumer,East,Office Supplies,Fasteners,New York City,2,0.0,84.97,12.9
2017-04-16,Standard Class,Home Office,West,Furniture,Furnishings,Seattle,9,0.05,1128.55,-121.28
2017-04-17,Standard Class,Consumer,Central,Office Supplies,Labels,Minneapolis,8,0.0,265.03,23.97
2017-04-17,Standard Class,Consumer,West,Technology,Phones,San Francisco,9,0.1,1070.72,159.33
2017-04-17,First Class,Consumer,East,Furniture,Tables,Philadelphia,4,0.1,461.17,-21.74
2017-04-17,Standard Class,Consumer,Central,Furniture,Bookcases,Minneapolis,5,0.0,407.15,21.2
2017-04-17,First Class,Home Office,West,Office Supplies,Binders,Seattle,7,0.15,651.64,8.94
2017-04-17,Standard Class,Consumer,West,Office Supplies,Binders,Seattle,8,0.1,260.46,21.11
2017-04-17,Standard Class,Home Office,Central,Furniture,Furnishings,Minneapolis,4,0.15,597.15,40.0
2017-04-17,Second Class,Consumer,East,Office Supplies,Paper,Philadelphia,6,0.15,342.13,18.59
2017-04-17,Standard Class,Consumer,South,Office Supplies,Envelopes,Miami,8,0.15,602.99,88.56
2017-04-17,First Class,Consumer,Central,Office Supplies,Appliances,Houston,6,0.2,204.8,13.6
2017-04-17,Second Class,Home Office,Central,Office Supplies,Storage,Chicago,4,0.15,407.68,24.74
2017-04-17,First Class,Consumer,East,Furniture,Chairs,Boston,8,0.3,2158.84,55.55
2017-04-18,Standard Class,Consumer,East,Furniture,Chairs,Boston,1,0.3,198.89,-6.95
2017-04-18,Same Day,Consumer,East,Office Supplies,Labels,New York City,9,0.0,257.12,45.77
2017-04-18,First Class,Corporate,West,Office Supplies,Storage,Los Angeles,3,0.1,184.92,9.81
2017-04-18,First Class,Consumer,East,Furniture,Furnishings,Philadelphia,4,0.0,759.08,39.13
2017-04-18,Standard Class,Home Office,West,Technology,Copiers,Seattle,5,0.0,1066.59,334.76
2017-04-18,Same Day,Consumer,South,Technology,Accessories,Charlotte,4,0.1,1194.13,183.8
2017-04-18,Standard Class,Consumer,West,Technology,Copiers,San Francisco,4,0.0,808.29,245.25
2017-04-18,Standard Class,Corporate,West,Office Supplies,Supplies,San Francisco,5,0.2,181.29,-0.83
2017-04-19,Standard Class,Home Office,East,Office Supplies,Storage,New York City,3,0.1,153.32,20.38
2017-04-19,First Class,Corporate,East,Furniture,Chairs,Boston,9,0.0,1839.71,212.42
2017-04-19,Standard Class,Home Office,Central,Office Supplies,Envelopes,Chicago,3,0.15,244.14,18.9
2017-04-19,Standard Class,Corporate,South,Office Supplies,Appliances,Atlanta,4,0.15,349.28,17.91
2017-04-19,Standard Class,Consumer,East,Office Supplies,Art,New York City,4,0.0,52.02,11.26
2017-04-19,First Class,Consumer,South,Office Supplies,Storage,Nashville,6,0.2,327.58,8.58
2017-04-19,Standard Class,Consumer,Central,Technology,Copiers,Dallas,9,0.0,3536.31,552.62
2017-04-19,First Class,Home Office,West,Furniture,Bookcases,Seattle,4,0.0,351.87,30.83
2017-04-19,Standard Class,Consumer,South,Technology,Accessories,Nashville,2,0.05,341.15,78.28
2017-04-19,Standard Class,Corporate,West,Office Supplies,Paper,San Francisco,9,0.1,168.07,23.55
2017-04-20,First Class,Corporate,West,Office Supplies,Envelopes,Los Angeles,9,0.1,320.46,54.59
2017-04-20,Same Day,Consumer,Central,Office Supplies,Supplies,Minneapolis,8,0.1,470.05,117.55
2017-04-20,Second Class,Consumer,East,Technology,Machines,Philadelphia,9,0.0,1972.63,469.52
2017-04-20,Standard Class,Consumer,Central,Furniture,Tables,Minneapolis,7,0.0,2434.02,387.56
2017-04-20,Same Day,Corporate,Central,Furniture,Bookcases,Houston,1,0.2,356.83,-9.7
2017-04-20,First Class,Consumer,East,Office Supplies,Storage,New York City,6,0.3,135.68,0.32
2017-04-21,Second Class,Consumer,West,Office Supplies,Labels,Seattle,2,0.0,38.82,7.26
2017-04-21,Second Class,Home Office,West,Office Supplies,Paper,San Francisco,8,0.05,325.98,53.8
2017-04-21,Standard Class,Consumer,Central,Technology,Copiers,Houston,4,0.05,421.29,78.21
2017-04-21,First Class,Corporate,East,Office Supplies,Appliances,Columbus,4,0.0,458.24,73.53
2017-04-21,Same Day,Corporate,Central,Office Supplies,Art,Dallas,6,0.1,120.8,13.14
2017-04-21,Standard Class,Consumer,West,Office Supplies,Storage,Seattle,1,0.05,164.01,33.51
2017-04-21,Standard Class,Corporate,West,Furniture,Bookcases,Seattle,8,0.0,2085.66,79.3
2017-04-22,Second Class,Corporate,West,Technology,Phones,San Francisco,9,0.2,1126.91,65.21
2017-04-22,Standard Class,Home Office,West,Technology,Copiers,Los Angeles,7,0.1,3424.86,781.32
2017-04-22,Second Class,Consumer,East,Office Supplies,Labels,Boston,9,0.15,361.59,63.82
2017-04-22,Second Class,Corporate,Central,Furniture,Furnishings,Dallas,5,0.05,493.03,-36.02
2017-04-22,First Class,Corporate,West,Technology,Phones,Los Angeles,6,0.0,2264.93,538.56
2017-04-23,Standard Class,Corporate,South,Furniture,Tables,Nashville,4,0.2,756.43,1.93
2017-04-23,Standard Class,Consumer,Central,Office Supplies,Fasteners,Dallas,6,0.05,174.52,27.97
2017-04-23,Second Class,Home Office,East,Office Supplies,Appliances,New York City,6,0.1,247.13,46.39
2017-04-23,First Class,Consumer,East,Furniture,Bookcases,Boston,6,0.4,182.63,-28.68
2017-04-23,Second Class,Home Office,East,Furniture,Chairs,Philadelphia,1,0.0,152.0,-2.12
2017-04-23,First Class,Consumer,West,Technology,Copiers,Denver,3,0.2,1247.52,128.23
2017-04-23,Same Day,Corporate,Central,Office Supplies,Binders,Houston,2,0.0,54.11,3.03
2017-04-23,First Class,Consumer,West,Technology,Copiers,Los Angeles,2,0.0,358.53,66.14
2017-04-24,Standard Class,Consumer,South,Office Supplies,Labels,Miami,2,0.2,116.11,3.4
2017-04-24,Standard Class,Corporate,West,Furniture,Chairs,Seattle,7,0.2,788.02,-64.55
2017-04-24,Same Day,Corporate,West,Furniture,Tables,Los Angeles,1,0.2,95.91,-11.06
2017-04-24,Standard Class,Consumer,West,Furniture,Furnishings,Seattle,1,0.0,177.37,31.31
2017-04-24,Second Class,Consumer,East,Furniture,Chairs,Philadelphia,2,0.0,679.67,45.05
2017-04-24,Second Class,Consumer,West,Office Supplies,Binders,Los Angeles,6,0.05,181.35,42.71
2017-04-24,Second Class,Consumer,West,Office Supplies,Binders,Seattle,6,0.0,249.33,55.86
2017-04-24,Same Day,Consumer,East,Technology,Phones,Philadelphia,2,0.0,1011.47,149.58
2017-04-24,Standard Class,Consumer,East,Technology,Accessories,Philadelphia,7,0.0,1395.33,343.04
2017-04-24,Second Class,Home Office,South,Office Supplies,Paper,Charlotte,1,0.2,42.46,2.2
2017-04-25,,Home Office,Central,Office Supplies,Storage,Minneapolis,4,0.05,307.33,43.37
2017-04-25,Standard Class,Home Office,East,Technology,Copiers,New York City,4,0.05,705.16,168.54
2017-04-25,Second Class,Home Office,East,Office Supplies,Fasteners,Philadelphia,6,0.0,196.3,25.51
2017-04-25,Standard Class,Corporate,Central,Office Supplies,Storage,Dallas,4,0.2,405.79,-8.77
2017-04-25,Standard Class,Consumer,East,Technology,Machines,Boston,5,0.0,2187.8,420.75
2017-04-25,Second Class,Consumer,South,Office Supplies,Storage,Atlanta,5,0.15,221.27,12.9
2017-04-26,Standard Class,Consumer,South,Office Supplies,Storage,Miami,3,0.2,70.73,-1.51
2017-04-26,Second Class,Corporate,West,Office Supplies,Binders,Los Angeles,7,0.2,311.81,24.92
2017-04-26,Standard Class,Corporate,East,Office Supplies,Binders,Columbus,7,0.0,1254.73,189.17
2017-04-26,Standard Class,Consumer,East,Office Supplies,Supplies,Boston,3,0.0,328.12,62.8
2017-04-26,Second Class,Consumer,South,Furniture,Chairs,Miami,7,0.4,427.78,-38.84
2017-04-26,Standard Class,Corporate,East,Office Supplies,Labels,Boston,2,0.2,36.13,-0.4
2017-04-26,First Class,Consumer,West,Office Supplies,Paper,San Francisco,2,0.05,89.56,13.91
2017-04-26,Standard Class,Consumer,West,Technology,Phones,Denver,6,0.2,2093.41,381.57
2017-04-26,Standard Class,Consumer,West,Office Supplies,Art,Los Angeles,1,0.2,48.5,-1.66
2017-04-27,Same Day,Home Office,East,Furniture,Bookcases,Columbus,3,0.0,714.19,68.8
2017-04-27,Standard Class,Home Office,Central,Furniture,Tables,Houston,4,0.4,491.64,-37.68
2017-04-27,Standard Class,Consumer,Central,Office Supplies,Labels,Minneapolis,6,0.15,210.21,22.14
2017-04-27,Standard Class,Consumer,East,Furniture,Tables,Columbus,8,0.2,610.38,-20.79
2017-04-27,Standard Class,Consumer,East,Office Supplies,Appliances,Columbus,5,0.0,133.35,15.63
2017-04-28,Standard Class,Home Office,Central,Office Supplies,Fasteners,Houston,9,0.0,350.48,41.39
2017-04-28,First Class,Corporate,Central,Furniture,Chairs,Chicago,7,0.3,1056.11,-83.51
2017-04-28,Standard Class,Consumer,West,Technology,Accessories,Denver,4,0.4,692.4,81.77
2017-04-28,Standard Class,Consumer,East,Office Supplies,Appliances,Columbus,5,0.1,124.7,16.5
2017-04-28,First Class,Home Office,East,Office Supplies,Binders,Columbus,2,0.15,35.51,-1.01
2017-04-28,Second Class,Corporate,South,Furniture,Chairs,Nashville,2,0.2,378.03,0.56
2017-04-29,First Class,Corporate,East,Office Supplies,Labels,Boston,1,0.2,37.99,8.13
2017-04-29,Second Class,Home Office,Central,Technology,Accessories,Houston,5,0.05,358.47,86.55
2017-04-29,Standard Class,Home Office,East,Office Supplies,Labels,Columbus,2,0.0,81.47,11.09
2017-04-30,First Class,Consumer,Central,Office Supplies,Labels,Minneapolis,3,0.3,135.2,-6.34
2017-04-30,First Class,Consumer,West,Office Supplies,Storage,Los Angeles,3,0.0,140.64,6.99
2017-04-30,Standard Class,Consumer,South,Office Supplies,Binders,Nashville,8,0.15,312.85,29.74
2017-04-30,Standard Class,Consumer,Central,Technology,Phones,Chicago,3,0.2,256.32,22.75
2017-04-30,Standard Class,Consumer,Central,Technology,Accessories,Minneapolis,2,0.2,227.7,36.08
2017-04-30,Standard Class,Consumer,West,Furniture,Chairs,San Francisco,2,0.2,302.71,9.5
2017-04-30,Standard Class,Consumer,South,Technology,Accessories,Miami,8,0.1,4026.58,411.23
2017-05-01,First Class,Consumer,Central,Furniture,Furnishings,Chicago,1,0.1,140.32,1.79
2017-05-01,First Class,Corporate,East,Office Supplies,Supplies,Philadelphia,6,0.2,162.44,6.21
2017-05-01,First Class,Home Office,East,Furniture,Furnishings,New York City,8,0.2,824.36,102.37
2017-05-01,First Class,Consumer,East,Office Supplies,Storage,Columbus,3,0.0,123.35,16.06
2017-05-01,Standard Class,Consumer,South,Office Supplies,Envelopes,Nashville,8,0.0,340.52,66.91
2017-05-01,First Class,Consumer,West,Furniture,Furnishings,Los Angeles,4,0.0,515.57,41.31
2017-05-01,Second Class,Corporate,West,Furniture,Chairs,Los Angeles,2,0.15,330.32,12.64
2017-05-01,Same Day,Corporate,West,Office Supplies,Paper,Seattle,5,0.2,79.2,5.4
2017-05-02,Standard Class,Consumer,East,Office Supplies,Art,Columbus,8,0.15,779.01,104.18
2017-05-02,Standard Class,Corporate,Central,Office Supplies,Supplies,Houston,7,0.2,336.61,34.41
2017-05-02,Second Class,Consumer,South,Office Supplies,Storage,Miami,8,0.1,312.21,40.22
2017-05-02,Same Day,Consumer,West,Office Supplies,Binders,Denver,5,0.1,236.38,-2.0
2017-05-03,Standard Class,Consumer,East,Office Supplies,Storage,Columbus,4,0.1,91.86,12.22
2017-05-03,Second Class,Consumer,Central,Office Supplies,Paper,Houston,7,0.0,668.89,93.59
2017-05-03,Standard Class,Consumer,East,Technology,Copiers,Columbus,3,0.2,617.54,-10.63
2017-05-03,Same Day,Consumer,East,Technology,Phones,Boston,5,0.2,1286.58,223.62
2017-05-03,Standard Class,Corporate,East,Office Supplies,Paper,Philadelphia,8,0.0,644.17,49.29
2017-05-03,Standard Class,Home Office,West,Technology,Accessories,Denver,5,0.2,890.89,63.67
2017-05-03,First Class,Home Office,Central,Office Supplies,Fasteners,Dallas,1,0.05,87.11,5.34
2017-05-03,Standard Class,Consumer,East,Furniture,Chairs,New York City,2,0.3,400.72,-62.23
2017-05-03,Standard Class,Corporate,West,Technology,Accessories,Denver,8,0.2,471.54,33.02
2017-05-03,Second Class,Consumer,West,Office Supplies,Labels,Denver,7,0.2,277.35,29.91
2017-05-03,First Class,Consumer,West,Office Supplies,Envelopes,Seattle,2,0.2,112.43,6.5
2017-05-03,Same Day,Home Office,West,Technology,Copiers,San Francisco,2,0.1,701.43,146.36
2017-05-04,Standard Class,Corporate,West,Office Supplies,Appliances,San Francisco,9,0.15,657.12,0.63
2017-05-04,Standard Class,Consumer,East,Office Supplies,Supplies,Philadelphia,9,0.1,315.05,56.98
2017-05-04,Standard Class,Home Office,South,Technology,Copiers,Miami,7,0.3,1157.55,-32.58
2017-05-04,Second Class,Consumer,Central,Office Supplies,Appliances,Chicago,9,0.15,359.55,64.68
2017-05-04,First Class,Corporate,Central,Office Supplies,Binders,Houston,3,0.3,209.98,0.43
2017-05-04,Standard Class,Home Office,West,Technology,Machines,Los Angeles,9,0.0,1626.45,267.84
2017-05-04,Standard Class,Consumer,West,Furniture,Furnishings,Seattle,2,0.05,1664.99,20.05
2017-05-05,Same Day,Consumer,West,Furniture,Tables,Seattle,8,0.1,677.57,40.13
2017-05-05,Standard Class,Corporate,Central,Office Supplies,Paper,Houston,4,0.15,78.96,7.99
2017-05-05,First Class,Consumer,East,Furniture,Furnishings,Philadelphia,1,0.15,313.51,28.31
2017-05-05,Standard Class,Consumer,Central,Office Supplies,Supplies,Chicago,2,0.0,68.71,15.32
2017-05-06,Standard Class,Corporate,West,Office Supplies,Binders,Los Angeles,6,0.2,300.92,20.39
2017-05-06,Standard Class,Consumer,West,Office Supplies,Fasteners,San Francisco,1,0.1,82.6,12.73
2017-05-06,Standard Class,Consumer,East,Office Supplies,Labels,New York City,1,0.3,25.09,0.64
2017-05-06,Standard Class,Home Office,West,Office Supplies,Fasteners,Denver,3,0.3,61.09,1.39
2017-05-06,Standard Class,Consumer,East,Office Supplies,Appliances,Boston,7,0.15,567.08,16.65
2017-05-06,Standard Class,Home Office,West,Technology,Machines,San Francisco,6,0.0,1134.44,190.32
2017-05-06,Standard Class,Consumer,West,Furniture,Furnishings,Los Angeles,8,0.0,746.04,57.26
2017-05-07,Standard Class,Home Office,West,Office Supplies,Appliances,Seattle,3,0.2,251.47,20.07
2017-05-07,Standard Class,Corporate,West,Office Supplies,Labels,San Francisco,8,0.4,637.57,-45.36
2017-05-07,First Class,Consumer,Central,Technology,Phones,Chicago,4,0.0,558.39,82.85
2017-05-07,Standard Class,Consumer,Central,Office Supplies,Storage,Minneapolis,7,0.15,579.75,41.36
2017-05-07,Second Class,Corporate,South,Office Supplies,Art,Miami,8,0.0,635.74,88.74
2017-05-07,Standard Class,Home Office,West,Office Supplies,Binders,Denver,7,0.05,809.55,105.13
2017-05-07,Same Day,Corporate,East,Office Supplies,Envelopes,Columbus,9,0.2,784.07,77.22
2017-05-09,Second Class,Consumer,West,Office Supplies,Envelopes,Seattle,5,0.4,259.23,-39.77
2017-05-09,Second Class,Consumer,Central,Furniture,Furnishings,Minneapolis,5,0.0,2488.56,413.4
2017-05-09,Second Class,Corporate,West,Office Supplies,Paper,Los Angeles,9,0.05,394.19,-3.05
2017-05-09,First Class,Consumer,South,Technology,Copiers,Nashville,4,0.4,349.83,-17.53
2017-05-09,Second Class,Consumer,West,Technology,Phones,Los Angeles,5,0.15,4057.94,203.11
2017-05-09,Standard Class,Corporate,Central,Office Supplies,Paper,Dallas,3,0.1,249.73,27.35
2017-05-10,Second Class,Consumer,South,Furniture,Furnishings,Atlanta,4,0.2,464.72,-33.47
2017-05-10,First Class,Corporate,South,Office Supplies,Fasteners,Charlotte,3,0.0,93.22,13.63
2017-05-10,Second Class,Corporate,Central,Technology,Phones,Chicago,5,0.15,754.44,90.57
2017-05-10,Standard Class,Corporate,Central,Office Supplies,Binders,Houston,2,0.2,80.82,7.67
2017-05-10,Standard Class,Home Office,South,Office Supplies,Storage,Nashville,4,0.4,179.66,-7.62
2017-05-10,Standard Class,Consumer,South,Office Supplies,Fasteners,Miami,7,0.1,234.96,49.26
2017-05-10,Second Class,Consumer,West,Furniture,Chairs,San Francisco,5,0.4,386.33,-37.44
2017-05-11,First Class,Consumer,East,Office Supplies,Storage,Boston,6,0.3,263.88,-3.77
2017-05-11,Standard Class,Consumer,East,Furniture,Tables,Philadelphia,2,0.2,635.74,-58.7
2017-05-11,Second Class,Home Office,East,Technology,Accessories,Philadelphia,6,0.1,997.99,139.18
2017-05-11,Standard Class,Consumer,Central,Office Supplies,Binders,Chicago,6,0.0,288.8,39.5
2017-05-11,Standard Class,Consumer,West,Technology,Copiers,Los Angeles,2,0.1,218.42,38.47
2017-05-11,Standard Class,Home Office,West,Office Supplies,Labels,Los Angeles,3,0.15,138.39,17.04
2017-05-11,Standard Class,Corporate,West,Office Supplies,Envelopes,San Francisco,2,0.2,211.35,0.85
2017-05-11,Standard Class,Consumer,East,Technology,Accessories,Columbus,5,0.05,1911.01,361.93
2017-05-11,Standard Class,Consumer,East,Office Supplies,Art,Columbus,7,0.2,130.12,12.81
2017-05-11,Second Class,Consumer,West,Office Supplies,Storage,San Francisco,7,0.1,1412.62,240.32
2017-05-12,First Class,Consumer,West,Technology,Accessories,Denver,9,0.0,1023.1,105.65
2017-05-12,Same Day,Consumer,West,Office Supplies,Supplies,Denver,7,0.2,428.76,-4.4
2017-05-12,Standard Class,Home Office,Central,Office Supplies,Storage,Dallas,7,0.2,174.6,14.98
2017-05-12,Standard Class,Consumer,West,Office Supplies,Appliances,Denver,3,0.15,151.79,27.77
2017-05-12,First Class,Corporate,South,Office Supplies,Paper,Nashville,4,0.0,65.39,10.82
2017-05-12,Standard Class,Home Office,South,Technology,Copiers,Nashville,4,0.05,876.44,98.12
2017-05-12,Second Class,Corporate,East,Technology,Phones,Columbus,7,0.05,1799.38,333.74
2017-05-12,Second Class,Consumer,Central,Office Supplies,Fasteners,Dallas,4,0.05,283.91,45.68
2017-05-12,Standard Class,Consumer,South,Office Supplies,Storage,Atlanta,2,0.1,64.93,9.08
2017-05-12,First Class,Consumer,Central,Office Supplies,Fasteners,Houston,6,0.1,239.28,10.73
2017-05-13,First Class,Consumer,East,Office Supplies,Fasteners,Columbus,5,0.3,191.58,-2.72
2017-05-13,Standard Class,Corporate,Central,Office Supplies,Appliances,Houston,8,0.15,550.59,6.72
2017-05-13,First Class,Consumer,South,Office Supplies,Paper,Miami,9,0.1,449.53,54.84
2017-05-13,Standard Class,Corporate,Central,Technology,Accessories,Houston,1,0.15,438.78,20.36
2017-05-13,Second Class,Home Office,South,Office Supplies,Art,Nashville,1,0.2,39.68,-0.98
2017-05-13,Standard Class,Corporate,Central,Office Supplies,Fasteners,Minneapolis,3,0.1,150.4,18.97
2017-05-13,Standard Class,Corporate,East,Furniture,Tables,New York City,7,0.0,2014.43,118.44
2017-05-14,Standard Class,Home Office,East,Furniture,Furnishings,Boston,6,0.2,936.4,-35.6
2017-05-14,Standard Class,Consumer,West,Office Supplies,Supplies,Seattle,9,0.0,618.82,53.38
2017-05-14,Standard Class,Consumer,East,Office Supplies,Paper,Philadelphia,9,0.2,280.98,-4.38
2017-05-14,Same Day,Consumer,Central,Office Supplies,Paper,Minneapolis,7,0.3,182.8,-9.51
2017-05-14,Standard Class,Consumer,East,Furniture,Chairs,Columbus,5,0.0,646.53,101.19
2017-05-14,Standard Class,Home Office,Central,Office Supplies,Fasteners,Chicago,9,0.15,213.61,40.43
2017-05-15,First Class,Consumer,East,Office Supplies,Envelopes,Columbus,2,0.4,56.19,-3.47
2017-05-15,Second Class,Consumer,South,Technology,Accessories,Charlotte,2,0.1,196.8,35.42
2017-05-15,Standard Class,Consumer,South,Office Supplies,Storage,Charlotte,8,0.0,628.67,136.97
2017-05-15,Standard Class,Corporate,East,Furniture,Chairs,New York City,6,0.2,350.03,-35.76
2017-05-15,Second Class,Corporate,East,Office Supplies,Appliances,New York City,2,0.0,30.03,5.04
2017-05-15,Second Class,Consumer,Central,Furniture,Bookcases,Houston,5,0.1,1186.14,132.67
2017-05-16,Standard Class,Corporate,East,Office Supplies,Supplies,Philadelphia,4,0.15,230.46,41.6
2017-05-16,Standard Class,Consumer,West,Furniture,Furnishings,Seattle,3,0.3,549.62,-67.24
2017-05-16,Standard Class,Consumer,West,Technology,Copiers,Los Angeles,9,0.1,2266.28,464.09
2017-05-16,Standard Class,Home Office,East,Furniture,Tables,New York City,2,0.15,1168.29,13.17
2017-05-16,First Class,Consumer,South,Office Supplies,Labels,Atlanta,2,0.0,314.33,61.15
2017-05-16,Standard Class,Corporate,South,Office Supplies,Appliances,Miami,9,0.1,939.32,106.28
2017-05-17,Second Class,Corporate,East,Furniture,Bookcases,Boston,4,0.05,943.32,73.25
2017-05-17,Standard Class,Consumer,South,Furniture,Furnishings,Charlotte,9,0.2,2282.98,-48.45
2017-05-18,Standard Class,Consumer,Central,Office Supplies,Fasteners,Chicago,8,0.0,240.37,36.02
2017-05-18,Standard Class,Corporate,West,Office Supplies,Paper,Los Angeles,5,0.05,296.22,43.69
2017-05-18,First Class,Consumer,Central,Furniture,Bookcases,Minneapolis,2,0.05,530.25,-42.51
2017-05-18,Standard Class,Corporate,West,Furniture,Tables,Seattle,8,0.15,1472.47,4.71
2017-05-19,Standard Class,Corporate,West,Office Supplies,Envelopes,Los Angeles,6,0.05,265.68,54.27
2017-05-19,Standard Class,Corporate,West,Office Supplies,Labels,Seattle,5,0.3,292.27,-30.09
2017-05-19,Second Class,Home Office,East,Furniture,Bookcases,Boston,2,0.0,323.51,43.11
2017-05-19,Same Day,Consumer,East,Furniture,Bookcases,Philadelphia,3,0.15,1365.03,-108.8
2017-05-19,Standard Class,Consumer,South,Office Supplies,Supplies,Atlanta,6,0.2,159.84,16.97
2017-05-20,Standard Class,Consumer,Central,Office Supplies,Fasteners,Minneapolis,9,0.2,232.51,-6.01
2017-05-20,First Class,Consumer,South,Office Supplies,Supplies,Charlotte,6,0.0,307.98,25.81
2017-05-20,Second Class,Consumer,East,Office Supplies,Appliances,Philadelphia,8,0.1,258.54,31.74
2017-05-20,Standard Class,Consumer,East,Office Supplies,Envelopes,Boston,3,0.2,93.37,6.45
2017-05-20,Standard Class,Home Office,East,Office Supplies,Storage,Philadelphia,1,0.2,66.35,6.11
2017-05-20,Second Class,Consumer,Central,Office Supplies,Fasteners,Chicago,6,0.3,115.16,2.99
2017-05-20,Second Class,Consumer,East,Office Supplies,Fasteners,Columbus,8,0.15,655.6,69.35
2017-05-20,Standard Class,Consumer,South,Office Supplies,Labels,Nashville,1,0.2,41.3,4.6
2017-05-21,Standard Class,Consumer,South,Office Supplies,Envelopes,Charlotte,9,0.2,418.86,-10.25
2017-05-21,Standard Class,Corporate,East,Office Supplies,Fasteners,New York City,6,0.3,378.99,24.69
2017-05-21,Second Class,Consumer,West,Office Supplies,Supplies,San Francisco,3,0.1,318.42,40.9
2017-05-21,Second Class,Corporate,East,Office Supplies,Envelopes,Boston,2,0.05,130.83,6.48
2017-05-21,Same Day,Corporate,South,Furniture,Furnishings,Miami,2,0.1,773.8,3.68
2017-05-21,Second Class,Consumer,East,Office Supplies,Storage,New York City,5,0.1,336.69,32.26
2017-05-22,First Class,Home Office,East,Furniture,Chairs,Boston,2,0.4,327.23,-58.07
2017-05-22,First Class,Home Office,Central,Office Supplies,Envelopes,Dallas,6,0.2,345.68,29.87
2017-05-22,Standard Class,Consumer,Central,Furniture,Furnishings,Houston,2,0.0,189.16,7.76
2017-05-22,Standard Class,Corporate,West,Technology,Machines,Denver,5,0.0,1250.17,298.2
2017-05-22,Same Day,Corporate,East,Technology,Copiers,Columbus,4,0.2,1039.27,116.67
2017-05-22,Standard Class,Corporate,West,Office Supplies,Storage,San Francisco,5,0.0,218.65,31.8
2017-05-23,Standard Class,Consumer,East,Furniture,Bookcases,New York City,4,0.0,393.63,53.22
2017-05-23,Standard Class,Home Office,West,Technology,Copiers,Seattle,1,0.15,152.69,12.33
2017-05-23,Standard Class,Corporate,East,Office Supplies,Supplies,Boston,2,0.0,84.12,14.59
2017-05-23,Standard Class,Corporate,West,Technology,Accessories,San Francisco,8,0.05,3536.81,265.41
2017-05-23,Standard Class,Consumer,West,Technology,Accessories,Seattle,2,0.2,978.14,115.78
2017-05-24,Standard Class,Home Office,South,Technology,Accessories,Nashville,7,0.15,895.3,73.24
2017-05-24,Standard Class,Consumer,South,Furniture,Furnishings,Atlanta,9,0.0,2792.16,423.5
2017-05-24,Second Class,Consumer,Central,Office Supplies,Art,Chicago,9,0.2,562.24,41.39
2017-05-24,Standard Class,Consumer,East,Furniture,Chairs,New York City,6,0.05,694.07,-8.31
2017-05-25,Standard Class,Consumer,East,Office Supplies,Binders,New York City,9,0.1,506.26,69.32
2017-05-25,Standard Class,Home Office,South,Furniture,Chairs,Charlotte,9,0.0,1418.32,320.38
2017-05-25,Standard Class,Consumer,West,Office Supplies,Fasteners,San Francisco,2,0.15,130.72,23.35
2017-05-25,Standard Class,Consumer,South,Office Supplies,Fasteners,Miami,9,0.2,1596.37,132.9
2017-05-25,Standard Class,Consumer,South,Office Supplies,Paper,Nashville,2,0.05,113.81,9.14
2017-05-25,Standard Class,Consumer,South,Technology,Accessories,Charlotte,1,0.15,151.91,9.17
2017-05-25,Standard Class,Consumer,West,Technology,Accessories,San Francisco,3,0.0,361.49,112.62
2017-05-25,Second Class,Corporate,South,Technology,Machines,Atlanta,7,0.15,2242.87,15.16
2017-05-25,Second Class,Consumer,Central,Office Supplies,Envelopes,Chicago,3,0.0,125.27,31.16
2017-05-25,Second Class,Consumer,Central,Furniture,Chairs,Houston,6,0.1,969.51,137.23
2017-05-25,Standard Class,Consumer,Central,Office Supplies,Envelopes,Chicago,9,0.15,146.5,16.39
2017-05-26,Second Class,Consumer,Central,Technology,Machines,Minneapolis,2,0.0,719.29,229.67
2017-05-26,Second Class,Corporate,West,Technology,Phones,San Francisco,3,0.15,228.26,56.79
2017-05-26,Second Class,Consumer,West,Office Supplies,Envelopes,Denver,6,0.15,326.91,35.46
2017-05-26,Standard Class,Consumer,East,Technology,Accessories,Boston,4,0.0,337.64,105.2
2017-05-26,Standard Class,Consumer,South,Office Supplies,Paper,Atlanta,9,0.1,165.63,8.89
2017-05-26,Standard Class,Consumer,Central,Office Supplies,Binders,Houston,6,0.3,155.95,-11.55
2017-05-26,Second Class,Home Office,East,Technology,Copiers,Boston,5,0.0,1084.97,259.03
2017-05-27,Standard Class,Consumer,Central,Furniture,Tables,Minneapolis,6,0.2,766.65,-77.79
2017-05-27,Standard Class,Consumer,South,Office Supplies,Labels,Atlanta,2,0.05,82.27,9.05
2017-05-27,Standard Class,Corporate,West,Furniture,Bookcases,Los Angeles,7,0.2,1094.92,-101.82
2017-05-27,First Class,Home Office,East,Office Supplies,Binders,Columbus,6,0.0,343.96,57.05
2017-05-27,Standard Class,Consumer,West,Technology,Phones,Denver,8,0.0,3274.02,724.44
2017-05-27,Standard Class,Home Office,West,Office Supplies,Envelopes,San Francisco,7,0.15,394.05,2.91
2017-05-27,Second Class,Consumer,West,Technology,Phones,San Francisco,7,0.1,2122.12,420.71
2017-05-27,First Class,Consumer,South,Office Supplies,Binders,Atlanta,2,0.0,107.89,20.73
2017-05-27,Standard Class,Corporate,West,Furniture,Furnishings,San Francisco,9,0.0,656.76,74.34
2017-05-28,Standard Class,Consumer,Central,Technology,Copiers,Dallas,6,0.2,1792.77,159.28
2017-05-28,Second Class,Home Office,East,Technology,Copiers,Philadelphia,8,0.2,2068.11,320.62
2017-05-28,Standard Class,Corporate,East,Office Supplies,Binders,Columbus,6,0.4,164.3,-5.22
2017-05-28,Standard Class,Consumer,East,Office Supplies,Appliances,New York City,9,0.2,373.19,7.42
2017-05-28,Standard Class,Consumer,Central,Technology,Accessories,Houston,8,0.1,2531.08,417.46
2017-05-29,Standard Class,Home Office,East,Technology,Accessories,Columbus,2,0.0,901.67,205.84
2017-05-29,Standard Class,Consumer,West,Office Supplies,Storage,San Francisco,2,0.15,45.25,0.61
2017-05-29,Standard Class,Consumer,West,Office Supplies,Paper,Denver,1,0.4,98.25,-7.62
2017-05-29,Second Class,Consumer,East,Office Supplies,Paper,New York City,1,0.1,40.58,4.46
2017-05-29,Second Class,Consumer,West,Office Supplies,Storage,Los Angeles,3,0.1,55.63,4.21
2017-05-29,Second Class,Consumer,South,Technology,Phones,Miami,3,0.05,1060.62,169.18
2017-05-29,Standard Class,Consumer,West,Office Supplies,Art,Seattle,6,0.2,456.18,92.69
2017-05-29,Standard Class,Home Office,East,Furniture,Tables,Columbus,1,0.2,103.99,-0.17
2017-05-29,Same Day,Home Office,West,Office Supplies,Storage,San Francisco,7,0.1,144.88,24.95
2017-05-30,Standard Class,Consumer,West,Office Supplies,Envelopes,Seattle,5,0.1,347.27,67.55
2017-05-30,Standard Class,Consumer,West,Furniture,Furnishings,San Francisco,7,0.1,1032.65,-167.06
2017-05-30,Standard Class,Corporate,Central,Office Supplies,Binders,Chicago,2,0.1,90.7,4.08
2017-05-30,First Class,Corporate,East,Office Supplies,Fasteners,Boston,7,0.05,525.14,66.61
2017-05-31,Same Day,Consumer,Central,Office Supplies,Envelopes,Houston,2,0.0,94.22,12.61
2017-05-31,Standard Class,Corporate,East,Office Supplies,Fasteners,Columbus,6,0.2,283.44,-5.86
2017-05-31,First Class,Home Office,Central,Technology,Copiers,Minneapolis,7,0.0,664.26,203.31
2017-05-31,Standard Class,Corporate,South,Technology,Copiers,Miami,4,0.15,1318.32,176.22
2017-05-31,Second Class,Corporate,West,Office Supplies,Supplies,Los Angeles,3,0.1,471.2,77.0
2017-05-31,Standard Class,Home Office,Central,Office Supplies,Appliances,Dallas,8,0.3,106.95,6.44
2017-05-31,Standard Class,Consumer,Central,Office Supplies,Envelopes,Minneapolis,4,0.0,611.06,61.94
2017-05-31,Standard Class,Corporate,West,Office Supplies,Appliances,Los Angeles,3,0.0,217.86,27.93
2017-06-01,First Class,Consumer,South,Office Supplies,Art,Nashville,7,0.0,359.41,61.11
2017-06-01,Standard Class,Consumer,West,Office Supplies,Envelopes,Seattle,8,0.0,773.98,155.42
2017-06-01,First Class,Home Office,West,Technology,Machines,Los Angeles,5,0.2,1030.53,-39.56
2017-06-01,Second Class,Consumer,Central,Technology,Accessories,Chicago,5,0.1,1612.52,332.34
2017-06-01,Standard Class,Consumer,East,Office Supplies,Storage,Philadelphia,4,0.05,199.4,34.18
2017-06-01,Standard Class,Corporate,West,Technology,Copiers,Los Angeles,9,0.0,3618.92,583.71
2017-06-02,Standard Class,Consumer,West,Furniture,Tables,San Francisco,6,0.2,599.66,-39.3
2017-06-02,Second Class,Consumer,Central,Furniture,Tables,Minneapolis,8,0.15,291.83,4.05
2017-06-02,Second Class,Consumer,West,Office Supplies,Binders,Seattle,8,0.0,310.31,41.29
2017-06-02,First Class,Corporate,Central,Office Supplies,Art,Dallas,1,0.15,49.89,6.57
2017-06-02,Standard Class,Home Office,South,Technology,Accessories,Miami,2,0.2,285.75,44.37
2017-06-03,First Class,Consumer,Central,Furniture,Furnishings,Houston,4,0.0,500.64,32.83
2017-06-03,First Class,Consumer,West,Technology,Accessories,San Francisco,3,0.05,447.45,144.64
2017-06-03,Standard Class,Consumer,South,Office Supplies,Appliances,Nashville,2,0.0,557.85,39.07
2017-06-03,Standard Class,Corporate,Central,Office Supplies,Fasteners,Houston,8,0.2,115.25,1.19
2017-06-03,Standard Class,Corporate,Central,Furniture,Chairs,Minneapolis,4,0.1,927.12,-9.8
2017-06-03,Second Class,Home Office,South,Office Supplies,Binders,Nashville,8,0.1,564.09,42.08
2017-06-03,Second Class,Consumer,South,Office Supplies,Art,Charlotte,5,0.4,129.91,-9.06
2017-06-04,Second Class,Consumer,Central,Office Supplies,Supplies,Dallas,5,0.0,273.06,43.42
2017-06-04,Standard Class,Home Office,Central,Office Supplies,Supplies,Houston,2,0.1,182.63,15.54
2017-06-04,First Class,Consumer,West,Furniture,Furnishings,San Francisco,1,0.0,172.78,8.21
2017-06-04,First Class,Corporate,South,Office Supplies,Paper,Atlanta,7,0.0,927.2,103.34
2017-06-04,Standard Class,Consumer,Central,Office Supplies,Supplies,Dallas,8,0.15,293.09,44.64
2017-06-04,Second Class,Corporate,West,Technology,Copiers,Denver,6,0.4,720.48,29.31
2017-06-04,Standard Class,Consumer,West,Office Supplies,Envelopes,Seattle,7,0.1,114.05,7.12
2017-06-04,Standard Class,Corporate,West,Office Supplies,Envelopes,San Francisco,9,0.15,672.43,-24.44
2017-06-04,Standard Class,Consumer,East,Office Supplies,Storage,New York City,6,0.3,322.23,13.91
2017-06-04,First Class,Consumer,East,Office Supplies,Labels,Columbus,3,0.0,95.82,18.9
2017-06-04,Second Class,Corporate,South,Furniture,Furnishings,Atlanta,5,0.4,1335.57,-40.81
2017-06-04,First Class,Corporate,East,Technology,Accessories,Columbus,9,0.4,3001.8,382.45
2017-06-04,Second Class,Corporate,West,Furniture,Chairs,San Francisco,8,0.1,1436.17,110.85
2017-06-04,Standard Class,Home Office,South,Office Supplies,Labels,Miami,5,0.15,271.87,12.7
2017-06-04,Second Class,Consumer,South,Technology,Machines,Charlotte,4,0.0,1408.83,333.14
2017-06-05,Standard Class,Corporate,Central,Furniture,Tables,Chicago,9,0.4,789.36,-174.67
2017-06-05,Standard Class,Consumer,West,Office Supplies,Fasteners,Los Angeles,8,0.2,152.67,-8.42
2017-06-05,Standard Class,Home Office,South,Office Supplies,Fasteners,Charlotte,4,0.05,392.47,5.3
2017-06-05,Standard Class,Home Office,West,Furniture,Chairs,Los Angeles,7,0.2,765.71,11.61
2017-06-05,Standard Class,Consumer,East,Office Supplies,Supplies,New York City,1,0.0,69.04,10.82
2017-06-05,Standard Class,Home Office,East,Office Supplies,Supplies,Philadelphia,6,0.2,810.91,3.37
2017-06-05,Same Day,Consumer,West,Furniture,Furnishings,San Francisco,1,0.05,198.71,3.46
2017-06-05,Standard Class,Consumer,East,Furniture,Tables,New York City,6,0.15,859.3,-11.36
2017-06-05,Standard Class,Corporate,Central,Office Supplies,Appliances,Minneapolis,5,0.3,282.25,-6.22
2017-06-06,Second Class,Corporate,Central,Technology,Copiers,Dallas,1,0.15,229.05,57.84
2017-06-06,Second Class,Consumer,Central,Technology,Machines,Chicago,4,0.1,1121.41,149.89
2017-06-06,Standard Class,Consumer,East,Office Supplies,Labels,New York City,6,0.2,259.09,16.62
2017-06-06,Standard Class,Consumer,Central,Office Supplies,Paper,Chicago,3,0.0,143.47,28.54
2017-06-06,Same Day,Consumer,West,Technology,Phones,Denver,2,0.2,404.41,9.02
2017-06-06,Standard Class,Consumer,Central,Office Supplies,Storage,Minneapolis,6,0.3,219.06,9.17
2017-06-07,Same Day,Consumer,Central,Office Supplies,Appliances,Dallas,1,0.15,29.76,3.41
2017-06-07,Second Class,Corporate,South,Office Supplies,Labels,Atlanta,2,0.3,64.52,5.94
2017-06-07,Second Class,Consumer,West,Technology,Phones,Denver,5,0.1,1176.09,278.91
2017-06-07,Standard Class,Corporate,Central,Office Supplies,Art,Dallas,6,0.2,641.04,59.33
2017-06-07,Second Class,Corporate,West,Technology,Machines,Los Angeles,9,0.15,2017.35,252.44
2017-06-07,Same Day,Home Office,West,Furniture,Chairs,Seattle,7,0.1,1435.96,147.68
2017-06-08,Same Day,Consumer,West,Office Supplies,Labels,San Francisco,1,0.15,27.54,4.57
2017-06-08,Second Class,Home Office,Central,Office Supplies,Supplies,Dallas,5,0.2,100.35,5.22
2017-06-08,Standard Class,Corporate,South,Furniture,Furnishings,Nashville,7,0.05,823.01,85.54
2017-06-08,Standard Class,Home Office,Central,Furniture,Tables,Dallas,5,0.0,521.8,83.02
2017-06-08,Standard Class,Consumer,East,Office Supplies,Binders,Philadelphia,3,0.0,138.79,24.13
2017-06-08,Second Class,Corporate,West,Office Supplies,Appliances,Denver,6,0.15,503.18,41.11
2017-06-08,First Class,Consumer,Central,Office Supplies,Binders,Houston,1,0.3,84.86,0.79
2017-06-08,Standard Class,Home Office,West,Furniture,Tables,Los Angeles,6,0.0,1575.63,-23.33
2017-06-08,Standard Class,Consumer,East,Office Supplies,Paper,New York City,5,0.1,113.79,18.21
2017-06-08,Standard Class,Corporate,East,Office Supplies,Binders,New York City,5,0.2,473.74,56.58
2017-06-08,Second Class,Home Office,West,Office Supplies,Art,Seattle,8,0.05,249.76,36.16
2017-06-09,Second Class,Consumer,South,Office Supplies,Paper,Nashville,7,0.2,508.08,17.59
2017-06-09,Standard Class,Consumer,South,Office Supplies,Labels,Miami,1,0.0,74.13,11.22
2017-06-09,Standard Class,Corporate,East,Furniture,Bookcases,New York City,8,0.15,528.81,-6.6
2017-06-09,Second Class,Consumer,West,Technology,Accessories,San Francisco,6,0.15,728.89,55.81
2017-06-09,First Class,Consumer,East,Office Supplies,Binders,New York City,7,0.1,578.56,34.9
2017-06-09,Standard Class,Consumer,Central,Office Supplies,Storage,Chicago,1,0.05,47.0,7.68
2017-06-09,Standard Class,Home Office,Central,Office Supplies,Envelopes,Minneapolis,1,0.2,30.57,0.59
2017-06-10,First Class,Corporate,West,Office Supplies,Envelopes,San Francisco,9,0.1,1427.39,163.16
2017-06-10,Standard Class,Consumer,East,Office Supplies,Envelopes,Boston,7,0.0,412.58,84.19
2017-06-10,Same Day,Corporate,South,Office Supplies,Supplies,Miami,2,0.1,48.32,2.85
2017-06-10,Second Class,Consumer,West,Office Supplies,Labels,San Francisco,2,0.1,60.63,9.67
2017-06-10,Standard Class,Consumer,Central,Furniture,Tables,Minneapolis,6,0.0,812.14,114.44
2017-06-10,Standard Class,Corporate,South,Technology,Accessories,Nashville,4,0.0,1172.34,177.99
2017-06-11,Second Class,Consumer,West,Office Supplies,Storage,Denver,6,0.0,462.23,58.89
2017-06-11,Standard Class,Consumer,Central,Office Supplies,Labels,Minneapolis,6,0.0,186.3,20.84
2017-06-11,Standard Class,Consumer,South,Office Supplies,Paper,Charlotte,9,0.2,477.1,26.53
2017-06-11,Same Day,Corporate,Central,Technology,Phones,Chicago,8,0.0,3058.41,1064.38
2017-06-11,Standard Class,Corporate,West,Office Supplies,Labels,Los Angeles,4,0.0,70.71,14.15
2017-06-11,Second Class,Home Office,Central,Technology,Copiers,Chicago,2,0.1,380.75,51.17
2017-06-11,First Class,Home Office,South,Office Supplies,Paper,Nashville,8,0.15,143.57,4.63
2017-06-11,First Class,Corporate,East,Furniture,Tables,Philadelphia,7,0.0,760.55,117.69
2017-06-11,First Class,Corporate,Central,Office Supplies,Supplies,Dallas,9,0.1,262.14,40.74
2017-06-11,Standard Class,Consumer,West,Furniture,Bookcases,San Francisco,5,0.3,368.08,-38.77
2017-06-11,Second Class,Consumer,Central,Office Supplies,Appliances,Houston,4,0.0,151.85,15.41
2017-06-12,Second Class,Consumer,East,Office Supplies,Envelopes,New York City,7,0.15,100.48,-2.64
2017-06-12,Standard Class,Consumer,South,Office Supplies,Fasteners,Miami,9,0.0,417.39,63.59
2017-06-12,Standard Class,Home Office,Central,Technology,Machines,Minneapolis,2,0.2,476.29,18.52
2017-06-12,Standard Class,Home Office,West,Technology,Accessories,Seattle,7,0.0,2664.43,315.51
2017-06-12,Standard Class,Home Office,West,Office Supplies,Paper,Seattle,8,0.1,263.8,23.83
2017-06-13,Same Day,Consumer,East,Office Supplies,Paper,New York City,6,0.1,801.56,80.17
2017-06-13,Standard Class,Corporate,West,Office Supplies,Envelopes,Seattle,9,0.0,1299.08,271.18
2017-06-13,First Class,Home Office,West,Office Supplies,Binders,Seattle,2,0.4,88.58,-2.21
2017-06-13,Standard Class,Consumer,West,Office Supplies,Labels,Seattle,3,0.0,223.04,39.39
2017-06-13,Standard Class,Consumer,East,Office Supplies,Appliances,Columbus,7,0.05,305.86,15.54
2017-06-14,Second Class,Corporate,West,Office Supplies,Paper,Seattle,1,0.15,61.9,2.33
2017-06-14,Same Day,Corporate,East,Furniture,Tables,Boston,5,0.15,946.55,23.74
2017-06-14,Second Class,Consumer,South,Office Supplies,Binders,Atlanta,8,0.0,513.08,117.75
2017-06-14,Second Class,Home Office,East,Office Supplies,Appliances,New York City,6,0.15,343.16,50.02
2017-06-14,Standard Class,Home Office,West,Furniture,Bookcases,Denver,4,0.15,1858.93,-60.87
2017-06-14,Standard Class,Corporate,West,Office Supplies,Binders,Denver,8,0.0,201.95,39.65
2017-06-14,Standard Class,Corporate,South,Furniture,Bookcases,Atlanta,5,0.05,797.62,-16.77
2017-06-15,Second Class,Consumer,Central,Office Supplies,Supplies,Houston,9,0.0,433.17,64.16
2017-06-15,Second Class,Home Office,South,Office Supplies,Envelopes,Miami,8,0.2,363.36,-20.8
2017-06-16,First Class,Corporate,East,Office Supplies,Fasteners,New York City,4,0.05,674.55,151.79
2017-06-16,Standard Class,Consumer,Central,Office Supplies,Art,Houston,7,0.0,591.3,33.45
2017-06-16,Second Class,Home Office,West,Furniture,Bookcases,Los Angeles,7,0.0,1907.42,383.75
2017-06-16,Standard Class,Consumer,East,Furniture,Chairs,Columbus,2,0.1,303.72,-17.98
2017-06-16,Standard Class,Home Office,East,Office Supplies,Fasteners,Columbus,2,0.1,33.3,6.35
2017-06-16,Standard Class,Consumer,East,Office Supplies,Labels,Philadelphia,5,0.0,166.65,14.61
2017-06-17,Standard Class,Consumer,East,Office Supplies,Fasteners,Philadelphia,2,0.15,133.25,14.73
2017-06-17,Same Day,Corporate,Central,Office Supplies,Supplies,Dallas,4,0.0,200.53,23.62
2017-06-17,Second Class,Consumer,Central,Office Supplies,Envelopes,Minneapolis,5,0.0,162.54,31.23
2017-06-17,Standard Class,Consumer,Central,Office Supplies,Binders,Dallas,9,0.2,556.4,41.3
2017-06-17,Second Class,Consumer,West,Furniture,Tables,Seattle,7,0.05,768.7,82.9
2017-06-17,Standard Class,Corporate,South,Furniture,Tables,Miami,7,0.0,1989.21,10.12
2017-06-17,Standard Class,Corporate,South,Office Supplies,Art,Nashville,6,0.0,121.2,10.44
2017-06-17,Second Class,Home Office,West,Office Supplies,Storage,Seattle,1,0.15,12.37,1.25
2017-06-18,Second Class,Corporate,West,Furniture,Furnishings,Denver,6,0.1,327.38,2.29
2017-06-18,Standard Class,Corporate,West,Technology,Machines,Seattle,5,0.3,1050.38,-13.3
2017-06-18,Second Class,Corporate,East,Office Supplies,Paper,Philadelphia,4,0.3,101.23,7.8
2017-06-19,First Class,Home Office,West,Office Supplies,Binders,Denver,3,0.0,224.4,45.94
2017-06-19,Standard Class,Consumer,Central,Furniture,Tables,Minneapolis,1,0.05,335.97,47.59
2017-06-19,Standard Class,Home Office,East,Office Supplies,Envelopes,New York City,4,0.0,226.48,40.34
2017-06-19,Standard Class,Home Office,West,Office Supplies,Envelopes,Los Angeles,8,0.2,546.04,59.29
2017-06-19,First Class,Corporate,West,Office Supplies,Storage,Seattle,9,0.0,811.77,97.09
2017-06-19,Standard Class,Home Office,South,Furniture,Chairs,Charlotte,9,0.2,1507.18,-127.21
2017-06-19,Standard Class,Consumer,West,Technology,Machines,Los Angeles,7,0.0,1596.79,238.12
2017-06-20,Second Class,Corporate,East,Office Supplies,Paper,New York City,6,0.15,192.05,15.16
2017-06-20,Standard Class,Corporate,Central,Furniture,Bookcases,Chicago,2,0.4,298.53,-14.15
2017-06-20,Second Class,Consumer,West,Furniture,Furnishings,Denver,2,0.05,277.59,2.05
2017-06-20,Standard Class,Corporate,East,Technology,Phones,Philadelphia,3,0.1,749.81,58.67
2017-06-20,Standard Class,Consumer,South,Technology,Accessories,Atlanta,3,0.0,571.74,111.14
2017-06-20,Standard Class,Corporate,South,Office Supplies,Labels,Charlotte,8,0.0,491.66,78.85
2017-06-21,Standard Class,Home Office,West,Office Supplies,Appliances,Denver,1,0.05,30.13,6.16
2017-06-21,Same Day,Home Office,Central,Office Supplies,Storage,Houston,8,0.2,321.75,-1.03
2017-06-21,Standard Class,Corporate,Central,Technology,Copiers,Chicago,1,0.05,123.51,29.05
2017-06-21,Standard Class,Corporate,Central,Office Supplies,Storage,Chicago,9,0.1,276.57,21.57
2017-06-21,Standard Class,Consumer,East,Office Supplies,Art,Boston,8,0.3,274.13,-28.46
2017-06-21,Standard Class,Consumer,West,Furniture,Bookcases,San Francisco,7,0.0,662.84,49.96
2017-06-21,Standard Class,Consumer,South,Office Supplies,Paper,Charlotte,7,0.15,525.53,25.94
2017-06-21,Second Class,Corporate,Central,Furniture,Bookcases,Chicago,8,0.2,343.15,-36.46
2017-06-21,Same Day,Home Office,West,Technology,Copiers,San Francisco,6,0.15,1336.72,172.11
2017-06-21,First Class,Consumer,East,Furniture,Tables,New York City,9,0.1,1122.18,43.77
2017-06-22,Standard Class,Corporate,South,Furniture,Chairs,Charlotte,3,0.2,581.92,-61.91
2017-06-22,Second Class,Consumer,East,Furniture,Chairs,New York City,1,0.2,128.65,4.18
2017-06-22,Standard Class,Consumer,Central,Furniture,Furnishings,Chicago,8,0.0,533.81,56.29
2017-06-22,Standard Class,Consumer,Central,Furniture,Tables,Minneapolis,8,0.1,354.79,-8.25
2017-06-22,First Class,Home Office,East,Office Supplies,Art,New York City,6,0.1,229.08,35.52
2017-06-22,Second Class,Corporate,East,Office Supplies,Appliances,New York City,3,0.2,110.77,14.26
2017-06-22,Second Class,Home Office,East,Furniture,Tables,New York City,5,0.05,570.06,56.34
2017-06-22,Second Class,Consumer,West,Office Supplies,Labels,Los Angeles,2,0.0,168.22,15.11
2017-06-23,Standard Class,Consumer,East,Office Supplies,Storage,Columbus,7,0.1,624.12,49.98
2017-06-23,Standard Class,Consumer,West,Office Supplies,Fasteners,Los Angeles,2,0.3,61.49,2.13
2017-06-23,Standard Class,Consumer,South,Office Supplies,Labels,Charlotte,3,0.0,189.61,25.28
2017-06-23,Standard Class,Consumer,Central,Technology,Machines,Chicago,5,0.3,257.36,8.77
2017-06-23,Same Day,Consumer,East,Office Supplies,Fasteners,Philadelphia,5,0.05,467.87,55.42
2017-06-24,Second Class,Home Office,West,Furniture,Furnishings,Denver,2,0.05,312.23,-1.8
2017-06-24,Standard Class,Consumer,East,Furniture,Tables,Columbus,7,0.15,1086.06,-25.93
2017-06-24,First Class,Consumer,Central,Office Supplies,Paper,Minneapolis,8,0.1,537.54,104.74
2017-06-24,Second Class,Consumer,Central,Office Supplies,Labels,Chicago,9,0.0,560.51,120.14
2017-06-24,Standard Class,Corporate,West,Office Supplies,Fasteners,Denver,5,0.0,143.11,17.98
2017-06-24,Standard Class,Consumer,Central,Office Supplies,Labels,Houston,9,0.0,482.43,76.63
2017-06-24,Standard Class,Corporate,South,Office Supplies,Labels,Atlanta,4,0.15,481.67,-51.64
2017-06-24,Standard Class,Consumer,West,Office Supplies,Envelopes,Denver,8,0.2,673.18,48.01
2017-06-24,Standard Class,Corporate,West,Office Supplies,Supplies,San Francisco,5,0.0,617.7,138.69
2017-06-25,Standard Class,Consumer,West,Office Supplies,Art,San Francisco,2,0.4,61.88,-6.84
2017-06-25,Second Class,Consumer,Central,Office Supplies,Appliances,Minneapolis,6,0.4,152.54,-9.65
2017-06-25,Second Class,Corporate,East,Office Supplies,Art,New York City,9,0.0,361.82,42.78
2017-06-25,Second Class,Consumer,South,Office Supplies,Envelopes,Charlotte,7,0.1,459.26,92.75
2017-06-25,Standard Class,Consumer,Central,Furniture,Bookcases,Houston,7,0.4,1297.57,-73.7
2017-06-26,Standard Class,Consumer,East,Office Supplies,Art,Columbus,6,0.0,213.26,25.18
2017-06-26,Standard Class,Home Office,West,Office Supplies,Art,Seattle,2,0.15,36.64,5.47
2017-06-26,Standard Class,Consumer,Central,Office Supplies,Supplies,Houston,4,0.15,272.29,2.04
2017-06-26,Standard Class,Home Office,South,Office Supplies,Art,Nashville,8,0.0,1030.41,148.38
2017-06-26,Standard Class,Consumer,South,Furniture,Furnishings,Atlanta,1,0.2,185.01,-0.4
2017-06-26,Standard Class,Home Office,East,Furniture,Chairs,New York City,9,0.0,1806.37,246.16
2017-06-26,Standard Class,Consumer,West,Office Supplies,Binders,Seattle,5,0.0,426.21,86.11
2017-06-27,First Class,Consumer,West,Office Supplies,Labels,Seattle,6,0.1,346.98,36.33
2017-06-27,First Class,Consumer,South,Office Supplies,Labels,Nashville,3,0.0,184.0,19.32
2017-06-27,Standard Class,Corporate,East,Technology,Machines,New York City,2,0.3,461.36,-7.49
2017-06-27,Standard Class,Corporate,East,Technology,Phones,Philadelphia,8,0.0,3720.49,1140.25
2017-06-27,Standard Class,Corporate,Central,Office Supplies,Labels,Chicago,2,0.2,85.31,2.38
2017-06-27,Standard Class,Consumer,East,Technology,Accessories,Boston,8,0.0,2769.55,494.72
2017-06-27,Standard Class,Consumer,West,Office Supplies,Binders,Seattle,1,0.05,91.74,14.15
2017-06-27,Second Class,Corporate,East,Furniture,Furnishings,Philadelphia,3,0.0,851.28,94.87
2017-06-27,Standard Class,Consumer,Central,Office Supplies,Labels,Chicago,7,0.0,730.4,148.51
2017-06-27,Standard Class,Corporate,Central,Furniture,Furnishings,Chicago,5,0.1,876.66,42.86
2017-06-28,Standard Class,Corporate,South,Furniture,Tables,Charlotte,1,0.0,153.02,15.16
2017-06-28,Standard Class,Corporate,West,Office Supplies,Fasteners,Los Angeles,6,0.0,552.12,111.52
2017-06-28,Standard Class,Home Office,West,Office Supplies,Fasteners,Los Angeles,6,0.0,273.23,52.88
2017-06-28,Standard Class,Consumer,East,Office Supplies,Labels,Philadelphia,3,0.0,116.45,6.34
2017-06-28,Second Class,Home Office,South,Office Supplies,Binders,Atlanta,3,0.0,101.51,16.52
2017-06-28,Standard Class,Corporate,East,Office Supplies,Labels,Boston,6,0.4,268.89,-15.28
2017-06-28,Second Class,Consumer,East,Office Supplies,Art,Philadelphia,9,0.3,418.78,-26.81
2017-06-28,Second Class,Home Office,Central,Furniture,Chairs,Houston,1,0.15,129.78,-6.22
2017-06-28,Second Class,Consumer,West,Office Supplies,Paper,San Francisco,8,0.0,286.78,46.94
2017-06-29,Standard Class,Home Office,Central,Technology,Machines,Chicago,2,0.2,520.15,42.55
2017-06-29,Standard Class,Consumer,East,Furniture,Tables,Columbus,4,0.0,862.13,101.27
2017-06-29,Second Class,Consumer,West,Office Supplies,Supplies,Seattle,2,0.0,84.9,18.78
2017-06-29,First Class,Consumer,West,Office Supplies,Binders,Denver,7,0.0,435.67,35.26
2017-06-29,First Class,Consumer,South,Office Supplies,Binders,Nashville,5,0.0,119.56,15.5
2017-06-29,Standard Class,Corporate,Central,Office Supplies,Supplies,Minneapolis,3,0.3,306.67,-20.14
2017-06-29,First Class,Consumer,Central,Furniture,Bookcases,Minneapolis,4,0.3,318.17,-48.45
2017-06-29,Standard Class,Consumer,East,Office Supplies,Art,Columbus,6,0.2,367.17,9.11
2017-06-30,Standard Class,Home Office,East,Furniture,Bookcases,New York City,4,0.0,255.44,9.88
2017-06-30,Standard Class,Corporate,West,Office Supplies,Envelopes,San Francisco,7,0.2,185.96,13.81
2017-06-30,Standard Class,Consumer,West,Office Supplies,Supplies,Los Angeles,1,0.0,58.63,9.52
2017-06-30,Standard Class,Consumer,East,Technology,Machines,Philadelphia,6,0.0,1030.37,150.61
2017-06-30,Standard Class,Consumer,East,Office Supplies,Labels,Columbus,6,0.4,91.1,-16.31
2017-06-30,Standard Class,Consumer,South,Technology,Accessories,Miami,7,0.0,1076.61,218.63
2017-06-30,Standard Class,Consumer,South,Office Supplies,Appliances,Atlanta,6,0.05,780.04,126.12
2017-06-30,Standard Class,Corporate,West,Technology,Copiers,Seattle,5,0.1,2726.93,504.94
2017-06-30,Standard Class,Corporate,Central,Technology,Machines,Chicago,1,0.3,104.74,2.78
2017-06-30,Standard Class,Consumer,South,Furniture,Tables,Charlotte,3,0.2,393.11,18.55
2017-06-30,Standard Class,Consumer,West,Office Supplies,Binders,San Francisco,4,0.15,198.33,22.42
2017-07-01,Standard Class,Consumer,Central,Office Supplies,Appliances,Minneapolis,3,0.3,129.07,-0.46
2017-07-01,Second Class,Home Office,East,Technology,Machines,Boston,1,0.0,148.25,40.25
2017-07-01,Second Class,Consumer,West,Office Supplies,Supplies,Los Angeles,4,0.05,479.17,134.6
2017-07-01,Standard Class,Corporate,South,Technology,Phones,Charlotte,8,0.2,1257.8,108.72
2017-07-01,Standard Class,Consumer,West,Office Supplies,Fasteners,Seattle,7,0.0,239.2,44.23
2017-07-01,Standard Class,Home Office,East,Office Supplies,Art,Philadelphia,8,0.0,455.69,42.47
2017-07-01,Standard Class,Consumer,South,Technology,Copiers,Charlotte,9,0.0,3759.24,384.28
2017-07-01,Standard Class,Consumer,West,Office Supplies,Paper,Denver,4,0.0,486.27,95.4
2017-07-02,Second Class,Corporate,East,Office Supplies,Appliances,Columbus,2,0.0,31.12,2.82
2017-07-02,Standard Class,Home Office,East,Technology,Accessories,Columbus,4,0.2,1276.81,-40.94
2017-07-02,Standard Class,Consumer,East,Technology,Phones,Philadelphia,8,0.15,3737.32,574.25
2017-07-02,Standard Class,Corporate,Central,Office Supplies,Fasteners,Dallas,8,0.0,292.91,54.13
2017-07-02,First Class,Corporate,East,Furniture,Tables,Philadelphia,2,0.1,882.62,49.74
2017-07-02,First Class,Consumer,Central,Office Supplies,Binders,Dallas,8,0.3,466.54,0.56
2017-07-02,Same Day,Corporate,West,Office Supplies,Binders,Los Angeles,4,0.3,58.8,2.5
2017-07-02,Standard Class,Home Office,East,Office Supplies,Art,New York City,4,0.0,227.7,44.69
2017-07-02,Standard Class,Consumer,Central,Office Supplies,Storage,Dallas,9,0.2,576.89,18.14
2017-07-02,First Class,Corporate,Central,Furniture,Bookcases,Houston,6,0.0,1785.22,162.01
2017-07-02,Standard Class,Home Office,East,Technology,Accessories,New York City,1,0.0,239.23,57.94
2017-07-02,Standard Class,Corporate,Central,Office Supplies,Paper,Houston,7,0.2,481.72,-7.12
2017-07-03,Standard Class,Consumer,South,Office Supplies,Art,Miami,3,0.0,148.62,19.87
2017-07-03,Standard Class,Corporate,West,Office Supplies,Labels,Los Angeles,6,0.15,290.57,31.74
2017-07-03,Second Class,Home Office,West,Office Supplies,Labels,San Francisco,7,0.0,575.81,115.12
2017-07-03,Standard Class,Consumer,Central,Technology,Machines,Dallas,9,0.4,2300.15,122.38
2017-07-03,Same Day,Consumer,South,Office Supplies,Envelopes,Charlotte,4,0.0,288.82,50.09
2017-07-03,Standard Class,Home Office,Central,Office Supplies,Supplies,Chicago,6,0.1,359.52,40.49
2017-07-03,Standard Class,Corporate,South,Technology,Copiers,Charlotte,2,0.1,960.54,60.96
2017-07-03,Second Class,Consumer,Central,Office Supplies,Supplies,Dallas,5,0.15,333.64,29.85
2017-07-03,Standard Class,Corporate,Central,Office Supplies,Envelopes,Houston,1,0.2,48.68,0.43
2017-07-04,Standard Class,Consumer,West,Furniture,Chairs,Denver,4,0.0,383.61,17.98
2017-07-04,Second Class,Consumer,West,Technology,Copiers,Denver,8,0.1,2216.0,309.55
2017-07-04,Standard Class,Corporate,Central,Office Supplies,Paper,Houston,9,0.2,689.13,74.27
2017-07-04,Standard Class,Corporate,Central,Furniture,Chairs,Houston,6,0.0,558.97,15.93
2017-07-04,Second Class,Consumer,South,Office Supplies,Paper,Atlanta,2,0.0,105.9,25.27
2017-07-05,Standard Class,Consumer,East,Furniture,Bookcases,Boston,5,0.1,323.57,8.34
2017-07-06,Second Class,Consumer,South,Technology,Phones,Atlanta,5,0.2,348.61,59.1
2017-07-06,Second Class,Home Office,East,Office Supplies,Envelopes,Columbus,6,0.2,318.36,-5.96
2017-07-06,Standard Class,Home Office,East,Office Supplies,Binders,Philadelphia,4,0.15,152.11,19.61
2017-07-06,Standard Class,Corporate,Central,Office Supplies,Fasteners,Chicago,9,0.0,451.16,118.24
2017-07-06,Standard Class,Consumer,East,Office Supplies,Envelopes,New York City,7,0.1,349.37,22.12
2017-07-07,Second Class,Home Office,East,Office Supplies,Art,Columbus,6,0.1,1167.25,107.21
2017-07-07,Standard Class,Consumer,West,Office Supplies,Art,Denver,2,0.2,55.91,6.28
2017-07-07,Standard Class,Corporate,East,Technology,Machines,Philadelphia,9,0.0,2092.21,160.08
2017-07-07,Standard Class,Consumer,Central,Furniture,Tables,Chicago,9,0.0,1462.03,62.81
2017-07-07,Same Day,Corporate,East,Office Supplies,Labels,Columbus,3,0.0,180.41,43.37
2017-07-07,Standard Class,Corporate,South,Technology,Phones,Nashville,4,0.15,489.5,88.83
2017-07-07,First Class,Consumer,East,Office Supplies,Fasteners,Boston,9,0.2,429.82,15.88
2017-07-07,Standard Class,Consumer,South,Furniture,Chairs,Nashville,5,0.3,1832.82,-84.33
2017-07-08,Standard Class,Consumer,East,Office Supplies,Fasteners,Boston,6,0.0,315.47,41.03
2017-07-08,Second Class,Consumer,East,Office Supplies,Art,Boston,5,0.15,124.1,26.3
2017-07-08,Second Class,Home Office,West,Office Supplies,Envelopes,Seattle,3,0.1,212.87,16.54
2017-07-08,Standard Class,Consumer,West,Office Supplies,Supplies,San Francisco,2,0.0,250.44,35.95
2017-07-09,Second Class,Consumer,West,Technology,Machines,San Francisco,8,0.05,682.79,153.13
2017-07-09,First Class,Home Office,South,Furniture,Tables,Charlotte,4,0.0,585.33,-11.04
2017-07-09,Standard Class,Consumer,South,Technology,Machines,Miami,5,0.0,481.95,89.59
2017-07-09,Standard Class,Corporate,West,Furniture,Bookcases,Denver,3,0.1,681.54,77.58
2017-07-09,Standard Class,Corporate,West,Technology,Accessories,Seattle,8,0.0,1941.04,463.23
2017-07-09,Second Class,Consumer,Central,Technology,Accessories,Houston,1,0.15,198.17,29.62
2017-07-10,Standard Class,Consumer,East,Technology,Accessories,Philadelphia,5,0.0,567.63,118.91
2017-07-10,Second Class,Corporate,East,Office Supplies,Art,Philadelphia,3,0.2,102.97,2.6
2017-07-10,Second Class,Home Office,South,Furniture,Tables,Nashville,7,0.0,986.85,23.47
2017-07-10,Standard Class,Consumer,South,Office Supplies,Envelopes,Miami,1,0.0,54.29,6.43
2017-07-10,First Class,Consumer,West,Office Supplies,Supplies,Seattle,9,0.2,297.81,35.42
2017-07-10,Standard Class,Home Office,West,Office Supplies,Supplies,Denver,7,0.15,198.38,1.8
2017-07-10,Second Class,Corporate,East,Office Supplies,Envelopes,Columbus,8,0.15,195.01,36.86
2017-07-11,Standard Class,Corporate,Central,Office Supplies,Envelopes,Houston,9,0.1,302.72,38.9
2017-07-11,Second Class,Consumer,East,Office Supplies,Envelopes,Boston,1,0.1,30.26,0.33
2017-07-11,Same Day,Home Office,Central,Office Supplies,Storage,Dallas,1,0.0,28.3,3.94
2017-07-11,Standard Class,Home Office,Central,Office Supplies,Envelopes,Dallas,1,0.1,115.15,17.82
2017-07-11,Second Class,Consumer,West,Office Supplies,Binders,Seattle,4,0.15,152.68,9.98
2017-07-11,Second Class,Home Office,West,Furniture,Furnishings,San Francisco,1,0.0,295.22,21.34
2017-07-11,Standard Class,Consumer,Central,Office Supplies,Envelopes,Minneapolis,8,0.0,660.16,124.47
2017-07-11,Second Class,Corporate,East,Office Supplies,Paper,Columbus,5,0.0,153.28,27.42
2017-07-12,Standard Class,Consumer,Central,Office Supplies,Supplies,Chicago,2,0.0,214.38,38.5
2017-07-12,Same Day,Consumer,South,Office Supplies,Storage,Nashville,2,0.1,266.95,20.71
2017-07-12,Standard Class,Consumer,East,Office Supplies,Binders,Columbus,6,0.2,532.71,42.66
2017-07-12,Standard Class,Consumer,East,Office Supplies,Supplies,Boston,2,0.2,135.94,-4.42
2017-07-12,Standard Class,Corporate,Central,Office Supplies,Art,Dallas,3,0.15,38.33,3.96
2017-07-12,Second Class,Consumer,West,Office Supplies,Binders,Denver,2,0.15,103.03,-1.69
2017-07-12,Standard Class,Corporate,South,Technology,Copiers,Charlotte,2,0.1,466.27,105.62
2017-07-13,Standard Class,Corporate,Central,Office Supplies,Appliances,Dallas,3,0.0,180.35,3.7
2017-07-13,Standard Class,Consumer,Central,Office Supplies,Supplies,Chicago,5,0.0,259.59,32.65
2017-07-13,First Class,Corporate,East,Furniture,Tables,Columbus,5,0.0,906.1,145.46
2017-07-13,Standard Class,Consumer,West,Office Supplies,Fasteners,Los Angeles,7,0.2,160.01,4.83
2017-07-13,Second Class,Consumer,West,Office Supplies,Appliances,Los Angeles,3,0.05,60.65,12.82
2017-07-13,Standard Class,Home Office,West,Office Supplies,Envelopes,San Francisco,7,0.15,587.03,51.11
2017-07-14,First Class,Consumer,West,Office Supplies,Supplies,Seattle,7,0.05,552.95,65.38
2017-07-14,Standard Class,Home Office,South,Office Supplies,Labels,Nashville,5,0.1,235.53,25.64
2017-07-14,Second Class,Consumer,East,Office Supplies,Fasteners,Columbus,1,0.2,40.54,0.37
2017-07-14,Second Class,Corporate,East,Furniture,Tables,Philadelphia,5,0.15,494.93,-25.09
2017-07-14,Standard Class,Consumer,West,Office Supplies,Art,San Francisco,1,0.0,124.34,19.37
2017-07-14,Standard Class,Consumer,South,Office Supplies,Storage,Nashville,1,0.15,80.74,10.65
2017-07-14,Standard Class,Consumer,West,Office Supplies,Fasteners,Seattle,7,0.3,138.42,-2.8
2017-07-15,Standard Class,Consumer,East,Furniture,Bookcases,Philadelphia,6,0.3,514.82,-64.4
2017-07-15,First Class,Home Office,Central,Office Supplies,Envelopes,Dallas,6,0.1,239.74,22.98
2017-07-15,First Class,Consumer,Central,Office Supplies,Appliances,Chicago,6,0.0,522.97,109.78
2017-07-16,Standard Class,Consumer,East,Office Supplies,Appliances,New York City,8,0.1,222.16,31.9
2017-07-16,Standard Class,Consumer,East,Furniture,Tables,Boston,3,0.15,333.73,54.54
2017-07-16,Second Class,Consumer,Central,Furniture,Bookcases,Dallas,6,0.4,1147.75,-248.82
2017-07-16,Standard Class,Consumer,South,Office Supplies,Supplies,Charlotte,1,0.2,48.31,-2.37
2017-07-17,Standard Class,Corporate,West,Technology,Copiers,Seattle,3,0.15,473.3,60.71
2017-07-17,Standard Class,Corporate,Central,Technology,Accessories,Dallas,5,0.0,1646.82,288.49
2017-07-17,First Class,Corporate,West,Office Supplies,Storage,Seattle,4,0.1,432.92,45.71
2017-07-17,Standard Class,Consumer,Central,Furniture,Bookcases,Chicago,7,0.0,1674.25,121.77
2017-07-17,First Class,Consumer,West,Office Supplies,Paper,Seattle,5,0.2,217.01,22.99
2017-07-17,Standard Class,Consumer,East,Office Supplies,Storage,Columbus,4,0.1,159.35,6.55
2017-07-17,Standard Class,Corporate,Central,Technology,Copiers,Dallas,4,0.1,941.22,33.86
2017-07-17,Standard Class,Consumer,East,Furniture,Tables,Philadelphia,7,0.2,1448.68,90.35
2017-07-17,Standard Class,Corporate,Central,Office Supplies,Storage,Dallas,2,0.0,171.31,37.29
2017-07-17,Standard Class,Corporate,East,Office Supplies,Storage,Boston,3,0.2,354.63,-33.91
2017-07-18,First Class,Consumer,East,Office Supplies,Envelopes,New York City,8,0.0,147.0,31.12
2017-07-18,Standard Class,Consumer,South,Technology,Phones,Nashville,4,0.0,805.82,108.42
2017-07-18,Standard Class,Home Office,Central,Office Supplies,Labels,Chicago,6,0.0,340.5,56.46
2017-07-18,Standard Class,Home Office,Central,Office Supplies,Binders,Dallas,3,0.1,206.13,32.95
2017-07-18,Standard Class,Consumer,South,Office Supplies,Appliances,Miami,3,0.15,327.4,17.1
2017-07-18,Standard Class,Consumer,Central,Office Supplies,Art,Minneapolis,4,0.15,385.6,39.14
2017-07-18,Standard Class,Consumer,West,Office Supplies,Supplies,Denver,7,0.0,321.66,53.65
2017-07-18,Standard Class,Home Office,East,Office Supplies,Supplies,New York City,3,0.0,159.13,28.77
2017-07-18,Standard Class,Corporate,West,Furniture,Bookcases,Los Angeles,2,0.2,186.0,-14.04
2017-07-18,Second Class,Corporate,South,Office Supplies,Paper,Nashville,5,0.0,287.03,89.53
2017-07-19,Standard Class,Consumer,West,Office Supplies,Appliances,San Francisco,9,0.4,275.2,-8.8
2017-07-19,Second Class,Consumer,Central,Technology,Copiers,Dallas,1,0.15,117.65,16.02
2017-07-19,Standard Class,Consumer,South,Office Supplies,Supplies,Nashville,2,0.15,47.27,6.11
2017-07-19,Standard Class,Consumer,Central,Technology,Copiers,Chicago,2,0.0,1261.19,279.56
2017-07-19,Second Class,Corporate,West,Office Supplies,Labels,Seattle,7,0.05,2823.87,565.88
2017-07-19,First Class,Home Office,Central,Furniture,Chairs,Houston,2,0.0,225.67,8.67
2017-07-20,Standard Class,Corporate,East,Technology,Accessories,New York City,7,0.1,798.46,110.95
2017-07-20,Standard Class,Consumer,Central,Office Supplies,Supplies,Houston,1,0.4,7.76,0.02
2017-07-20,Second Class,Consumer,South,Office Supplies,Art,Nashville,8,0.2,453.36,67.61
2017-07-20,First Class,Corporate,Central,Technology,Machines,Chicago,1,0.2,224.37,12.23
2017-07-20,Standard Class,Consumer,West,Technology,Machines,Los Angeles,9,0.0,1794.46,350.37
2017-07-20,Standard Class,Consumer,Central,Furniture,Bookcases,Dallas,7,0.3,674.27,-72.25
2017-07-20,Standard Class,Home Office,Central,Technology,Accessories,Chicago,9,0.0,1666.76,308.74
2017-07-21,First Class,Home Office,West,Furniture,Furnishings,Denver,2,0.2,735.31,-2.94
2017-07-21,Standard Class,Corporate,Central,Office Supplies,Appliances,Houston,1,0.1,36.22,4.66
2017-07-21,Standard Class,Consumer,South,Technology,Copiers,Nashville,2,0.4,830.39,-13.53
2017-07-21,Second Class,Home Office,South,Furniture,Chairs,Nashville,1,0.0,97.0,11.93
2017-07-21,Standard Class,Consumer,West,Office Supplies,Binders,San Francisco,7,0.05,541.78,92.71
2017-07-21,Standard Class,Consumer,South,Office Supplies,Envelopes,Nashville,1,0.2,36.21,2.07
2017-07-21,Same Day,Consumer,West,Furniture,Tables,Los Angeles,6,0.3,992.12,-98.69
2017-07-22,Same Day,Consumer,East,Technology,Machines,Columbus,5,0.0,661.73,171.59
2017-07-22,Standard Class,Consumer,South,Technology,Phones,Charlotte,9,0.0,1716.3,257.24
2017-07-22,Second Class,Corporate,East,Office Supplies,Storage,Columbus,8,0.2,458.98,73.16
2017-07-22,First Class,Corporate,Central,Office Supplies,Supplies,Minneapolis,3,0.0,159.67,5.02
2017-07-22,Standard Class,Consumer,East,Technology,Phones,Philadelphia,4,0.0,1881.55,364.1
2017-07-22,Same Day,Home Office,West,Office Supplies,Art,San Francisco,6,0.1,687.38,48.84
2017-07-23,First Class,Corporate,West,Technology,Accessories,Seattle,9,0.0,2200.75,471.21
2017-07-23,Second Class,Consumer,Central,Office Supplies,Storage,Minneapolis,4,0.2,254.82,16.69
2017-07-23,First Class,Corporate,Central,Office Supplies,Labels,Minneapolis,9,0.1,268.62,-5.41
2017-07-23,Second Class,Consumer,South,Technology,Accessories,Miami,9,0.2,1663.13,109.86
2017-07-24,Standard Class,Home Office,Central,Technology,Phones,Dallas,7,0.2,2358.66,157.08
2017-07-24,Standard Class,Consumer,East,Technology,Phones,Boston,7,0.2,2498.82,256.19
2017-07-24,Standard Class,Consumer,South,Office Supplies,Paper,Nashville,5,0.0,236.22,42.76
2017-07-24,Standard Class,Home Office,Central,Office Supplies,Binders,Chicago,4,0.0,235.87,52.17
2017-07-24,Standard Class,Consumer,West,Furniture,Tables,Denver,2,0.05,165.8,16.58
2017-07-24,Standard Class,Home Office,East,Technology,Phones,Philadelphia,7,0.15,1010.66,104.5
2017-07-24,Standard Class,Corporate,East,Office Supplies,Labels,Boston,8,0.05,750.39,155.84
2017-07-24,Standard Class,Consumer,Central,Office Supplies,Art,Houston,6,0.1,413.12,18.73
2017-07-24,Standard Class,Consumer,South,Technology,Accessories,Nashville,3,0.3,508.7,-5.81
2017-07-24,Standard Class,Consumer,South,Office Supplies,Supplies,Nashville,3,0.4,52.29,-8.82
2017-07-24,Standard Class,Home Office,Central,Office Supplies,Binders,Minneapolis,1,0.0,29.54,7.64
2017-07-25,Standard Class,Consumer,South,Technology,Phones,Atlanta,1,0.2,145.91,16.24
2017-07-25,Second Class,Corporate,East,Furniture,Tables,Columbus,1,0.1,217.89,6.04
2017-07-25,Standard Class,Consumer,East,Office Supplies,Art,Philadelphia,3,0.1,152.51,27.32
2017-07-25,Standard Class,Corporate,East,Office Supplies,Paper,New York City,7,0.15,339.01,25.17
2017-07-25,First Class,Home Office,Central,Technology,Machines,Dallas,5,0.0,975.41,218.7
2017-07-26,First Class,Corporate,East,Furniture,Bookcases,Philadelphia,6,0.1,777.3,-2.28
2017-07-26,First Class,Corporate,East,Office Supplies,Envelopes,Columbus,5,0.0,337.72,48.49
2017-07-26,Second Class,Home Office,Central,Office Supplies,Labels,Houston,8,0.2,593.01,-21.49
2017-07-26,Standard Class,Consumer,Central,Furniture,Furnishings,Chicago,6,0.2,1505.7,-4.11
2017-07-26,Second Class,Corporate,South,Furniture,Furnishings,Miami,4,0.15,728.24,-31.65
2017-07-26,Second Class,Corporate,West,Technology,Phones,Seattle,4,0.15,938.14,69.65
2017-07-26,Second Class,Consumer,East,Office Supplies,Paper,Philadelphia,3,0.15,30.6,3.09
2017-07-26,First Class,Home Office,Central,Office Supplies,Envelopes,Houston,9,0.2,521.05,36.87
2017-07-26,Second Class,Home Office,Central,Technology,Accessories,Minneapolis,9,0.1,1615.05,260.59
2017-07-26,Standard Class,Consumer,East,Office Supplies,Envelopes,New York City,5,0.0,496.43,103.56
2017-07-26,First Class,Home Office,East,Furniture,Furnishings,New York City,7,0.15,429.39,-30.69
2017-07-26,Standard Class,Corporate,East,Technology,Copiers,Columbus,7,0.15,766.6,93.36
2017-07-26,First Class,Consumer,West,Furniture,Tables,Seattle,9,0.2,2083.95,79.06
2017-07-26,First Class,Corporate,East,Furniture,Bookcases,New York City,5,0.4,947.48,-68.12
2017-07-27,Second Class,Consumer,West,Office Supplies,Fasteners,Seattle,3,0.15,240.48,14.53
2017-07-27,Standard Class,Consumer,South,Office Supplies,Paper,Atlanta,3,0.05,274.09,31.15
2017-07-27,Standard Class,Consumer,West,Office Supplies,Appliances,San Francisco,3,0.2,98.51,0.05
2017-07-27,Standard Class,Consumer,West,Furniture,Tables,Denver,1,0.15,131.83,-6.62
2017-07-27,Standard Class,Corporate,Central,Office Supplies,Supplies,Dallas,9,0.2,324.93,-0.52
2017-07-27,Second Class,Consumer,East,Office Supplies,Appliances,Boston,6,0.0,364.04,130.11
2017-07-27,Second Class,Consumer,South,Technology,Machines,Miami,7,0.0,9408.15,1326.11
2017-07-27,Standard Class,Corporate,Central,Office Supplies,Appliances,Chicago,6,0.1,268.44,27.15
2017-07-28,Standard Class,Consumer,Central,Office Supplies,Binders,Dallas,5,0.1,145.83,-6.55
2017-07-28,Standard Class,Home Office,West,Technology,Accessories,Los Angeles,8,0.05,1290.55,228.6
2017-07-28,Second Class,Corporate,East,Office Supplies,Appliances,Columbus,3,0.2,159.25,-6.6
2017-07-28,Second Class,Consumer,West,Office Supplies,Fasteners,Denver,3,0.3,58.34,3.63
2017-07-28,Standard Class,Consumer,South,Office Supplies,Storage,Charlotte,8,0.3,500.33,-18.57
2017-07-28,Second Class,Home Office,Central,Office Supplies,Labels,Houston,3,0.0,104.15,19.05
2017-07-28,Second Class,Consumer,East,Office Supplies,Fasteners,Philadelphia,9,0.3,462.5,-25.21
2017-07-28,Standard Class,Consumer,South,Office Supplies,Supplies,Miami,6,0.1,230.67,38.92
2017-07-28,Second Class,Consumer,South,Office Supplies,Binders,Nashville,9,0.0,325.89,63.98
2017-07-29,Standard Class,Home Office,East,Office Supplies,Labels,Columbus,9,0.4,55.99,-1.7
2017-07-29,Same Day,Corporate,West,Office Supplies,Paper,Los Angeles,9,0.1,791.95,138.26
2017-07-29,Standard Class,Consumer,South,Office Supplies,Appliances,Nashville,8,0.1,351.56,17.53
2017-07-29,First Class,Corporate,East,Technology,Machines,Boston,1,0.15,615.77,35.79
2017-07-29,Standard Class,Consumer,South,Furniture,Tables,Nashville,3,0.2,441.0,-5.09
2017-07-29,Standard Class,Corporate,West,Office Supplies,Envelopes,Los Angeles,9,0.15,401.03,31.57
2017-07-29,Second Class,Consumer,West,Office Supplies,Paper,Seattle,5,0.1,598.61,-29.83
2017-07-30,Standard Class,Corporate,East,Office Supplies,Supplies,Philadelphia,3,0.1,242.66,24.09
2017-07-30,Second Class,Consumer,East,Furniture,Tables,Columbus,5,0.1,364.98,8.43
2017-07-30,Standard Class,Consumer,West,Office Supplies,Envelopes,Denver,3,0.1,73.4,12.9
2017-07-30,Second Class,Consumer,Central,Office Supplies,Envelopes,Dallas,9,0.15,213.71,16.09
2017-07-30,Standard Class,Home Office,Central,Office Supplies,Storage,Chicago,9,0.05,175.01,-16.06
2017-07-30,Standard Class,Consumer,South,Office Supplies,Paper,Miami,2,0.15,238.32,25.39
2017-07-30,First Class,Consumer,South,Office Supplies,Supplies,Charlotte,6,0.2,80.08,3.93
2017-07-31,Standard Class,Corporate,East,Office Supplies,Supplies,Boston,9,0.0,873.02,197.88
2017-07-31,Second Class,Consumer,East,Office Supplies,Storage,Boston,2,0.1,82.18,7.18
2017-07-31,Second Class,Corporate,West,Office Supplies,Supplies,Denver,1,0.0,29.84,3.26
2017-07-31,Standard Class,Consumer,Central,Office Supplies,Envelopes,Houston,8,0.3,827.47,-78.3
2017-07-31,Second Class,Corporate,Central,Office Supplies,Fasteners,Dallas,5,0.2,205.91,12.58
2017-07-31,Standard Class,Corporate,East,Furniture,Bookcases,Columbus,4,0.4,959.03,-189.9
2017-07-31,Standard Class,Corporate,East,Furniture,Bookcases,Boston,9,0.0,810.72,60.08
2017-08-01,Standard Class,Consumer,Central,Technology,Accessories,Minneapolis,3,0.4,1090.29,4.04
2017-08-01,Standard Class,Consumer,West,Office Supplies,Storage,Los Angeles,8,0.1,325.59,31.27
2017-08-01,Standard Class,Consumer,Central,Technology,Phones,Chicago,4,0.2,682.98,139.07
2017-08-01,Standard Class,Consumer,South,Furniture,Chairs,Miami,2,0.3,135.51,-9.66
2017-08-01,Standard Class,Consumer,East,Office Supplies,Binders,Columbus,4,0.0,63.96,15.46
2017-08-01,Standard Class,Consumer,South,Office Supplies,Appliances,Atlanta,8,0.15,106.67,9.56
2017-08-01,Standard Class,Home Office,East,Technology,Copiers,Boston,3,0.0,515.37,175.53
2017-08-01,Second Class,Home Office,East,Office Supplies,Paper,Philadelphia,7,0.15,408.2,11.65
2017-08-02,Standard Class,Home Office,South,Furniture,Bookcases,Atlanta,3,0.05,304.18,24.67
2017-08-02,Standard Class,Consumer,East,Office Supplies,Labels,Boston,9,0.1,517.01,103.91
2017-08-02,First Class,Consumer,Central,Office Supplies,Binders,Dallas,7,0.05,338.31,46.28
2017-08-02,Second Class,Consumer,West,Office Supplies,Envelopes,Denver,3,0.0,165.94,15.81
2017-08-02,Same Day,Corporate,Central,Office Supplies,Appliances,Houston,7,0.1,268.66,51.63
2017-08-02,Standard Class,Corporate,East,Technology,Machines,Columbus,4,0.15,615.04,56.42
2017-08-02,First Class,Corporate,East,Furniture,Bookcases,Columbus,3,0.15,768.19,3.71
2017-08-02,Standard Class,Home Office,West,Furniture,Bookcases,Los Angeles,6,0.1,578.07,20.44
2017-08-02,First Class,Corporate,Central,Office Supplies,Fasteners,Houston,4,0.0,217.32,47.95
2017-08-02,Standard Class,Consumer,East,Technology,Machines,Columbus,3,0.05,1421.08,126.64
2017-08-03,Standard Class,Corporate,South,Office Supplies,Art,Miami,9,0.2,579.32,8.57
2017-08-03,Standard Class,Consumer,East,Furniture,Chairs,New York City,1,0.0,219.83,38.67
2017-08-03,Same Day,Corporate,South,Office Supplies,Supplies,Atlanta,1,0.0,44.75,10.33
2017-08-03,Standard Class,Corporate,West,Office Supplies,Paper,Denver,8,0.1,244.35,11.92
2017-08-03,Standard Class,Consumer,West,Office Supplies,Fasteners,Los Angeles,3,0.1,116.59,16.78
2017-08-03,Second Class,Home Office,East,Office Supplies,Supplies,Boston,9,0.0,556.62,46.26
2017-08-04,Standard Class,Corporate,East,Furniture,Furnishings,Boston,6,0.0,845.84,-14.76
2017-08-04,First Class,Consumer,East,Office Supplies,Appliances,Boston,9,0.3,281.31,18.39
2017-08-04,Second Class,Consumer,South,Office Supplies,Labels,Atlanta,2,0.0,103.64,32.22
2017-08-04,Standard Class,Consumer,East,Furniture,Bookcases,Philadelphia,8,0.0,3594.53,284.68
2017-08-04,Standard Class,Corporate,East,Office Supplies,Labels,New York City,9,0.0,738.75,88.2
2017-08-04,Standard Class,Home Office,South,Furniture,Bookcases,Nashville,2,0.0,178.82,-1.01
2017-08-05,First Class,Home Office,West,Office Supplies,Labels,Denver,2,0.0,78.78,15.31
2017-08-05,Second Class,Consumer,Central,Furniture,Tables,Minneapolis,7,0.2,918.45,-96.78
2017-08-05,Standard Class,Consumer,South,Office Supplies,Appliances,Nashville,5,0.1,199.61,16.53
2017-08-05,Same Day,Consumer,Central,Office Supplies,Supplies,Dallas,7,0.3,445.25,8.77
2017-08-05,Standard Class,Home Office,East,Furniture,Bookcases,Boston,5,0.1,712.01,-38.66
2017-08-05,Standard Class,Corporate,East,Technology,Accessories,Philadelphia,5,0.0,1171.63,347.78
2017-08-06,First Class,Consumer,West,Office Supplies,Art,San Francisco,9,0.05,1003.94,157.37
2017-08-06,Second Class,Home Office,East,Furniture,Bookcases,Columbus,8,0.15,769.65,115.45
2017-08-06,Second Class,Consumer,East,Furniture,Tables,Philadelphia,2,0.1,213.24,14.8
2017-08-06,Standard Class,Consumer,East,Office Supplies,Paper,Columbus,3,0.3,203.23,4.81
2017-08-06,Standard Class,Corporate,West,Furniture,Chairs,Denver,7,0.1,1406.26,58.91
2017-08-06,Standard Class,Corporate,East,Office Supplies,Paper,New York City,3,0.0,160.19,21.86
2017-08-06,Standard Class,Home Office,West,Office Supplies,Paper,San Francisco,4,0.2,194.39,2.28
2017-08-06,Standard Class,Home Office,South,Office Supplies,Fasteners,Atlanta,3,0.1,160.58,17.39
2017-08-07,Standard Class,Corporate,West,Furniture,Bookcases,Denver,4,0.0,1080.19,113.65
2017-08-07,Standard Class,Consumer,West,Furniture,Tables,Seattle,2,0.2,160.95,-14.85
2017-08-07,Standard Class,Consumer,East,Office Supplies,Labels,Philadelphia,9,0.15,370.97,22.19
2017-08-07,Standard Class,Consumer,East,Technology,Accessories,New York City,3,0.15,398.43,30.82
2017-08-07,Second Class,Consumer,Central,Furniture,Chairs,Minneapolis,5,0.1,392.81,-35.31
2017-08-07,First Class,Corporate,West,Office Supplies,Supplies,Denver,4,0.4,162.36,-17.05
2017-08-07,Standard Class,Consumer,East,Office Supplies,Binders,Philadelphia,8,0.1,573.57,66.78
2017-08-07,Standard Class,Corporate,Central,Office Supplies,Labels,Houston,2,0.1,213.39,18.03
2017-08-07,Same Day,Consumer,East,Technology,Machines,New York City,1,0.0,378.77,89.61
2017-08-07,Same Day,Consumer,West,Office Supplies,Paper,Seattle,2,0.0,137.15,13.5
2017-08-07,Same Day,Corporate,East,Office Supplies,Fasteners,Philadelphia,6,0.05,247.83,37.51
2017-08-07,Standard Class,Corporate,East,Office Supplies,Storage,Philadelphia,5,0.0,107.36,16.78
2017-08-08,Standard Class,Consumer,Central,Office Supplies,Binders,Houston,8,0.4,749.77,-105.28
2017-08-08,Standard Class,Corporate,South,Office Supplies,Paper,Nashville,2,0.4,41.81,-4.53
2017-08-08,Standard Class,Consumer,West,Technology,Copiers,Los Angeles,6,0.05,1204.84,308.48
2017-08-08,Standard Class,Corporate,West,Office Supplies,Labels,Denver,8,0.0,239.75,13.64
2017-08-08,Standard Class,Consumer,East,Technology,Machines,Philadelphia,9,0.05,1776.96,284.65
2017-08-08,Standard Class,Home Office,West,Office Supplies,Fasteners,Seattle,6,0.3,159.55,0.11
2017-08-08,Second Class,Consumer,East,Technology,Phones,Boston,2,0.1,270.32,57.17
2017-08-08,Standard Class,Corporate,South,Furniture,Chairs,Charlotte,7,0.2,1267.7,-118.2
2017-08-08,Standard Class,Corporate,East,Technology,Accessories,Columbus,9,0.3,985.61,28.85
2017-08-09,Standard Class,Consumer,East,Office Supplies,Fasteners,Columbus,7,0.1,252.91,28.51
2017-08-09,Standard Class,Consumer,West,Technology,Machines,Seattle,9,0.2,1630.56,255.54
2017-08-09,Standard Class,Consumer,East,Office Supplies,Envelopes,Boston,4,0.1,86.82,7.21
2017-08-09,Standard Class,Corporate,South,Office Supplies,Envelopes,Charlotte,1,0.0,141.96,24.7
2017-08-09,Standard Class,Corporate,West,Furniture,Tables,San Francisco,9,0.0,1292.78,22.72
2017-08-09,Standard Class,Corporate,Central,Office Supplies,Fasteners,Dallas,4,0.0,265.7,67.03
2017-08-09,First Class,Consumer,East,Office Supplies,Supplies,Columbus,5,0.1,358.01,34.8
2017-08-09,Standard Class,Home Office,East,Office Supplies,Storage,Columbus,1,0.1,40.47,3.76
2017-08-09,Standard Class,Consumer,East,Technology,Phones,Boston,6,0.2,1496.23,65.39
2017-08-10,Same Day,Corporate,East,Office Supplies,Binders,New York City,4,0.3,518.28,-44.4
2017-08-10,First Class,Corporate,West,Office Supplies,Fasteners,Denver,7,0.05,567.8,133.74
2017-08-10,Standard Class,Corporate,Central,Office Supplies,Binders,Minneapolis,9,0.0,528.46,62.22
2017-08-10,Standard Class,Home Office,West,Office Supplies,Paper,San Francisco,7,0.15,332.81,32.93
2017-08-10,First Class,Corporate,Central,Technology,Copiers,Houston,2,0.1,504.34,16.51
2017-08-10,First Class,Consumer,East,Office Supplies,Appliances,Columbus,3,0.3,146.33,16.23
2017-08-11,Standard Class,Consumer,South,Technology,Accessories,Miami,1,0.2,104.13,16.03
2017-08-11,Same Day,Home Office,Central,Technology,Machines,Houston,4,0.15,603.8,46.35
2017-08-11,Standard Class,Corporate,Central,Office Supplies,Binders,Chicago,6,0.0,234.24,13.21
2017-08-11,Second Class,Consumer,Central,Furniture,Furnishings,Houston,7,0.15,1520.16,-116.79
2017-08-11,First Class,Home Office,East,Furniture,Furnishings,Philadelphia,3,0.1,503.33,-43.49
2017-08-11,First Class,Corporate,East,Office Supplies,Paper,Philadelphia,1,0.0,78.26,18.18
2017-08-11,First Class,Corporate,South,Technology,Phones,Miami,7,0.15,1835.21,199.66
2017-08-11,Standard Class,Consumer,East,Furniture,Chairs,Philadelphia,8,0.2,1338.26,-51.87
2017-08-11,Standard Class,Home Office,West,Office Supplies,Labels,Seattle,2,0.05,136.59,19.94
2017-08-11,Second Class,Consumer,East,Technology,Accessories,Columbus,7,0.0,1907.56,298.94
2017-08-12,First Class,Home Office,South,Technology,Machines,Charlotte,7,0.05,1457.33,199.98
2017-08-12,Standard Class,Corporate,East,Office Supplies,Fasteners,Boston,9,0.2,779.61,25.65
2017-08-12,Second Class,Corporate,Central,Office Supplies,Storage,Minneapolis,8,0.0,339.7,52.96
2017-08-12,Second Class,Consumer,West,Technology,Copiers,Los Angeles,3,0.0,953.93,219.66
2017-08-12,Standard Class,Consumer,South,Furniture,Chairs,Nashville,3,0.0,257.15,-8.75
2017-08-12,Standard Class,Home Office,East,Office Supplies,Fasteners,Boston,1,0.15,99.92,5.95
2017-08-12,Standard Class,Home Office,Central,Office Supplies,Storage,Dallas,8,0.15,279.14,0.73
2017-08-12,Standard Class,Corporate,South,Technology,Accessories,Miami,7,0.0,4670.51,819.87
2017-08-13,Standard Class,Corporate,South,Office Supplies,Supplies,Miami,8,0.05,470.03,36.37
2017-08-13,Standard Class,Consumer,West,Office Supplies,Binders,Los Angeles,1,0.4,55.72,0.19
2017-08-13,Standard Class,Consumer,West,Office Supplies,Art,Denver,7,0.0,285.17,30.01
2017-08-13,First Class,Home Office,South,Office Supplies,Binders,Atlanta,1,0.15,35.74,1.8
2017-08-13,Standard Class,Consumer,Central,Office Supplies,Binders,Houston,3,0.0,109.78,16.72
2017-08-13,Second Class,Corporate,Central,Office Supplies,Appliances,Chicago,9,0.2,104.45,14.72
2017-08-13,Standard Class,Corporate,South,Office Supplies,Binders,Nashville,1,0.05,119.86,3.28
2017-08-13,First Class,Corporate,East,Office Supplies,Storage,Philadelphia,7,0.15,237.72,32.64
2017-08-13,Standard Class,Consumer,West,Furniture,Furnishings,Seattle,5,0.4,377.06,-64.63
2017-08-13,Standard Class,Home Office,Central,Furniture,Chairs,Houston,9,0.4,1597.55,-290.42
2017-08-13,Second Class,Consumer,East,Office Supplies,Envelopes,New York City,8,0.1,442.55,44.09
2017-08-13,Standard Class,Corporate,South,Furniture,Tables,Atlanta,4,0.2,401.69,-46.39
2017-08-13,Second Class,Corporate,West,Office Supplies,Binders,Seattle,4,0.2,318.24,-8.14
2017-08-14,Standard Class,Home Office,Central,Office Supplies,Appliances,Minneapolis,4,0.2,540.56,16.29
2017-08-14,Second Class,Corporate,Central,Office Supplies,Appliances,Minneapolis,8,0.2,216.64,9.05
2017-08-14,First Class,Home Office,Central,Office Supplies,Binders,Chicago,1,0.0,28.93,4.98
2017-08-14,Second Class,Consumer,South,Office Supplies,Storage,Atlanta,1,0.3,47.53,-5.01
2017-08-14,Second Class,Corporate,Central,Technology,Accessories,Chicago,5,0.15,674.14,48.56
2017-08-14,Standard Class,Consumer,Central,Technology,Machines,Houston,5,0.1,1371.18,93.16
2017-08-14,First Class,Corporate,South,Office Supplies,Paper,Atlanta,7,0.0,241.73,37.69
2017-08-14,Standard Class,Corporate,West,Technology,Phones,Los Angeles,5,0.0,985.23,86.05
2017-08-15,Standard Class,Home Office,East,Office Supplies,Envelopes,Columbus,5,0.15,162.22,4.96
2017-08-15,Standard Class,Consumer,South,Office Supplies,Art,Charlotte,3,0.2,93.34,-2.29
2017-08-15,Standard Class,Home Office,East,Office Supplies,Labels,Philadelphia,6,0.0,452.27,102.23
2017-08-15,First Class,Consumer,East,Office Supplies,Fasteners,Philadelphia,7,0.0,464.17,54.72
2017-08-15,Standard Class,Consumer,West,Furniture,Chairs,Seattle,8,0.1,1686.78,47.95
2017-08-15,Second Class,Corporate,Central,Technology,Phones,Houston,4,0.0,2077.08,582.75
2017-08-16,Second Class,Consumer,Central,Office Supplies,Fasteners,Minneapolis,8,0.05,575.26,97.16
2017-08-16,First Class,Consumer,East,Furniture,Chairs,New York City,7,0.05,1188.63,116.85
2017-08-16,Same Day,Consumer,East,Office Supplies,Art,Philadelphia,1,0.3,28.43,-0.4
2017-08-16,Same Day,Consumer,West,Technology,Accessories,Seattle,8,0.15,1369.14,104.65
2017-08-16,Second Class,Consumer,South,Technology,Phones,Miami,4,0.0,743.19,182.17
2017-08-16,Standard Class,Consumer,Central,Office Supplies,Supplies,Houston,1,0.0,105.01,3.69
2017-08-16,Standard Class,Home Office,East,Technology,Accessories,Columbus,3,0.0,590.43,131.24
2017-08-16,Second Class,Consumer,Central,Office Supplies,Supplies,Houston,6,0.0,539.49,65.99
2017-08-16,Standard Class,Corporate,East,Furniture,Tables,Boston,1,0.0,138.76,12.67
2017-08-16,Second Class,Consumer,West,Furniture,Furnishings,Los Angeles,7,0.1,1753.25,-53.52
2017-08-16,Standard Class,Corporate,East,Office Supplies,Envelopes,Boston,7,0.3,112.27,1.28
2017-08-16,Second Class,Consumer,West,Office Supplies,Labels,Denver,7,0.0,804.14,90.37
2017-08-16,Standard Class,Home Office,Central,Office Supplies,Appliances,Dallas,1,0.4,21.67,-1.73
2017-08-16,Second Class,Consumer,South,Office Supplies,Envelopes,Miami,8,0.0,900.79,146.43
2017-08-17,Standard Class,Consumer,Central,Office Supplies,Supplies,Houston,4,0.0,116.35,17.79
2017-08-17,Standard Class,Consumer,West,Office Supplies,Storage,Denver,8,0.15,649.77,104.52
2017-08-17,Standard Class,Consumer,Central,Technology,Copiers,Dallas,4,0.05,746.63,116.92
2017-08-17,Second Class,Consumer,West,Office Supplies,Storage,Denver,6,0.0,673.38,49.14
2017-08-17,,Consumer,South,Office Supplies,Appliances,Miami,5,0.0,206.58,32.35
2017-08-17,Standard Class,Corporate,East,Technology,Copiers,New York City,7,0.2,774.89,63.33
2017-08-18,Standard Class,Consumer,East,Office Supplies,Supplies,New York City,6,0.1,348.12,11.14
2017-08-18,Second Class,Consumer,Central,Office Supplies,Paper,Chicago,6,0.15,285.37,13.41
2017-08-18,Standard Class,Corporate,East,Furniture,Tables,Philadelphia,1,0.1,332.49,-1.65
2017-08-18,Standard Class,Corporate,West,Office Supplies,Envelopes,Denver,6,0.15,268.57,20.62
2017-08-18,Standard Class,Consumer,Central,Office Supplies,Binders,Chicago,3,0.3,115.72,-3.21
2017-08-18,Standard Class,Consumer,Central,Office Supplies,Supplies,Dallas,7,0.0,832.92,151.09
2017-08-18,Second Class,Corporate,South,Furniture,Bookcases,Atlanta,8,0.05,2203.97,62.37
2017-08-18,Standard Class,Home Office,Central,Technology,Machines,Minneapolis,9,0.15,1675.09,78.19
2017-08-18,First Class,Home Office,East,Office Supplies,Supplies,Boston,6,0.3,385.72,38.28
2017-08-19,Standard Class,Corporate,East,Office Supplies,Supplies,New York City,8,0.05,157.5,20.5
2017-08-19,Standard Class,Corporate,Central,Technology,Copiers,Chicago,1,0.0,148.12,25.77
2017-08-19,Standard Class,Consumer,West,Technology,Accessories,Los Angeles,1,0.2,174.48,35.82
2017-08-19,Standard Class,Corporate,West,Office Supplies,Labels,Los Angeles,3,0.15,55.37,1.68
2017-08-19,Standard Class,Corporate,West,Office Supplies,Supplies,Seattle,3,0.15,198.32,-9.13
2017-08-19,Standard Class,Consumer,West,Furniture,Furnishings,Los Angeles,8,0.4,2596.03,-417.99
2017-08-19,Second Class,Home Office,Central,Office Supplies,Envelopes,Minneapolis,4,0.1,185.47,24.37
2017-08-20,Second Class,Consumer,West,Technology,Phones,San Francisco,4,0.1,738.57,152.82
2017-08-20,Second Class,Consumer,East,Office Supplies,Supplies,New York City,8,0.0,707.03,39.13
2017-08-20,Standard Class,Consumer,West,Office Supplies,Art,Denver,8,0.1,205.1,27.05
2017-08-20,First Class,Home Office,West,Office Supplies,Appliances,Denver,9,0.05,863.03,146.15
2017-08-20,Standard Class,Corporate,Central,Technology,Machines,Dallas,2,0.1,878.62,233.41
2017-08-20,Second Class,Corporate,South,Office Supplies,Fasteners,Atlanta,1,0.1,25.7,3.82
2017-08-21,Standard Class,Corporate,East,Office Supplies,Paper,Columbus,7,0.0,422.1,94.94
2017-08-21,Standard Class,Corporate,Central,Office Supplies,Binders,Dallas,3,0.1,146.98,14.33
2017-08-21,Standard Class,Corporate,Central,Office Supplies,Supplies,Dallas,4,0.1,108.8,-0.73
2017-08-21,Same Day,Consumer,East,Furniture,Chairs,Philadelphia,6,0.1,1334.66,55.5
2017-08-21,Standard Class,Consumer,East,Office Supplies,Labels,Boston,6,0.4,38.97,-4.22
2017-08-21,First Class,Consumer,Central,Office Supplies,Paper,Chicago,4,0.1,335.08,38.45
2017-08-21,Standard Class,Consumer,South,Furniture,Chairs,Charlotte,6,0.0,1147.46,-4.26
2017-08-22,Second Class,Corporate,Central,Office Supplies,Appliances,Houston,4,0.4,114.14,-6.91
2017-08-22,Second Class,Corporate,West,Office Supplies,Labels,Denver,1,0.4,55.08,-0.74
2017-08-22,Same Day,Consumer,South,Office Supplies,Labels,Nashville,5,0.0,312.64,54.85
2017-08-22,Standard Class,Consumer,West,Furniture,Bookcases,Seattle,8,0.05,1461.1,-31.47
2017-08-22,Second Class,Consumer,East,Technology,Accessories,Philadelphia,2,0.1,293.76,44.41
2017-08-22,First Class,Consumer,East,Furniture,Bookcases,Columbus,7,0.3,687.65,-50.57
2017-08-22,Standard Class,Home Office,West,Office Supplies,Fasteners,Denver,9,0.15,1564.86,95.71
2017-08-22,Standard Class,Home Office,West,Office Supplies,Binders,San Francisco,8,0.05,503.32,95.55
2017-08-23,First Class,Corporate,West,Office Supplies,Appliances,San Francisco,9,0.1,387.46,72.02
2017-08-23,Standard Class,Corporate,East,Office Supplies,Storage,Columbus,1,0.15,37.2,2.63
2017-08-23,Standard Class,Consumer,Central,Furniture,Chairs,Dallas,8,0.0,1579.35,86.77
2017-08-23,Standard Class,Consumer,West,Furniture,Furnishings,Denver,2,0.0,747.27,113.38
2017-08-23,Standard Class,Consumer,South,Office Supplies,Art,Atlanta,4,0.3,132.84,-0.71
2017-08-23,Standard Class,Consumer,West,Furniture,Furnishings,San Francisco,3,0.15,407.05,-7.18
2017-08-23,First Class,Consumer,West,Technology,Copiers,Denver,1,0.2,174.35,19.13
2017-08-24,Standard Class,Corporate,West,Office Supplies,Paper,Denver,5,0.0,364.54,58.01
2017-08-24,Standard Class,Consumer,Central,Office Supplies,Binders,Minneapolis,5,0.0,308.15,41.5
2017-08-24,Standard Class,Corporate,South,Furniture,Bookcases,Miami,1,0.1,349.37,33.37
2017-08-24,Standard Class,Consumer,West,Office Supplies,Paper,Seattle,1,0.0,57.62,7.43
2017-08-24,Standard Class,Home Office,East,Office Supplies,Paper,Philadelphia,5,0.1,265.24,19.93
2017-08-24,Second Class,Corporate,South,Office Supplies,Supplies,Charlotte,7,0.0,611.39,112.75
2017-08-24,Standard Class,Home Office,South,Furniture,Furnishings,Charlotte,6,0.1,1397.55,-19.51
2017-08-25,Standard Class,Consumer,Central,Office Supplies,Binders,Houston,4,0.2,298.47,18.53
2017-08-25,Standard Class,Corporate,West,Office Supplies,Binders,Denver,5,0.1,496.99,73.89
2017-08-25,Standard Class,Consumer,Central,Office Supplies,Fasteners,Chicago,7,0.0,474.32,40.35
2017-08-25,Standard Class,Consumer,West,Office Supplies,Envelopes,Denver,1,0.0,55.94,8.35
2017-08-25,Standard Class,Corporate,East,Office Supplies,Art,Boston,8,0.0,299.55,47.09
2017-08-25,Second Class,Consumer,East,Technology,Accessories,Philadelphia,4,0.0,2040.19,342.72
2017-08-25,Standard Class,Corporate,Central,Office Supplies,Fasteners,Minneapolis,7,0.0,461.14,93.88
2017-08-26,Standard Class,Corporate,East,Furniture,Bookcases,Philadelphia,2,0.0,367.35,47.37
2017-08-26,Standard Class,Consumer,Central,Furniture,Chairs,Chicago,3,0.15,525.91,-3.24
2017-08-26,First Class,Corporate,West,Office Supplies,Fasteners,Seattle,3,0.0,272.46,41.94
2017-08-26,First Class,Corporate,Central,Furniture,Furnishings,Houston,1,0.0,160.05,12.66
2017-08-26,Standard Class,Consumer,South,Furniture,Tables,Miami,5,0.1,819.99,21.78
2017-08-26,Standard Class,Home Office,East,Office Supplies,Paper,New York City,6,0.05,701.87,120.38
2017-08-26,First Class,Consumer,West,Office Supplies,Fasteners,Seattle,7,0.0,234.92,45.52
2017-08-26,Second Class,Corporate,West,Office Supplies,Supplies,Seattle,3,0.0,102.9,12.57
2017-08-27,First Class,Home Office,East,Office Supplies,Storage,Philadelphia,4,0.05,151.98,12.1
2017-08-27,First Class,Consumer,West,Furniture,Furnishings,Denver,6,0.2,469.12,-19.4
2017-08-27,First Class,Consumer,Central,Office Supplies,Paper,Houston,3,0.0,167.11,38.06
2017-08-27,Standard Class,Corporate,South,Furniture,Tables,Charlotte,5,0.15,493.98,22.09
2017-08-27,Standard Class,Corporate,Central,Technology,Machines,Minneapolis,7,0.1,1980.81,35.75
2017-08-27,Second Class,Consumer,South,Office Supplies,Fasteners,Nashville,6,0.0,504.39,63.61
2017-08-28,Second Class,Consumer,South,Office Supplies,Paper,Charlotte,3,0.3,78.89,-4.73
2017-08-28,Standard Class,Corporate,West,Furniture,Chairs,San Francisco,7,0.2,1336.56,-88.39
2017-08-28,,Consumer,South,Office Supplies,Paper,Nashville,2,0.2,42.19,1.79
2017-08-28,Standard Class,Corporate,East,Furniture,Bookcases,Boston,7,0.05,856.92,-64.44
2017-08-28,Standard Class,Consumer,West,Office Supplies,Supplies,Seattle,8,0.15,393.88,-4.25
2017-08-29,Standard Class,Corporate,East,Furniture,Bookcases,Boston,2,0.2,423.74,-16.37
2017-08-29,Standard Class,Corporate,Central,Office Supplies,Binders,Chicago,1,0.0,102.73,22.17
2017-08-29,Second Class,Consumer,West,Furniture,Chairs,Los Angeles,4,0.05,515.86,-19.74
2017-08-29,Same Day,Home Office,Central,Furniture,Tables,Chicago,9,0.15,5435.75,-196.03
2017-08-29,Second Class,Consumer,East,Technology,Copiers,Columbus,4,0.2,540.05,36.4
2017-08-29,Standard Class,Home Office,South,Technology,Phones,Atlanta,2,0.1,585.31,63.4
2017-08-30,Standard Class,Home Office,East,Office Supplies,Labels,New York City,1,0.1,40.32,4.55
2017-08-30,Standard Class,Consumer,West,Office Supplies,Art,San Francisco,4,0.0,160.6,13.24
2017-08-30,Standard Class,Corporate,West,Office Supplies,Binders,Seattle,3,0.2,65.59,4.96
2017-08-31,Second Class,Corporate,West,Office Supplies,Appliances,Seattle,2,0.2,129.25,-9.93
2017-08-31,Second Class,Corporate,West,Office Supplies,Supplies,Los Angeles,3,0.2,219.98,2.33
2017-08-31,Second Class,Consumer,Central,Furniture,Furnishings,Minneapolis,9,0.1,1521.48,97.06
2017-08-31,Standard Class,Consumer,East,Office Supplies,Envelopes,Columbus,3,0.3,266.37,-6.99
2017-08-31,Standard Class,Consumer,West,Office Supplies,Art,San Francisco,7,0.4,326.49,-13.84
2017-08-31,Standard Class,Corporate,West,Office Supplies,Storage,Denver,8,0.0,337.37,39.0
2017-08-31,Standard Class,Corporate,West,Office Supplies,Paper,Denver,9,0.1,408.21,12.23
2017-08-31,Standard Class,Home Office,East,Office Supplies,Fasteners,Boston,7,0.4,318.1,-45.56
2017-08-31,First Class,Consumer,East,Office Supplies,Supplies,Columbus,4,0.1,65.19,10.7
2017-08-31,Standard Class,Consumer,Central,Furniture,Tables,Dallas,3,0.2,928.51,-10.85
2017-09-01,Standard Class,Consumer,East,Furniture,Furnishings,Philadelphia,6,0.15,2470.42,-126.02
2017-09-01,Second Class,Corporate,West,Office Supplies,Fasteners,Los Angeles,6,0.4,170.06,-9.03
2017-09-01,First Class,Consumer,West,Furniture,Bookcases,Seattle,2,0.0,543.34,32.4
2017-09-01,Standard Class,Consumer,West,Office Supplies,Supplies,Denver,7,0.0,163.75,30.38
2017-09-01,Standard Class,Home Office,Central,Technology,Copiers,Minneapolis,5,0.0,1446.6,225.66
2017-09-02,Standard Class,Corporate,Central,Furniture,Chairs,Minneapolis,3,0.1,182.03,2.38
2017-09-02,Second Class,Home Office,East,Office Supplies,Fasteners,Boston,6,0.3,319.96,17.73
2017-09-02,Second Class,Consumer,East,Technology,Accessories,Philadelphia,6,0.0,693.05,149.93
2017-09-02,Standard Class,Consumer,Central,Office Supplies,Art,Minneapolis,9,0.0,1337.2,53.65
2017-09-02,Standard Class,Home Office,Central,Furniture,Bookcases,Houston,3,0.05,313.17,29.74
2017-09-02,Standard Class,Consumer,East,Office Supplies,Art,Boston,1,0.0,31.38,5.5
2017-09-03,Standard Class,Consumer,East,Office Supplies,Supplies,Boston,4,0.0,378.72,24.9
2017-09-03,Standard Class,Consumer,Central,Furniture,Tables,Chicago,4,0.05,500.99,11.75
2017-09-03,Second Class,Corporate,East,Furniture,Chairs,Columbus,2,0.1,388.92,-23.36
2017-09-03,Second Class,Home Office,Central,Technology,Copiers,Chicago,5,0.0,1105.7,312.9
2017-09-03,Second Class,Consumer,East,Office Supplies,Fasteners,Philadelphia,1,0.0,46.06,5.23
2017-09-03,Standard Class,Consumer,Central,Office Supplies,Storage,Dallas,1,0.0,42.53,2.61
2017-09-04,Standard Class,Consumer,West,Furniture,Furnishings,Los Angeles,2,0.1,483.42,57.84
2017-09-04,Same Day,Home Office,West,Office Supplies,Appliances,San Francisco,1,0.3,76.84,-11.23
2017-09-04,Standard Class,Consumer,Central,Technology,Copiers,Chicago,7,0.0,2306.61,432.07
2017-09-04,Same Day,Consumer,West,Office Supplies,Appliances,Denver,7,0.2,421.36,-0.44
2017-09-04,Standard Class,Consumer,Central,Office Supplies,Supplies,Dallas,3,0.0,113.97,18.01
2017-09-04,Second Class,Consumer,West,Office Supplies,Binders,Denver,1,0.0,67.27,7.57
2017-09-04,Standard Class,Home Office,West,Office Supplies,Labels,San Francisco,6,0.3,182.67,-7.39
2017-09-04,Same Day,Home Office,Central,Office Supplies,Fasteners,Chicago,9,0.4,742.29,-37.88
2017-09-04,First Class,Consumer,West,Office Supplies,Envelopes,Los Angeles,8,0.2,242.5,-1.25
2017-09-05,Second Class,Corporate,South,Office Supplies,Appliances,Charlotte,2,0.15,88.66,4.22
2017-09-05,Standard Class,Home Office,West,Office Supplies,Supplies,Seattle,4,0.2,289.29,22.65
2017-09-05,First Class,Consumer,West,Furniture,Chairs,Seattle,1,0.0,183.54,29.86
2017-09-05,Standard Class,Corporate,East,Office Supplies,Art,Boston,9,0.1,454.98,71.13
2017-09-05,Standard Class,Corporate,West,Office Supplies,Storage,Denver,2,0.3,47.06,-3.83
2017-09-05,Standard Class,Consumer,East,Furniture,Tables,New York City,2,0.3,164.46,-24.89
2017-09-05,Second Class,Corporate,West,Office Supplies,Binders,Seattle,1,0.15,78.61,-5.88
2017-09-06,Standard Class,Consumer,South,Office Supplies,Appliances,Charlotte,3,0.2,179.03,13.53
2017-09-06,Standard Class,Home Office,West,Office Supplies,Appliances,Denver,1,0.15,67.0,9.73
2017-09-06,Standard Class,Home Office,South,Office Supplies,Supplies,Atlanta,3,0.0,46.4,3.52
2017-09-06,Standard Class,Corporate,Central,Technology,Machines,Minneapolis,8,0.05,1824.72,329.36
2017-09-06,Standard Class,Consumer,Central,Office Supplies,Storage,Dallas,3,0.0,120.74,17.38
2017-09-06,Standard Class,Consumer,Central,Office Supplies,Appliances,Dallas,5,0.0,688.13,139.44
2017-09-07,First Class,Corporate,East,Office Supplies,Labels,Boston,5,0.0,465.35,46.28
2017-09-07,Standard Class,Consumer,Central,Technology,Accessories,Chicago,5,0.2,2241.23,18.42
2017-09-07,Standard Class,Corporate,West,Office Supplies,Supplies,Denver,9,0.2,269.93,10.45
2017-09-07,Standard Class,Home Office,West,Technology,Accessories,Los Angeles,6,0.05,1096.43,263.43
2017-09-07,Standard Class,Consumer,Central,Office Supplies,Storage,Chicago,9,0.1,634.05,-5.59
2017-09-07,First Class,Home Office,West,Office Supplies,Fasteners,Los Angeles,3,0.2,226.17,17.26
2017-09-08,Standard Class,Consumer,East,Furniture,Chairs,Boston,7,0.2,552.25,-7.82
2017-09-08,First Class,Consumer,South,Office Supplies,Binders,Atlanta,8,0.05,606.89,77.84
2017-09-08,Second Class,Consumer,West,Technology,Copiers,Seattle,4,0.0,1316.98,288.1
2017-09-08,Standard Class,Home Office,Central,Technology,Copiers,Houston,9,0.0,1909.86,626.22
2017-09-09,First Class,Consumer,West,Office Supplies,Labels,San Francisco,7,0.2,242.7,2.46
2017-09-09,Standard Class,Corporate,East,Office Supplies,Appliances,Boston,1,0.0,29.71,2.31
2017-09-09,Same Day,Home Office,Central,Technology,Copiers,Dallas,5,0.05,1205.31,309.99
2017-09-09,Standard Class,Corporate,Central,Office Supplies,Labels,Dallas,6,0.05,254.32,42.02
2017-09-09,Standard Class,Consumer,Central,Office Supplies,Paper,Chicago,2,0.15,81.1,6.49
2017-09-09,Same Day,Consumer,West,Office Supplies,Binders,Denver,9,0.0,898.78,131.7
2017-09-10,Standard Class,Consumer,West,Office Supplies,Storage,Seattle,2,0.0,78.09,15.71
2017-09-10,Standard Class,Corporate,West,Office Supplies,Envelopes,Denver,5,0.15,272.21,17.16
2017-09-10,Standard Class,Consumer,South,Furniture,Tables,Charlotte,8,0.15,2771.39,-11.47
2017-09-10,First Class,Consumer,East,Furniture,Bookcases,Columbus,7,0.0,662.86,46.68
2017-09-10,Standard Class,Consumer,West,Technology,Phones,Seattle,7,0.1,1237.74,282.89
2017-09-10,Same Day,Corporate,Central,Furniture,Bookcases,Houston,1,0.3,74.96,-8.9
2017-09-11,Standard Class,Consumer,West,Office Supplies,Binders,Los Angeles,5,0.0,251.41,32.66
2017-09-11,First Class,Home Office,South,Technology,Machines,Nashville,2,0.1,320.45,54.21
2017-09-11,Standard Class,Consumer,South,Technology,Machines,Atlanta,3,0.2,299.85,46.64
2017-09-11,Standard Class,Corporate,West,Office Supplies,Paper,Denver,3,0.1,159.3,3.6
2017-09-11,Standard Class,Consumer,South,Office Supplies,Binders,Charlotte,5,0.1,105.89,-3.78
2017-09-11,Standard Class,Corporate,Central,Technology,Phones,Chicago,5,0.1,647.29,44.91
2017-09-11,Second Class,Home Office,West,Furniture,Bookcases,Seattle,7,0.0,2359.85,143.68
2017-09-12,Second Class,Consumer,South,Office Supplies,Storage,Charlotte,7,0.15,277.63,41.78
2017-09-12,Standard Class,Corporate,South,Furniture,Tables,Nashville,7,0.15,574.82,-7.52
2017-09-12,Standard Class,Corporate,East,Technology,Copiers,New York City,6,0.05,2742.93,472.32
2017-09-12,Standard Class,Corporate,Central,Technology,Copiers,Chicago,8,0.3,1573.01,139.2
2017-09-12,Second Class,Home Office,East,Office Supplies,Paper,Boston,8,0.1,375.18,70.8
2017-09-12,Same Day,Consumer,West,Technology,Copiers,Seattle,6,0.15,969.81,201.93
2017-09-13,Standard Class,Corporate,West,Office Supplies,Fasteners,Denver,1,0.15,94.29,7.87
2017-09-13,Standard Class,Consumer,South,Office Supplies,Labels,Charlotte,2,0.3,92.55,-0.1
2017-09-13,Standard Class,Corporate,East,Technology,Phones,New York City,6,0.15,1762.29,-65.1
2017-09-13,Standard Class,Home Office,West,Office Supplies,Binders,Denver,4,0.2,643.66,104.48
2017-09-13,Standard Class,Corporate,West,Technology,Accessories,Seattle,7,0.1,2209.98,319.98
2017-09-13,First Class,Home Office,East,Furniture,Furnishings,Boston,6,0.1,1391.51,-57.07
2017-09-13,Standard Class,Corporate,West,Office Supplies,Labels,San Francisco,8,0.15,502.91,54.14
2017-09-13,Second Class,Consumer,Central,Office Supplies,Binders,Minneapolis,8,0.1,415.49,67.03
2017-09-13,Second Class,Corporate,East,Technology,Phones,Boston,3,0.1,944.79,174.91
2017-09-13,Standard Class,Corporate,Central,Technology,Phones,Minneapolis,5,0.3,565.02,-41.91
2017-09-13,Standard Class,Consumer,Central,Furniture,Tables,Chicago,1,0.0,187.91,2.6
2017-09-13,Standard Class,Home Office,East,Office Supplies,Envelopes,New York City,8,0.4,396.03,-30.37
2017-09-14,Standard Class,Home Office,South,Technology,Copiers,Charlotte,2,0.15,620.68,68.26
2017-09-14,Standard Class,Consumer,East,Technology,Copiers,Philadelphia,3,0.1,379.67,19.48
2017-09-14,Standard Class,Corporate,South,Office Supplies,Appliances,Miami,1,0.05,35.3,7.47
2017-09-14,First Class,Corporate,Central,Office Supplies,Envelopes,Minneapolis,3,0.15,310.83,35.44
2017-09-14,Second Class,Consumer,South,Office Supplies,Binders,Nashville,4,0.4,147.15,-1.14
2017-09-14,Standard Class,Corporate,South,Office Supplies,Storage,Nashville,3,0.1,99.59,9.63
2017-09-14,Second Class,Home Office,South,Office Supplies,Art,Atlanta,4,0.1,237.2,29.37
2017-09-14,Standard Class,Consumer,South,Office Supplies,Envelopes,Nashville,5,0.2,127.86,-1.37
2017-09-14,Second Class,Consumer,South,Office Supplies,Storage,Miami,9,0.0,328.24,49.26
2017-09-14,Same Day,Corporate,East,Furniture,Tables,Boston,5,0.0,650.85,40.49
2017-09-15,First Class,Corporate,West,Furniture,Tables,Denver,4,0.15,629.82,-8.93
2017-09-15,Standard Class,Consumer,East,Technology,Phones,New York City,8,0.3,884.76,-30.96
2017-09-15,First Class,Consumer,South,Office Supplies,Envelopes,Charlotte,8,0.15,258.97,-0.34
2017-09-15,Second Class,Home Office,South,Office Supplies,Fasteners,Nashville,2,0.0,91.16,10.93
2017-09-15,Standard Class,Corporate,East,Office Supplies,Art,New York City,1,0.2,75.96,-7.37
2017-09-15,Second Class,Consumer,East,Office Supplies,Envelopes,New York City,1,0.3,35.28,-3.17
2017-09-15,First Class,Corporate,East,Office Supplies,Fasteners,Boston,7,0.2,302.02,41.52
2017-09-15,Standard Class,Consumer,East,Technology,Phones,New York City,3,0.05,895.35,151.22
2017-09-15,Standard Class,Consumer,East,Office Supplies,Envelopes,New York City,5,0.1,198.59,15.3
2017-09-15,Standard Class,Home Office,West,Technology,Copiers,Seattle,3,0.1,418.47,59.75
2017-09-15,Standard Class,Home Office,East,Office Supplies,Labels,Philadelphia,8,0.15,301.92,59.23
2017-09-15,Second Class,Consumer,West,Office Supplies,Binders,San Francisco,6,0.0,332.5,45.71
2017-09-15,Standard Class,Consumer,South,Office Supplies,Paper,Charlotte,8,0.2,336.88,41.17
2017-09-16,Standard Class,Corporate,South,Office Supplies,Supplies,Nashville,8,0.0,961.04,145.79
2017-09-16,Standard Class,Consumer,Central,Office Supplies,Fasteners,Dallas,5,0.15,215.35,16.8
2017-09-16,Standard Class,Consumer,East,Technology,Accessories,Philadelphia,6,0.2,726.62,153.43
2017-09-16,Second Class,Consumer,West,Office Supplies,Storage,Seattle,8,0.2,407.06,36.73
2017-09-16,Standard Class,Home Office,East,Office Supplies,Fasteners,New York City,9,0.2,401.78,-21.51
2017-09-17,Standard Class,Consumer,West,Office Supplies,Envelopes,Los Angeles,2,0.0,220.3,43.3
2017-09-17,Standard Class,Corporate,East,Office Supplies,Fasteners,New York City,1,0.3,68.97,-1.9
2017-09-17,Standard Class,Home Office,Central,Office Supplies,Fasteners,Dallas,4,0.4,118.25,-19.13
2017-09-17,Second Class,Consumer,South,Furniture,Furnishings,Atlanta,1,0.0,188.72,-9.5
2017-09-17,Standard Class,Consumer,West,Furniture,Bookcases,San Francisco,5,0.3,903.92,-166.57
2017-09-17,Standard Class,Consumer,West,Office Supplies,Binders,San Francisco,4,0.1,109.98,13.89
2017-09-17,Standard Class,Corporate,East,Office Supplies,Labels,Columbus,9,0.0,472.26,56.44
2017-09-17,Second Class,Home Office,Central,Office Supplies,Appliances,Chicago,7,0.0,484.76,116.32
2017-09-18,First Class,Home Office,East,Office Supplies,Art,New York City,2,0.0,16.99,3.49
2017-09-18,Standard Class,Consumer,East,Furniture,Furnishings,Columbus,2,0.2,637.44,26.12
2017-09-18,First Class,Home Office,Central,Office Supplies,Fasteners,Dallas,3,0.15,62.21,4.84
2017-09-18,Standard Class,Consumer,Central,Office Supplies,Art,Houston,8,0.3,246.34,1.69
2017-09-18,Standard Class,Home Office,East,Office Supplies,Labels,New York City,8,0.05,364.11,85.27
2017-09-18,Standard Class,Home Office,East,Office Supplies,Paper,Columbus,5,0.1,326.38,43.87
2017-09-19,Standard Class,Consumer,East,Technology,Accessories,New York City,4,0.2,554.21,39.82
2017-09-19,Standard Class,Consumer,Central,Office Supplies,Appliances,Houston,2,0.2,66.42,5.17
2017-09-19,Second Class,Consumer,East,Office Supplies,Labels,New York City,1,0.1,40.58,4.94
2017-09-19,Standard Class,Corporate,East,Technology,Copiers,Columbus,9,0.4,2031.57,41.54
2017-09-19,Standard Class,Consumer,Central,Technology,Copiers,Chicago,5,0.4,299.73,-8.19
2017-09-20,Standard Class,Consumer,Central,Office Supplies,Supplies,Chicago,4,0.05,296.57,59.18
2017-09-20,Standard Class,Consumer,Central,Office Supplies,Paper,Dallas,8,0.2,684.48,-27.25
2017-09-20,Standard Class,Corporate,East,Office Supplies,Storage,Boston,3,0.1,62.2,7.82
2017-09-20,Second Class,Consumer,West,Office Supplies,Paper,San Francisco,7,0.1,167.46,20.11
2017-09-20,Standard Class,Consumer,East,Office Supplies,Envelopes,Boston,2,0.0,125.25,21.5
2017-09-21,Standard Class,Corporate,East,Office Supplies,Paper,Columbus,7,0.2,116.34,5.37
2017-09-21,First Class,Consumer,Central,Office Supplies,Storage,Dallas,4,0.3,178.51,12.03
2017-09-21,Standard Class,Corporate,East,Office Supplies,Paper,New York City,1,0.1,71.26,10.78
2017-09-21,Standard Class,Corporate,East,Technology,Machines,Boston,1,0.1,232.55,51.04
2017-09-21,Second Class,Consumer,Central,Office Supplies,Paper,Minneapolis,5,0.1,109.51,3.41
2017-09-21,Standard Class,Corporate,East,Furniture,Bookcases,Columbus,1,0.2,246.12,-14.89
2017-09-21,Standard Class,Corporate,South,Office Supplies,Paper,Charlotte,6,0.2,276.53,12.06
2017-09-21,First Class,Home Office,Central,Office Supplies,Storage,Dallas,7,0.0,159.52,32.49
2017-09-21,Standard Class,Home Office,East,Technology,Phones,Boston,2,0.0,386.39,77.25
2017-09-21,Standard Class,Consumer,East,Technology,Accessories,Columbus,2,0.0,913.47,47.54
2017-09-21,Standard Class,Corporate,West,Technology,Phones,Los Angeles,5,0.2,929.15,98.53
2017-09-22,Standard Class,Consumer,South,Office Supplies,Storage,Miami,6,0.0,119.19,28.57
2017-09-22,Same Day,Consumer,East,Furniture,Furnishings,Philadelphia,4,0.15,1001.82,-48.26
2017-09-22,First Class,Consumer,East,Office Supplies,Appliances,Columbus,5,0.05,181.73,31.0
2017-09-22,Standard Class,Home Office,Central,Office Supplies,Fasteners,Dallas,1,0.05,25.24,3.34
2017-09-22,Standard Class,Consumer,South,Office Supplies,Envelopes,Miami,4,0.3,189.97,16.36
2017-09-22,Second Class,Corporate,Central,Furniture,Tables,Dallas,8,0.0,2442.17,193.09
2017-09-22,Standard Class,Consumer,West,Office Supplies,Supplies,San Francisco,2,0.05,91.84,21.53
2017-09-22,Standard Class,Consumer,Central,Furniture,Chairs,Dallas,6,0.4,771.37,-85.17
2017-09-22,Same Day,Corporate,West,Furniture,Chairs,San Francisco,1,0.2,175.13,-3.72
2017-09-22,Standard Class,Corporate,East,Furniture,Chairs,Philadelphia,2,0.15,459.11,27.02
2017-09-23,Standard Class,Corporate,West,Technology,Copiers,San Francisco,3,0.15,579.14,89.01
2017-09-23,First Class,Consumer,South,Furniture,Chairs,Miami,8,0.15,1507.92,18.09
2017-09-23,Standard Class,Corporate,East,Office Supplies,Fasteners,New York City,8,0.15,346.31,24.24
2017-09-23,Standard Class,Corporate,West,Office Supplies,Fasteners,Los Angeles,3,0.1,173.3,20.48
2017-09-23,Standard Class,Consumer,West,Furniture,Tables,San Francisco,6,0.1,827.83,52.16
2017-09-23,Standard Class,Home Office,West,Technology,Machines,Denver,5,0.15,3934.0,513.12
2017-09-23,Standard Class,Corporate,West,Furniture,Tables,Los Angeles,7,0.15,1084.87,-26.98
2017-09-23,First Class,Consumer,Central,Office Supplies,Envelopes,Minneapolis,5,0.2,234.05,-5.33
2017-09-23,First Class,Corporate,West,Technology,Phones,Denver,3,0.05,880.6,187.01
2017-09-24,Standard Class,Corporate,East,Technology,Phones,Philadelphia,7,0.3,1700.47,369.25
2017-09-24,Standard Class,Corporate,East,Office Supplies,Binders,Boston,4,0.2,198.51,7.07
2017-09-24,Standard Class,Consumer,East,Office Supplies,Fasteners,New York City,4,0.0,78.79,8.72
2017-09-24,Same Day,Corporate,East,Office Supplies,Paper,Boston,2,0.2,150.35,30.65
2017-09-24,Standard Class,Home Office,Central,Technology,Machines,Minneapolis,8,0.0,1460.15,299.49
2017-09-24,Standard Class,Consumer,West,Technology,Machines,Los Angeles,6,0.15,934.12,69.62
2017-09-24,Second Class,Consumer,East,Office Supplies,Supplies,New York City,6,0.0,180.39,20.99
2017-09-24,First Class,Home Office,East,Office Supplies,Binders,Columbus,1,0.0,91.05,9.87
2017-09-24,Standard Class,Home Office,East,Office Supplies,Fasteners,Columbus,7,0.0,330.96,68.25
2017-09-24,Standard Class,Consumer,West,Office Supplies,Paper,Seattle,9,0.4,213.38,-19.76
2017-09-25,First Class,Home Office,Central,Technology,Copiers,Chicago,8,0.2,2969.82,283.87
2017-09-25,Standard Class,Consumer,West,Office Supplies,Binders,Los Angeles,9,0.2,368.1,-11.0
2017-09-25,Standard Class,Corporate,East,Technology,Copiers,Boston,4,0.15,597.24,92.22
2017-09-25,Standard Class,Corporate,East,Furniture,Bookcases,Columbus,8,0.2,1268.83,40.23
2017-09-25,First Class,Consumer,South,Office Supplies,Fasteners,Miami,3,0.2,139.14,0.84
2017-09-25,Standard Class,Consumer,South,Office Supplies,Labels,Miami,1,0.0,53.58,7.51
2017-09-25,Second Class,Consumer,East,Office Supplies,Fasteners,Philadelphia,8,0.0,364.5,43.2
2017-09-25,Standard Class,Home Office,West,Office Supplies,Storage,San Francisco,8,0.0,585.73,110.76
2017-09-26,Standard Class,Consumer,Central,Technology,Machines,Chicago,7,0.05,245.18,51.74
2017-09-26,Same Day,Consumer,East,Furniture,Chairs,Boston,3,0.2,446.62,27.76
2017-09-26,Standard Class,Consumer,East,Technology,Copiers,Columbus,4,0.1,822.98,185.92
2017-09-26,Standard Class,Consumer,East,Office Supplies,Art,New York City,6,0.0,84.72,19.91
2017-09-26,Standard Class,Home Office,South,Office Supplies,Storage,Atlanta,3,0.1,514.87,61.5
2017-09-27,First Class,Consumer,West,Office Supplies,Envelopes,Denver,4,0.4,211.86,-15.88
2017-09-27,Standard Class,Consumer,West,Office Supplies,Binders,Denver,3,0.2,69.71,5.72
2017-09-27,Standard Class,Corporate,East,Furniture,Bookcases,New York City,5,0.15,278.14,-10.32
2017-09-28,First Class,Corporate,Central,Technology,Copiers,Minneapolis,1,0.2,197.64,30.8
2017-09-28,Standard Class,Corporate,Central,Technology,Machines,Chicago,2,0.2,243.77,14.21
2017-09-28,Standard Class,Consumer,East,Office Supplies,Art,New York City,9,0.2,400.87,54.84
2017-09-28,Second Class,Consumer,East,Office Supplies,Supplies,Columbus,6,0.15,216.86,12.53
2017-09-29,Second Class,Corporate,South,Office Supplies,Labels,Charlotte,9,0.0,662.1,117.81
2017-09-29,First Class,Consumer,West,Furniture,Bookcases,Seattle,6,0.3,378.69,-58.92
2017-09-29,First Class,Consumer,East,Technology,Copiers,Columbus,4,0.0,828.03,130.41
2017-09-29,Same Day,Corporate,Central,Technology,Machines,Houston,6,0.2,1370.93,3.69
2017-09-29,Standard Class,Home Office,East,Office Supplies,Appliances,Columbus,8,0.1,105.43,9.81
2017-09-29,Standard Class,Consumer,South,Office Supplies,Art,Atlanta,5,0.4,234.86,-13.41
2017-09-29,Standard Class,Corporate,Central,Office Supplies,Binders,Dallas,1,0.0,85.2,4.63
2017-09-29,Standard Class,Consumer,East,Office Supplies,Art,New York City,4,0.0,107.37,12.65
2017-09-29,Standard Class,Consumer,South,Office Supplies,Supplies,Charlotte,7,0.3,1314.92,-32.74
2017-09-29,Standard Class,Corporate,East,Office Supplies,Paper,Philadelphia,4,0.05,316.3,42.64
2017-09-30,Same Day,Consumer,West,Office Supplies,Envelopes,Denver,1,0.2,66.17,0.32
2017-09-30,Standard Class,Consumer,Central,Furniture,Furnishings,Houston,2,0.0,481.32,55.91
2017-09-30,First Class,Consumer,Central,Furniture,Tables,Chicago,2,0.0,185.9,21.37
2017-09-30,Standard Class,Consumer,Central,Office Supplies,Labels,Dallas,9,0.05,160.05,28.14
2017-09-30,Standard Class,Corporate,West,Furniture,Bookcases,San Francisco,7,0.2,509.91,-13.32
2017-09-30,First Class,Consumer,East,Office Supplies,Appliances,Philadelphia,4,0.1,153.31,15.73
2017-09-30,Standard Class,Corporate,West,Technology,Accessories,Seattle,8,0.15,824.34,110.21
2017-09-30,Standard Class,Consumer,East,Technology,Machines,Columbus,3,0.0,1175.12,258.76
2017-10-01,Standard Class,Consumer,Central,Office Supplies,Labels,Chicago,8,0.1,686.09,79.75
2017-10-01,Same Day,Corporate,West,Office Supplies,Labels,Los Angeles,4,0.2,97.32,11.67
2017-10-01,Standard Class,Home Office,Central,Office Supplies,Envelopes,Houston,5,0.15,804.48,98.66
2017-10-01,Standard Class,Consumer,Central,Office Supplies,Binders,Dallas,9,0.0,343.83,62.75
2017-10-01,Same Day,Consumer,Central,Furniture,Furnishings,Minneapolis,9,0.2,344.28,-48.61
2017-10-01,Standard Class,Consumer,South,Office Supplies,Art,Atlanta,5,0.2,240.73,14.39
2017-10-01,Second Class,Corporate,West,Technology,Phones,Denver,3,0.0,436.58,156.07
2017-10-01,First Class,Consumer,South,Office Supplies,Paper,Nashville,6,0.15,366.67,-10.94
2017-10-01,Standard Class,Consumer,Central,Technology,Phones,Dallas,3,0.15,363.14,76.54
2017-10-01,Standard Class,Home Office,East,Office Supplies,Supplies,Philadelphia,5,0.0,192.83,39.1
2017-10-01,First Class,Consumer,West,Technology,Copiers,Denver,6,0.2,1148.22,54.41
2017-10-01,Same Day,Consumer,West,Furniture,Furnishings,Los Angeles,3,0.0,761.0,35.96
2017-10-02,Second Class,Consumer,East,Technology,Machines,New York City,5,0.2,1638.88,63.21
2017-10-02,First Class,Corporate,South,Office Supplies,Paper,Charlotte,9,0.05,594.02,71.22
2017-10-02,Standard Class,Corporate,Central,Office Supplies,Storage,Houston,6,0.0,1077.41,160.57
2017-10-02,Standard Class,Consumer,Central,Office Supplies,Binders,Chicago,3,0.4,89.2,-1.63
2017-10-02,Standard Class,Consumer,East,Office Supplies,Storage,Philadelphia,8,0.0,1107.3,212.06
2017-10-03,Standard Class,Consumer,West,Office Supplies,Fasteners,Denver,9,0.1,1102.66,272.88
2017-10-03,Standard Class,Corporate,Central,Furniture,Tables,Houston,4,0.05,299.47,9.1
2017-10-03,Standard Class,Home Office,South,Technology,Machines,Nashville,1,0.15,131.23,11.24
2017-10-03,Standard Class,Home Office,Central,Office Supplies,Fasteners,Minneapolis,5,0.2,66.28,3.23
2017-10-03,Standard Class,Consumer,Central,Office Supplies,Binders,Dallas,2,0.15,71.02,4.28
2017-10-03,First Class,Consumer,West,Technology,Phones,Seattle,6,0.0,1785.27,230.14
2017-10-03,Standard Class,Corporate,West,Technology,Copiers,Denver,5,0.2,1222.16,106.94
2017-10-04,Second Class,Consumer,Central,Office Supplies,Supplies,Houston,3,0.15,113.0,13.03
2017-10-04,Standard Class,Consumer,Central,Office Supplies,Binders,Dallas,3,0.2,149.6,8.4
2017-10-04,Standard Class,Consumer,Central,Technology,Machines,Dallas,2,0.1,143.22,25.82
2017-10-04,Second Class,Consumer,West,Office Supplies,Appliances,Los Angeles,4,0.15,221.14,31.66
2017-10-04,Second Class,Consumer,East,Office Supplies,Labels,Boston,7,0.0,736.48,92.45
2017-10-04,Standard Class,Consumer,South,Office Supplies,Appliances,Miami,1,0.3,26.87,1.26
2017-10-05,First Class,Consumer,South,Technology,Copiers,Atlanta,1,0.05,376.92,54.79
2017-10-05,Second Class,Corporate,East,Office Supplies,Supplies,Philadelphia,7,0.15,336.4,5.69
2017-10-05,Standard Class,Corporate,West,Office Supplies,Binders,Seattle,1,0.05,36.03,4.95
2017-10-05,Standard Class,Corporate,South,Office Supplies,Appliances,Atlanta,2,0.4,102.79,-1.04
2017-10-05,Standard Class,Consumer,Central,Technology,Accessories,Dallas,7,0.1,738.2,44.79
2017-10-05,Standard Class,Consumer,South,Furniture,Tables,Charlotte,3,0.05,908.59,96.35
2017-10-05,Standard Class,Consumer,West,Furniture,Furnishings,San Francisco,1,0.4,135.54,-28.35
2017-10-05,Standard Class,Consumer,Central,Furniture,Furnishings,Houston,1,0.0,156.47,20.61
2017-10-05,Standard Class,Consumer,West,Office Supplies,Storage,Seattle,3,0.0,152.56,26.83
2017-10-05,Standard Class,Corporate,East,Office Supplies,Art,New York City,6,0.3,276.73,-13.21
2017-10-05,Standard Class,Consumer,East,Office Supplies,Envelopes,Columbus,4,0.15,116.09,25.47
2017-10-05,Standard Class,Consumer,Central,Furniture,Tables,Dallas,2,0.0,301.65,27.89
2017-10-06,Second Class,Corporate,West,Technology,Phones,San Francisco,7,0.1,1748.88,294.4
2017-10-06,Standard Class,Corporate,South,Furniture,Chairs,Charlotte,8,0.0,1063.19,151.36
2017-10-06,Second Class,Consumer,East,Technology,Machines,Columbus,5,0.2,1373.02,-20.32
2017-10-06,Standard Class,Corporate,East,Office Supplies,Fasteners,New York City,2,0.2,48.42,4.86
2017-10-06,Second Class,Consumer,West,Office Supplies,Fasteners,San Francisco,3,0.0,508.31,63.12
2017-10-06,First Class,Consumer,East,Furniture,Tables,New York City,6,0.0,1704.28,-23.67
2017-10-06,First Class,Home Office,Central,Office Supplies,Labels,Minneapolis,1,0.15,32.58,3.06
2017-10-06,Standard Class,Consumer,West,Office Supplies,Envelopes,Denver,9,0.0,393.81,49.26
2017-10-06,Standard Class,Consumer,West,Technology,Accessories,San Francisco,3,0.1,654.27,133.65
2017-10-07,Standard Class,Consumer,West,Office Supplies,Binders,San Francisco,4,0.2,113.68,8.07
2017-10-07,Standard Class,Consumer,West,Office Supplies,Binders,Seattle,8,0.3,450.02,1.22
2017-10-07,Second Class,Corporate,West,Technology,Phones,Denver,2,0.0,666.6,201.14
2017-10-07,Standard Class,Home Office,West,Office Supplies,Labels,Seattle,1,0.0,37.18,5.54
2017-10-07,Second Class,Home Office,East,Office Supplies,Envelopes,New York City,2,0.2,188.05,13.55
2017-10-07,First Class,Corporate,East,Technology,Phones,Boston,1,0.2,99.52,10.99
2017-10-07,Standard Class,Consumer,Central,Office Supplies,Binders,Houston,1,0.0,50.71,11.69
2017-10-07,Standard Class,Consumer,East,Office Supplies,Binders,New York City,2,0.0,110.03,13.59
2017-10-07,Standard Class,Corporate,East,Furniture,Furnishings,Philadelphia,2,0.0,309.49,19.61
2017-10-08,First Class,Corporate,Central,Office Supplies,Art,Dallas,5,0.1,119.56,15.26
2017-10-08,Standard Class,Corporate,South,Office Supplies,Paper,Nashville,6,0.1,254.47,27.99
2017-10-08,First Class,Consumer,East,Office Supplies,Envelopes,Columbus,4,0.4,194.17,-8.17
2017-10-08,Standard Class,Consumer,East,Office Supplies,Fasteners,Columbus,9,0.1,375.68,44.49
2017-10-08,Standard Class,Consumer,West,Furniture,Furnishings,Seattle,4,0.05,1286.03,-75.15
2017-10-08,Standard Class,Home Office,East,Technology,Copiers,Philadelphia,4,0.1,868.03,88.16
2017-10-08,Standard Class,Consumer,East,Furniture,Tables,Columbus,6,0.0,1481.15,217.58
2017-10-08,Second Class,Consumer,East,Office Supplies,Supplies,Philadelphia,7,0.05,505.55,142.27
2017-10-08,Standard Class,Consumer,West,Furniture,Furnishings,Seattle,9,0.1,304.73,-17.82
2017-10-09,Standard Class,Consumer,Central,Furniture,Tables,Houston,6,0.2,784.23,-35.3
2017-10-09,Standard Class,Consumer,East,Technology,Accessories,New York City,5,0.15,1520.92,190.38
2017-10-09,Second Class,Home Office,East,Office Supplies,Fasteners,Philadelphia,7,0.1,487.51,102.74
2017-10-09,Standard Class,Corporate,South,Office Supplies,Storage,Miami,7,0.15,242.33,16.01
2017-10-09,Second Class,Corporate,South,Furniture,Bookcases,Nashville,1,0.1,180.37,23.52
2017-10-09,Standard Class,Home Office,Central,Technology,Phones,Dallas,1,0.2,98.94,5.02
2017-10-09,Standard Class,Home Office,South,Furniture,Tables,Charlotte,7,0.15,2058.12,-102.44
2017-10-09,First Class,Consumer,Central,Office Supplies,Art,Chicago,5,0.05,162.37,-0.09
2017-10-10,First Class,Consumer,West,Office Supplies,Storage,Los Angeles,9,0.0,441.69,83.95
2017-10-10,Standard Class,Consumer,West,Furniture,Chairs,Seattle,5,0.0,405.2,33.42
2017-10-10,First Class,Home Office,Central,Office Supplies,Binders,Houston,7,0.0,795.89,232.85
2017-10-10,Standard Class,Corporate,South,Technology,Phones,Miami,2,0.2,244.75,33.66
2017-10-10,Standard Class,Consumer,South,Office Supplies,Binders,Charlotte,3,0.3,77.16,3.85
2017-10-10,Standard Class,Corporate,West,Office Supplies,Appliances,San Francisco,4,0.2,331.85,31.79
2017-10-10,First Class,Home Office,West,Office Supplies,Binders,Denver,1,0.0,79.09,17.77
2017-10-11,Standard Class,Corporate,South,Office Supplies,Art,Miami,8,0.0,675.54,86.85
2017-10-11,Standard Class,Consumer,West,Office Supplies,Fasteners,San Francisco,3,0.15,45.4,4.99
2017-10-11,First Class,Consumer,East,Furniture,Furnishings,Philadelphia,1,0.1,170.38,-3.6
2017-10-11,Standard Class,Home Office,West,Technology,Copiers,Los Angeles,8,0.05,1675.24,322.95
2017-10-11,First Class,Home Office,East,Furniture,Tables,Boston,6,0.2,931.63,-55.77
2017-10-11,Standard Class,Consumer,West,Office Supplies,Art,San Francisco,8,0.1,319.11,6.05
2017-10-11,Second Class,Consumer,East,Furniture,Bookcases,Philadelphia,8,0.1,2784.99,-28.52
2017-10-12,First Class,Consumer,East,Office Supplies,Binders,Columbus,7,0.0,449.72,9.75
2017-10-12,Standard Class,Consumer,East,Technology,Accessories,Columbus,5,0.15,1395.67,211.71
2017-10-12,Standard Class,Consumer,South,Technology,Accessories,Atlanta,8,0.1,1833.34,397.85
2017-10-12,Standard Class,Consumer,South,Office Supplies,Envelopes,Charlotte,7,0.4,466.67,-51.79
2017-10-12,Standard Class,Corporate,East,Office Supplies,Fasteners,New York City,3,0.2,103.16,11.23
2017-10-12,Standard Class,Consumer,Central,Office Supplies,Paper,Chicago,8,0.1,193.24,22.76
2017-10-12,Standard Class,Consumer,East,Office Supplies,Labels,Boston,9,0.0,393.16,83.8
2017-10-12,Second Class,Consumer,West,Office Supplies,Storage,Seattle,5,0.0,305.38,39.15
2017-10-13,Standard Class,Corporate,West,Technology,Copiers,Los Angeles,3,0.3,485.44,-20.65
2017-10-13,Standard Class,Corporate,Central,Office Supplies,Storage,Minneapolis,4,0.3,195.81,16.42
2017-10-13,Same Day,Corporate,Central,Furniture,Furnishings,Dallas,5,0.0,1121.93,28.36
2017-10-13,Standard Class,Consumer,East,Office Supplies,Binders,New York City,7,0.15,508.61,111.13
2017-10-13,Standard Class,Consumer,Central,Office Supplies,Binders,Houston,5,0.05,272.35,30.42
2017-10-13,Standard Class,Corporate,West,Office Supplies,Storage,Los Angeles,9,0.2,591.27,54.58
2017-10-13,Second Class,Consumer,West,Office Supplies,Paper,Los Angeles,4,0.15,249.74,16.25
2017-10-13,Standard Class,Consumer,East,Office Supplies,Binders,Philadelphia,9,0.1,514.09,35.82
2017-10-14,Second Class,Consumer,West,Office Supplies,Storage,Denver,8,0.15,99.02,7.41
2017-10-14,First Class,Home Office,East,Technology,Accessories,Columbus,2,0.0,719.09,184.19
2017-10-14,Standard Class,Home Office,West,Technology,Phones,Denver,5,0.15,1128.4,32.65
2017-10-14,First Class,Home Office,East,Office Supplies,Appliances,New York City,7,0.0,436.61,62.53
2017-10-14,Standard Class,Consumer,East,Office Supplies,Supplies,Philadelphia,1,0.1,25.46,-0.22
2017-10-14,Standard Class,Corporate,East,Office Supplies,Supplies,New York City,4,0.05,149.24,33.85
2017-10-15,First Class,Corporate,West,Office Supplies,Paper,San Francisco,3,0.0,141.1,38.84
2017-10-15,Second Class,Corporate,South,Technology,Machines,Miami,4,0.3,322.66,60.6
2017-10-15,First Class,Consumer,West,Office Supplies,Envelopes,Denver,7,0.1,137.06,20.35
2017-10-15,Standard Class,Consumer,Central,Technology,Accessories,Chicago,7,0.05,3153.16,674.96
2017-10-15,Standard Class,Home Office,Central,Office Supplies,Labels,Dallas,3,0.1,81.71,7.23
2017-10-15,Standard Class,Home Office,West,Office Supplies,Supplies,San Francisco,4,0.2,353.02,0.87
2017-10-15,Standard Class,Corporate,East,Office Supplies,Labels,Columbus,7,0.1,278.76,44.75
2017-10-16,Standard Class,Consumer,West,Office Supplies,Appliances,Seattle,6,0.15,520.13,58.76
2017-10-16,Standard Class,Home Office,West,Office Supplies,Storage,San Francisco,3,0.0,169.1,19.34
2017-10-16,Second Class,Corporate,West,Technology,Copiers,Seattle,1,0.3,177.21,34.79
2017-10-16,Second Class,Consumer,East,Office Supplies,Storage,Columbus,3,0.0,231.3,41.35
2017-10-16,Second Class,Consumer,East,Furniture,Bookcases,Philadelphia,3,0.1,159.67,-1.63
2017-10-16,First Class,Consumer,South,Office Supplies,Envelopes,Charlotte,7,0.05,591.02,35.55
2017-10-16,Standard Class,Consumer,Central,Office Supplies,Binders,Dallas,8,0.05,399.51,62.06
2017-10-16,Standard Class,Consumer,Central,Office Supplies,Envelopes,Minneapolis,6,0.0,243.44,34.58
2017-10-16,Second Class,Corporate,West,Office Supplies,Storage,Denver,5,0.0,418.1,44.58
2017-10-16,Standard Class,Home Office,Central,Office Supplies,Envelopes,Chicago,7,0.3,431.12,-33.84
2017-10-16,Same Day,Corporate,West,Furniture,Tables,San Francisco,4,0.1,359.99,14.88
2017-10-16,Standard Class,Corporate,Central,Office Supplies,Storage,Houston,1,0.0,75.12,13.03
2017-10-16,First Class,Home Office,West,Office Supplies,Appliances,San Francisco,5,0.0,97.12,12.9
2017-10-17,Same Day,Home Office,West,Furniture,Tables,San Francisco,7,0.0,1506.69,147.71
2017-10-17,Standard Class,Corporate,West,Office Supplies,Supplies,Seattle,3,0.15,118.13,11.66
2017-10-17,Second Class,Consumer,East,Office Supplies,Art,Columbus,5,0.3,110.3,6.0
2017-10-17,Standard Class,Corporate,East,Office Supplies,Paper,Columbus,4,0.15,121.05,5.12
2017-10-17,First Class,Corporate,West,Office Supplies,Paper,Denver,9,0.0,228.79,37.32
2017-10-17,Standard Class,Home Office,West,Office Supplies,Appliances,Seattle,7,0.1,367.11,11.64
2017-10-18,Second Class,Consumer,East,Office Supplies,Fasteners,Columbus,4,0.2,398.52,1.18
2017-10-18,Standard Class,Consumer,West,Office Supplies,Binders,Denver,8,0.0,613.95,92.31
2017-10-18,Second Class,Home Office,East,Office Supplies,Fasteners,Boston,4,0.1,301.34,18.93
2017-10-18,Standard Class,Consumer,East,Furniture,Chairs,Philadelphia,6,0.0,1511.3,114.37
2017-10-18,Second Class,Corporate,West,Furniture,Tables,Los Angeles,2,0.1,357.48,-5.46
2017-10-19,Second Class,Consumer,South,Office Supplies,Appliances,Charlotte,6,0.2,232.74,13.79
2017-10-19,Standard Class,Corporate,Central,Office Supplies,Binders,Minneapolis,8,0.2,181.79,9.79
2017-10-19,First Class,Consumer,East,Office Supplies,Labels,Columbus,4,0.0,104.83,6.68
2017-10-19,First Class,Consumer,East,Furniture,Bookcases,Philadelphia,5,0.15,873.34,44.96
2017-10-19,Standard Class,Consumer,West,Office Supplies,Paper,Denver,8,0.2,763.3,38.34
2017-10-19,First Class,Consumer,South,Office Supplies,Paper,Atlanta,5,0.15,283.15,41.91
2017-10-20,Same Day,Consumer,East,Office Supplies,Fasteners,Philadelphia,2,0.3,107.29,2.81
2017-10-20,Standard Class,Consumer,Central,Furniture,Tables,Chicago,7,0.0,1402.96,144.79
2017-10-20,Standard Class,Consumer,Central,Furniture,Chairs,Chicago,4,0.0,1978.27,351.93
2017-10-20,Second Class,Consumer,West,Technology,Machines,Denver,8,0.15,2792.5,436.74
2017-10-21,Second Class,Corporate,West,Furniture,Bookcases,Los Angeles,1,0.15,237.66,2.8
2017-10-21,Standard Class,Corporate,East,Office Supplies,Storage,Philadelphia,8,0.0,596.47,125.79
2017-10-21,Standard Class,Consumer,East,Office Supplies,Labels,New York City,4,0.2,101.85,-3.65
2017-10-21,Second Class,Consumer,South,Office Supplies,Envelopes,Atlanta,9,0.1,465.47,69.62
2017-10-21,Second Class,Consumer,South,Technology,Copiers,Charlotte,1,0.05,343.58,51.16
2017-10-21,Standard Class,Consumer,Central,Office Supplies,Labels,Chicago,1,0.05,49.85,2.21
2017-10-21,Same Day,Consumer,Central,Office Supplies,Fasteners,Dallas,4,0.0,191.4,22.44
2017-10-21,Same Day,Consumer,East,Office Supplies,Fasteners,New York City,7,0.3,354.98,-22.93
2017-10-21,Standard Class,Consumer,Central,Technology,Phones,Dallas,4,0.0,962.01,159.05
2017-10-21,First Class,Corporate,West,Furniture,Furnishings,San Francisco,5,0.0,361.45,22.89
2017-10-21,Standard Class,Consumer,East,Technology,Phones,New York City,4,0.1,672.51,143.77
2017-10-22,Standard Class,Corporate,East,Furniture,Chairs,Boston,4,0.2,370.04,-20.52
2017-10-22,Standard Class,Corporate,West,Office Supplies,Paper,Los Angeles,1,0.0,55.18,8.58
2017-10-22,Standard Class,Consumer,South,Office Supplies,Appliances,Charlotte,1,0.0,47.3,4.6
2017-10-22,Same Day,Corporate,West,Office Supplies,Envelopes,Denver,6,0.1,219.72,16.87
2017-10-22,Second Class,Consumer,Central,Office Supplies,Labels,Houston,4,0.1,66.74,12.24
2017-10-22,First Class,Corporate,South,Office Supplies,Storage,Charlotte,7,0.0,306.59,79.84
2017-10-23,Standard Class,Consumer,South,Office Supplies,Fasteners,Miami,8,0.0,882.3,130.27
2017-10-23,Standard Class,Consumer,Central,Furniture,Chairs,Dallas,3,0.15,250.16,-0.76
2017-10-23,Standard Class,Home Office,West,Technology,Machines,San Francisco,1,0.2,232.42,20.26
2017-10-24,Standard Class,Corporate,West,Office Supplies,Supplies,San Francisco,1,0.2,38.35,1.16
2017-10-24,Standard Class,Corporate,West,Furniture,Furnishings,Los Angeles,4,0.15,366.5,5.42
2017-10-24,Second Class,Corporate,East,Technology,Machines,Boston,6,0.0,2715.67,463.1
2017-10-24,First Class,Corporate,Central,Office Supplies,Art,Chicago,2,0.2,83.14,8.16
2017-10-24,Second Class,Consumer,East,Office Supplies,Labels,Boston,2,0.1,116.03,1.66
2017-10-24,Standard Class,Consumer,West,Office Supplies,Paper,Seattle,4,0.4,238.04,-26.63
2017-10-25,Standard Class,Home Office,West,Office Supplies,Storage,San Francisco,5,0.15,211.21,2.17
2017-10-25,Standard Class,Corporate,East,Technology,Copiers,New York City,5,0.15,1638.54,141.24
2017-10-25,Standard Class,Corporate,South,Furniture,Chairs,Miami,5,0.4,256.55,-41.09
2017-10-25,Standard Class,Consumer,Central,Furniture,Tables,Houston,1,0.0,171.03,13.69
2017-10-25,Standard Class,Corporate,West,Office Supplies,Binders,Denver,3,0.15,159.15,-0.93
2017-10-25,Second Class,Corporate,West,Office Supplies,Supplies,Seattle,2,0.0,108.09,3.31
2017-10-25,First Class,Consumer,South,Office Supplies,Binders,Nashville,7,0.0,705.75,128.02
2017-10-25,First Class,Consumer,Central,Furniture,Tables,Dallas,6,0.2,1529.44,15.69
2017-10-25,Standard Class,Consumer,East,Office Supplies,Art,New York City,2,0.4,27.97,-1.52
2017-10-25,Standard Class,Corporate,East,Office Supplies,Labels,Philadelphia,1,0.0,73.75,19.05
2017-10-26,Standard Class,Corporate,West,Office Supplies,Paper,San Francisco,9,0.15,382.34,23.33
2017-10-26,First Class,Corporate,South,Office Supplies,Envelopes,Atlanta,5,0.2,345.32,31.3
2017-10-26,Standard Class,Consumer,Central,Office Supplies,Fasteners,Minneapolis,2,0.2,121.82,10.5
2017-10-26,First Class,Corporate,East,Office Supplies,Envelopes,Philadelphia,6,0.2,429.3,12.29
2017-10-26,Standard Class,Consumer,West,Technology,Copiers,Seattle,2,0.3,285.35,8.66
2017-10-26,First Class,Corporate,East,Office Supplies,Fasteners,Philadelphia,1,0.0,54.72,12.66
2017-10-27,Standard Class,Corporate,West,Office Supplies,Fasteners,Seattle,4,0.1,147.23,11.85
2017-10-27,Standard Class,Corporate,Central,Technology,Copiers,Minneapolis,3,0.0,652.85,109.29
2017-10-27,Second Class,Consumer,West,Furniture,Tables,Seattle,7,0.15,468.29,41.72
2017-10-27,Standard Class,Consumer,South,Technology,Phones,Nashville,7,0.15,1729.55,249.24
2017-10-27,Same Day,Consumer,West,Office Supplies,Envelopes,San Francisco,4,0.15,235.99,2.68
2017-10-28,Same Day,Consumer,East,Office Supplies,Labels,Boston,6,0.0,339.62,49.24
2017-10-28,Standard Class,Consumer,South,Technology,Accessories,Miami,2,0.0,262.87,30.47
2017-10-28,Standard Class,Corporate,West,Office Supplies,Labels,Denver,6,0.0,576.5,29.8
2017-10-28,Second Class,Corporate,West,Furniture,Chairs,Denver,3,0.2,388.93,-76.01
2017-10-28,First Class,Consumer,Central,Technology,Copiers,Chicago,2,0.2,189.12,12.61
2017-10-28,Second Class,Corporate,West,Office Supplies,Envelopes,Seattle,9,0.05,455.82,78.19
2017-10-28,Second Class,Corporate,Central,Technology,Copiers,Chicago,7,0.0,1514.95,289.59
2017-10-28,First Class,Corporate,Central,Office Supplies,Fasteners,Houston,1,0.2,16.27,1.61
2017-10-28,First Class,Consumer,West,Furniture,Tables,San Francisco,3,0.15,174.74,-0.85
2017-10-28,First Class,Consumer,West,Office Supplies,Supplies,Denver,3,0.3,64.37,-0.0
2017-10-29,Second Class,Consumer,South,Office Supplies,Envelopes,Charlotte,2,0.0,63.87,8.3
2017-10-29,Standard Class,Consumer,Central,Furniture,Tables,Minneapolis,3,0.1,472.27,33.56
2017-10-29,Standard Class,Consumer,East,Technology,Machines,Boston,8,0.3,1205.35,75.21
2017-10-29,Standard Class,Corporate,West,Technology,Machines,Los Angeles,6,0.2,892.63,48.02
2017-10-29,Standard Class,Consumer,South,Office Supplies,Appliances,Miami,9,0.0,277.2,37.11
2017-10-29,First Class,Consumer,West,Furniture,Tables,Los Angeles,6,0.0,717.92,125.64
2017-10-29,First Class,Consumer,West,Office Supplies,Labels,Los Angeles,4,0.3,284.54,28.46
2017-10-29,Second Class,Home Office,East,Furniture,Furnishings,Columbus,9,0.05,1443.47,99.08
2017-10-29,Standard Class,Corporate,East,Furniture,Bookcases,New York City,7,0.1,1304.95,10.45
2017-10-29,Second Class,Home Office,East,Office Supplies,Supplies,New York City,1,0.1,60.72,1.74
2017-10-30,Standard Class,Corporate,West,Office Supplies,Labels,Seattle,4,0.0,121.57,23.53
2017-10-30,Second Class,Consumer,East,Furniture,Tables,Boston,9,0.15,1362.83,-62.48
2017-10-30,Standard Class,Corporate,Central,Office Supplies,Appliances,Houston,7,0.0,265.59,69.4
2017-10-30,Standard Class,Consumer,South,Furniture,Furnishings,Charlotte,9,0.1,520.05,86.47
2017-10-30,Standard Class,Consumer,South,Office Supplies,Labels,Nashville,1,0.1,18.51,3.66
2017-10-30,First Class,Consumer,West,Office Supplies,Supplies,Los Angeles,2,0.0,73.37,10.75
2017-10-30,Standard Class,Consumer,East,Office Supplies,Envelopes,New York City,7,0.1,253.34,21.2
2017-10-30,First Class,Consumer,West,Office Supplies,Fasteners,Denver,8,0.15,266.5,22.31
2017-10-30,Standard Class,Consumer,East,Office Supplies,Fasteners,Columbus,3,0.0,95.71,20.82
2017-10-31,Standard Class,Home Office,West,Office Supplies,Art,Seattle,9,0.0,1778.93,316.24
2017-10-31,Second Class,Corporate,West,Office Supplies,Storage,Denver,2,0.0,206.57,21.74
2017-10-31,Same Day,Consumer,East,Office Supplies,Storage,Philadelphia,5,0.4,231.2,-13.25
2017-10-31,Standard Class,Consumer,Central,Technology,Machines,Dallas,2,0.1,95.52,18.01
2017-10-31,Second Class,Consumer,West,Furniture,Bookcases,San Francisco,5,0.1,301.62,-5.14
2017-10-31,Standard Class,Corporate,East,Furniture,Furnishings,Philadelphia,5,0.0,2340.04,519.72
2017-10-31,Second Class,Corporate,East,Furniture,Chairs,Columbus,6,0.15,1268.41,-19.49
2017-10-31,Standard Class,Consumer,South,Technology,Phones,Charlotte,5,0.0,1376.41,320.45
2017-10-31,Standard Class,Consumer,West,Office Supplies,Paper,Seattle,2,0.0,199.09,34.85
2017-10-31,Standard Class,Corporate,Central,Office Supplies,Storage,Chicago,3,0.2,321.53,23.53
2017-10-31,Standard Class,Consumer,West,Technology,Accessories,Seattle,4,0.4,491.25,25.3
2017-11-01,Standard Class,Consumer,South,Office Supplies,Paper,Nashville,5,0.15,223.92,21.3
2017-11-01,First Class,Corporate,Central,Furniture,Tables,Minneapolis,9,0.15,695.18,23.16
2017-11-01,Standard Class,Consumer,West,Furniture,Chairs,San Francisco,6,0.0,386.54,-37.29
2017-11-01,Second Class,Consumer,West,Technology,Copiers,Seattle,6,0.2,1537.51,-13.48
2017-11-01,Second Class,Home Office,West,Office Supplies,Envelopes,Los Angeles,5,0.15,346.73,0.44
2017-11-01,Standard Class,Consumer,South,Furniture,Bookcases,Nashville,5,0.1,478.97,14.86
2017-11-01,Standard Class,Corporate,East,Furniture,Tables,Boston,6,0.1,353.36,0.67
2017-11-02,Standard Class,Consumer,East,Office Supplies,Paper,Columbus,7,0.0,600.86,72.4
2017-11-02,First Class,Consumer,Central,Office Supplies,Labels,Minneapolis,4,0.0,266.55,50.28
2017-11-02,Standard Class,Consumer,East,Technology,Machines,Columbus,8,0.2,520.25,78.52
2017-11-02,Standard Class,Home Office,West,Office Supplies,Appliances,Seattle,5,0.1,656.07,133.73
2017-11-02,Standard Class,Consumer,Central,Technology,Machines,Chicago,8,0.0,1565.17,339.31
2017-11-02,Standard Class,Corporate,East,Office Supplies,Labels,Columbus,6,0.05,497.81,44.13
2017-11-02,Standard Class,Consumer,West,Office Supplies,Supplies,Denver,1,0.15,97.76,16.84
2017-11-03,Standard Class,Corporate,South,Office Supplies,Paper,Charlotte,4,0.2,169.81,18.84
2017-11-03,Second Class,Home Office,East,Office Supplies,Appliances,New York City,9,0.15,576.05,27.98
2017-11-03,Standard Class,Home Office,East,Technology,Accessories,Boston,4,0.3,482.35,-0.17
2017-11-04,Standard Class,Consumer,West,Office Supplies,Paper,Los Angeles,4,0.0,196.31,25.63
2017-11-04,Standard Class,Consumer,Central,Office Supplies,Binders,Houston,3,0.05,297.96,19.92
2017-11-04,Standard Class,Home Office,Central,Office Supplies,Binders,Houston,1,0.2,119.32,11.84
2017-11-04,Standard Class,Consumer,Central,Office Supplies,Labels,Minneapolis,5,0.0,123.48,24.0
2017-11-04,Same Day,Home Office,South,Office Supplies,Art,Nashville,1,0.05,29.04,5.28
2017-11-04,Standard Class,Corporate,Central,Furniture,Furnishings,Dallas,8,0.0,353.85,20.92
2017-11-04,First Class,Consumer,East,Office Supplies,Fasteners,New York City,2,0.4,56.96,-5.24
2017-11-04,Standard Class,Consumer,East,Office Supplies,Art,Columbus,2,0.1,245.31,-1.25
2017-11-05,First Class,Home Office,West,Furniture,Bookcases,Seattle,1,0.2,179.89,-17.82
2017-11-05,Standard Class,Corporate,South,Furniture,Chairs,Atlanta,2,0.2,167.69,8.65
2017-11-05,Standard Class,Corporate,Central,Office Supplies,Supplies,Chicago,4,0.2,121.47,11.16
2017-11-05,Second Class,Corporate,West,Office Supplies,Art,San Francisco,3,0.2,235.5,-3.68
2017-11-05,First Class,Corporate,East,Office Supplies,Fasteners,Columbus,3,0.1,113.78,19.46
2017-11-05,Standard Class,Corporate,West,Furniture,Tables,Seattle,5,0.3,476.77,-73.07
2017-11-05,Standard Class,Home Office,West,Office Supplies,Storage,Denver,9,0.1,233.03,29.36
2017-11-06,Second Class,Corporate,Central,Furniture,Bookcases,Chicago,6,0.0,1856.26,-85.48
2017-11-06,Second Class,Consumer,West,Office Supplies,Envelopes,Los Angeles,3,0.0,74.79,10.35
2017-11-06,Second Class,Corporate,South,Office Supplies,Binders,Charlotte,5,0.3,184.78,-0.58
2017-11-06,Standard Class,Consumer,East,Furniture,Bookcases,New York City,6,0.15,711.48,18.7
2017-11-06,First Class,Consumer,West,Furniture,Bookcases,Denver,6,0.1,3040.94,262.63
2017-11-06,Second Class,Home Office,West,Office Supplies,Binders,Denver,7,0.0,498.36,119.39
2017-11-06,Standard Class,Consumer,West,Office Supplies,Labels,Los Angeles,4,0.05,126.51,22.76
2017-11-06,Standard Class,Home Office,East,Office Supplies,Envelopes,Philadelphia,1,0.0,135.5,20.26
2017-11-06,Second Class,Consumer,East,Office Supplies,Binders,Philadelphia,6,0.1,245.19,17.29
2017-11-06,Standard Class,Consumer,South,Office Supplies,Art,Charlotte,9,0.2,466.46,12.5
2017-11-07,Same Day,Consumer,West,Furniture,Chairs,Los Angeles,9,0.0,978.2,99.95
2017-11-07,Same Day,Consumer,South,Office Supplies,Storage,Nashville,6,0.0,213.12,40.79
2017-11-07,Second Class,Corporate,East,Furniture,Furnishings,New York City,8,0.0,1648.78,-191.61
2017-11-07,First Class,Consumer,East,Office Supplies,Supplies,Boston,9,0.0,532.22,91.15
2017-11-07,Standard Class,Corporate,Central,Office Supplies,Binders,Dallas,6,0.0,319.34,66.34
2017-11-07,Standard Class,Corporate,West,Office Supplies,Fasteners,Seattle,3,0.3,154.67,-6.04
2017-11-07,Standard Class,Corporate,South,Technology,Machines,Nashville,9,0.1,1232.46,88.6
2017-11-07,Standard Class,Corporate,East,Technology,Copiers,Columbus,2,0.0,643.72,109.94
2017-11-08,Standard Class,Corporate,Central,Office Supplies,Storage,Dallas,4,0.15,585.87,-13.22
2017-11-08,Standard Class,Consumer,Central,Office Supplies,Fasteners,Dallas,9,0.0,200.07,40.1
2017-11-08,Standard Class,Corporate,West,Office Supplies,Paper,Seattle,7,0.0,279.19,50.07
2017-11-08,Standard Class,Home Office,East,Office Supplies,Storage,Philadelphia,7,0.2,172.02,8.88
2017-11-08,Same Day,Consumer,West,Office Supplies,Art,Denver,5,0.05,235.15,23.28
2017-11-08,First Class,Consumer,West,Technology,Accessories,Denver,4,0.2,961.57,52.77
2017-11-08,First Class,Corporate,West,Office Supplies,Supplies,Denver,6,0.0,310.28,37.87
2017-11-09,First Class,Corporate,West,Technology,Phones,San Francisco,4,0.0,944.06,197.39
2017-11-09,First Class,Corporate,East,Office Supplies,Envelopes,Boston,9,0.05,377.59,73.29
2017-11-09,Standard Class,Corporate,East,Technology,Copiers,Columbus,2,0.1,1629.88,199.01
2017-11-09,Same Day,Corporate,East,Furniture,Furnishings,Philadelphia,6,0.0,676.8,16.5
2017-11-09,Standard Class,Corporate,South,Office Supplies,Binders,Miami,8,0.15,119.36,15.7
2017-11-09,Second Class,Consumer,South,Office Supplies,Storage,Atlanta,2,0.3,113.0,4.34
2017-11-10,Same Day,Corporate,West,Office Supplies,Paper,Denver,5,0.3,173.73,-4.05
2017-11-10,Standard Class,Home Office,East,Furniture,Furnishings,Boston,8,0.2,350.79,-21.97
2017-11-10,Standard Class,Corporate,Central,Office Supplies,Envelopes,Houston,3,0.2,63.6,-0.86
2017-11-10,Standard Class,Corporate,East,Office Supplies,Binders,Philadelphia,3,0.15,397.55,-3.97
2017-11-10,Second Class,Home Office,South,Technology,Machines,Nashville,2,0.2,695.09,29.85
2017-11-11,Standard Class,Home Office,Central,Office Supplies,Supplies,Houston,5,0.2,156.35,3.89
2017-11-11,First Class,Consumer,Central,Office Supplies,Fasteners,Houston,5,0.0,349.78,63.09
2017-11-11,Second Class,Corporate,Central,Office Supplies,Envelopes,Houston,7,0.2,352.16,23.88
2017-11-11,Standard Class,Consumer,West,Office Supplies,Fasteners,San Francisco,9,0.0,433.14,72.8
2017-11-11,First Class,Consumer,Central,Office Supplies,Supplies,Dallas,3,0.15,280.91,29.47
2017-11-11,Second Class,Consumer,South,Office Supplies,Paper,Atlanta,7,0.2,194.48,-25.86
2017-11-11,Second Class,Corporate,West,Technology,Copiers,Seattle,8,0.4,475.7,-50.87
2017-11-11,First Class,Home Office,West,Furniture,Tables,Seattle,6,0.05,1134.42,33.87
2017-11-11,First Class,Home Office,East,Office Supplies,Art,Boston,9,0.3,403.84,-22.54
2017-11-11,Standard Class,Consumer,East,Technology,Phones,Boston,9,0.0,1221.46,288.15
2017-11-11,Standard Class,Consumer,West,Office Supplies,Supplies,Seattle,1,0.15,33.41,3.56
2017-11-11,Standard Class,Corporate,East,Furniture,Tables,Philadelphia,1,0.1,201.41,4.41
2017-11-11,Second Class,Consumer,Central,Furniture,Furnishings,Minneapolis,6,0.15,1078.07,30.4
2017-11-11,Standard Class,Corporate,East,Office Supplies,Envelopes,Columbus,1,0.2,47.18,1.54
2017-11-12,Second Class,Home Office,West,Furniture,Chairs,Seattle,8,0.15,410.59,-9.19
2017-11-12,First Class,Corporate,Central,Office Supplies,Art,Houston,1,0.1,52.12,2.14
2017-11-12,Standard Class,Consumer,Central,Technology,Accessories,Chicago,8,0.15,3663.35,649.37
2017-11-12,First Class,Consumer,Central,Office Supplies,Appliances,Dallas,4,0.0,246.97,29.8
2017-11-12,Standard Class,Consumer,South,Office Supplies,Art,Atlanta,8,0.1,560.14,45.71
2017-11-12,Standard Class,Corporate,West,Furniture,Tables,Los Angeles,7,0.0,1167.38,49.86
2017-11-12,Second Class,Corporate,South,Furniture,Chairs,Nashville,2,0.3,185.65,1.74
2017-11-12,Standard Class,Consumer,East,Technology,Machines,Columbus,4,0.15,815.02,-2.28
2017-11-12,First Class,Home Office,East,Technology,Machines,Boston,6,0.4,771.01,-54.59
2017-11-13,Standard Class,Consumer,East,Furniture,Tables,Boston,9,0.0,3064.06,434.4
2017-11-13,Second Class,Consumer,West,Office Supplies,Fasteners,Denver,6,0.1,378.17,27.52
2017-11-13,First Class,Consumer,West,Technology,Accessories,Los Angeles,6,0.0,748.23,181.43
2017-11-14,Standard Class,Consumer,Central,Office Supplies,Paper,Chicago,1,0.2,48.93,0.55
2017-11-14,Standard Class,Consumer,West,Office Supplies,Labels,Los Angeles,5,0.15,490.07,52.86
2017-11-14,Standard Class,Consumer,West,Technology,Accessories,Seattle,5,0.4,1049.13,-19.68
2017-11-14,Second Class,Consumer,Central,Technology,Copiers,Minneapolis,6,0.05,762.82,123.29
2017-11-14,Standard Class,Consumer,West,Office Supplies,Supplies,Los Angeles,6,0.1,380.65,95.3
2017-11-15,Standard Class,Consumer,Central,Technology,Machines,Dallas,6,0.1,1061.98,153.67
2017-11-15,First Class,Corporate,South,Office Supplies,Binders,Miami,2,0.05,26.88,3.63
2017-11-15,Standard Class,Home Office,East,Office Supplies,Labels,Philadelphia,9,0.2,384.28,33.72
2017-11-15,Standard Class,Home Office,East,Technology,Machines,Columbus,8,0.1,3739.18,263.67
2017-11-15,Standard Class,Corporate,South,Technology,Machines,Atlanta,6,0.3,999.14,139.67
2017-11-16,Standard Class,Consumer,West,Technology,Accessories,Los Angeles,4,0.0,612.48,203.44
2017-11-16,Standard Class,Corporate,Central,Office Supplies,Appliances,Minneapolis,7,0.0,209.33,29.37
2017-11-16,Same Day,Consumer,East,Technology,Copiers,Columbus,5,0.15,580.39,104.06
2017-11-16,First Class,Corporate,East,Furniture,Furnishings,Columbus,6,0.2,878.3,-19.55
2017-11-16,Same Day,Consumer,East,Office Supplies,Binders,New York City,7,0.15,163.62,19.16
2017-11-16,Second Class,Consumer,East,Office Supplies,Envelopes,Columbus,5,0.3,255.16,-17.07
2017-11-16,Standard Class,Consumer,East,Furniture,Tables,Boston,2,0.15,288.44,10.25
2017-11-17,Second Class,Consumer,West,Office Supplies,Fasteners,San Francisco,7,0.1,202.24,33.04
2017-11-17,Standard Class,Consumer,West,Office Supplies,Paper,Seattle,1,0.15,105.47,1.29
2017-11-17,First Class,Consumer,West,Office Supplies,Art,Denver,7,0.0,398.95,35.02
2017-11-17,Standard Class,Consumer,East,Furniture,Chairs,New York City,3,0.2,237.52,3.71
2017-11-17,First Class,Home Office,Central,Office Supplies,Art,Chicago,6,0.15,359.16,-2.57
2017-11-17,Standard Class,Home Office,Central,Technology,Phones,Dallas,8,0.1,603.29,98.38
2017-11-17,Standard Class,Consumer,Central,Office Supplies,Labels,Houston,4,0.15,174.83,2.94
2017-11-17,Second Class,Consumer,West,Technology,Accessories,Denver,2,0.15,2084.06,370.81
2017-11-18,Standard Class,Consumer,West,Technology,Accessories,Los Angeles,7,0.2,827.93,112.47
2017-11-18,Same Day,Consumer,West,Furniture,Chairs,San Francisco,1,0.05,75.55,4.45
2017-11-18,Same Day,Consumer,South,Office Supplies,Appliances,Nashville,3,0.0,156.51,30.15
2017-11-18,Standard Class,Consumer,Central,Office Supplies,Labels,Houston,4,0.15,591.12,61.87
2017-11-18,First Class,Consumer,Central,Office Supplies,Supplies,Houston,9,0.2,231.02,23.02
2017-11-18,Standard Class,Corporate,West,Office Supplies,Art,Los Angeles,2,0.1,138.72,19.9
2017-11-18,Second Class,Corporate,West,Furniture,Chairs,Denver,2,0.2,284.82,-18.78
2017-11-19,Second Class,Corporate,West,Office Supplies,Appliances,Seattle,3,0.0,175.43,34.1
2017-11-19,Standard Class,Consumer,West,Office Supplies,Supplies,Seattle,7,0.0,308.89,29.65
2017-11-19,Standard Class,Home Office,East,Furniture,Chairs,Boston,8,0.0,2412.93,183.95
2017-11-19,Second Class,Corporate,East,Office Supplies,Storage,Boston,9,0.2,279.07,11.15
2017-11-19,First Class,Corporate,East,Technology,Machines,Philadelphia,3,0.2,1251.97,166.46
2017-11-19,Standard Class,Consumer,West,Furniture,Chairs,Los Angeles,8,0.1,537.83,32.91
2017-11-19,Same Day,Corporate,South,Office Supplies,Fasteners,Nashville,8,0.15,451.57,28.28
2017-11-19,Standard Class,Consumer,Central,Office Supplies,Appliances,Houston,4,0.3,220.39,-7.63
2017-11-19,Standard Class,Consumer,South,Furniture,Chairs,Charlotte,4,0.2,728.31,-35.0
2017-11-19,First Class,Consumer,South,Office Supplies,Supplies,Atlanta,4,0.1,113.12,18.91
2017-11-19,First Class,Corporate,Central,Furniture,Bookcases,Chicago,5,0.15,548.78,22.72
2017-11-20,Standard Class,Consumer,East,Technology,Machines,Columbus,6,0.1,630.02,76.84
2017-11-20,Standard Class,Consumer,West,Office Supplies,Fasteners,Denver,3,0.0,112.42,15.01
2017-11-20,Standard Class,Corporate,East,Office Supplies,Paper,Philadelphia,9,0.0,1325.47,212.77
2017-11-20,Second Class,Consumer,West,Office Supplies,Fasteners,Seattle,5,0.0,158.01,26.01
2017-11-20,Standard Class,Consumer,East,Office Supplies,Binders,Philadelphia,4,0.0,368.57,31.4
2017-11-21,Standard Class,Consumer,West,Technology,Machines,Denver,9,0.3,4182.55,291.82
2017-11-21,Standard Class,Corporate,East,Office Supplies,Binders,Columbus,2,0.2,105.9,1.66
2017-11-21,Standard Class,Consumer,Central,Furniture,Bookcases,Houston,5,0.1,1302.26,86.55
2017-11-21,Second Class,Consumer,East,Office Supplies,Labels,Boston,1,0.3,39.53,-3.2
2017-11-21,Standard Class,Corporate,West,Office Supplies,Binders,Seattle,4,0.3,89.74,-1.78
2017-11-22,Standard Class,Home Office,West,Furniture,Bookcases,Los Angeles,1,0.15,351.36,-20.35
2017-11-22,Standard Class,Consumer,Central,Office Supplies,Binders,Chicago,3,0.1,59.66,8.82
2017-11-22,Standard Class,Home Office,West,Office Supplies,Labels,San Francisco,5,0.0,592.75,71.97
2017-11-22,Standard Class,Consumer,East,Office Supplies,Labels,Columbus,3,0.3,83.35,3.04
2017-11-23,Standard Class,Consumer,South,Office Supplies,Binders,Nashville,3,0.2,70.05,4.52
2017-11-23,First Class,Consumer,West,Office Supplies,Appliances,Los Angeles,2,0.05,89.29,10.19
2017-11-23,Standard Class,Consumer,East,Furniture,Bookcases,New York City,5,0.1,584.96,-19.67
2017-11-23,Standard Class,Home Office,West,Furniture,Bookcases,Denver,2,0.0,402.35,-3.95
2017-11-23,Standard Class,Consumer,West,Furniture,Chairs,Denver,5,0.15,890.47,-82.24
2017-11-23,Standard Class,Corporate,West,Furniture,Tables,San Francisco,1,0.0,150.12,9.15
2017-11-24,Second Class,Home Office,Central,Furniture,Furnishings,Dallas,5,0.0,530.52,31.85
2017-11-24,Standard Class,Consumer,East,Furniture,Furnishings,New York City,7,0.2,701.76,0.74
2017-11-24,Second Class,Consumer,East,Office Supplies,Supplies,Columbus,4,0.3,211.71,13.19
2017-11-24,Second Class,Home Office,West,Technology,Phones,Seattle,1,0.2,298.14,33.91
2017-11-24,Second Class,Home Office,West,Technology,Phones,San Francisco,6,0.0,3121.37,613.63
2017-11-24,Second Class,Consumer,West,Office Supplies,Supplies,Seattle,6,0.2,386.31,23.25
2017-11-25,Standard Class,Consumer,East,Office Supplies,Envelopes,Boston,1,0.1,17.42,2.52
2017-11-25,Standard Class,Consumer,East,Technology,Copiers,Boston,2,0.05,295.56,70.88
2017-11-25,Standard Class,Corporate,East,Office Supplies,Appliances,Philadelphia,9,0.3,239.51,-5.4
2017-11-25,Second Class,Consumer,West,Furniture,Chairs,Los Angeles,6,0.0,762.57,-34.56
2017-11-25,Standard Class,Consumer,South,Furniture,Chairs,Charlotte,3,0.15,442.07,-4.83
2017-11-26,Standard Class,Consumer,West,Office Supplies,Fasteners,Denver,6,0.2,298.29,36.81
2017-11-26,Same Day,Consumer,West,Office Supplies,Appliances,San Francisco,2,0.0,73.73,8.07
2017-11-26,Standard Class,Consumer,East,Furniture,Chairs,Philadelphia,8,0.0,1024.01,98.98
2017-11-26,Standard Class,Corporate,West,Office Supplies,Storage,Seattle,6,0.2,135.16,11.75
2017-11-26,Standard Class,Consumer,South,Office Supplies,Paper,Atlanta,1,0.0,95.91,18.63
2017-11-26,Standard Class,Consumer,West,Office Supplies,Storage,Seattle,7,0.0,893.59,168.26
2017-11-26,First Class,Consumer,West,Office Supplies,Labels,San Francisco,8,0.2,279.71,33.85
2017-11-26,First Class,Consumer,South,Furniture,Tables,Miami,2,0.0,193.08,12.91
2017-11-26,Second Class,Corporate,Central,Office Supplies,Envelopes,Houston,3,0.15,89.4,-0.21
2017-11-26,Standard Class,Consumer,Central,Office Supplies,Envelopes,Chicago,6,0.15,277.57,6.27
2017-11-27,Standard Class,Consumer,West,Technology,Copiers,Denver,4,0.1,1109.33,118.15
2017-11-27,Same Day,Home Office,West,Office Supplies,Appliances,Los Angeles,1,0.2,79.35,-6.38
2017-11-27,First Class,Corporate,South,Office Supplies,Paper,Charlotte,3,0.0,117.7,23.29
2017-11-27,Standard Class,Home Office,East,Office Supplies,Paper,Philadelphia,2,0.0,88.72,17.48
2017-11-27,Standard Class,Consumer,West,Technology,Machines,Seattle,5,0.3,481.86,-15.44
2017-11-27,Standard Class,Consumer,East,Technology,Phones,New York City,3,0.0,1636.8,393.09
2017-11-27,Standard Class,Consumer,East,Office Supplies,Envelopes,Columbus,2,0.0,39.45,9.46
2017-11-27,Standard Class,Consumer,Central,Furniture,Bookcases,Chicago,1,0.2,93.55,-7.22
2017-11-27,Standard Class,Consumer,South,Office Supplies,Supplies,Miami,5,0.05,159.43,1.86
2017-11-27,Standard Class,Consumer,South,Office Supplies,Binders,Nashville,5,0.1,166.89,19.51
2017-11-28,Standard Class,Corporate,West,Furniture,Furnishings,San Francisco,1,0.1,70.86,8.01
2017-11-28,Standard Class,Home Office,West,Office Supplies,Envelopes,Los Angeles,4,0.0,156.68,7.43
2017-11-28,Standard Class,Consumer,West,Office Supplies,Supplies,Los Angeles,1,0.0,38.09,8.75
2017-11-28,Standard Class,Consumer,South,Office Supplies,Envelopes,Miami,5,0.2,494.96,13.21
2017-11-28,Second Class,Corporate,Central,Office Supplies,Labels,Houston,9,0.1,734.53,75.3
2017-11-28,Standard Class,Consumer,East,Office Supplies,Paper,Philadelphia,1,0.1,22.5,0.81
2017-11-28,Same Day,Home Office,Central,Technology,Machines,Chicago,6,0.15,772.75,53.62
2017-11-28,Same Day,Corporate,Central,Furniture,Chairs,Houston,1,0.4,97.35,-14.33
2017-11-28,Standard Class,Home Office,West,Technology,Phones,Denver,7,0.0,1439.65,230.33
2017-11-28,Standard Class,Consumer,West,Office Supplies,Envelopes,Denver,7,0.15,445.11,70.61
2017-11-28,First Class,Home Office,East,Office Supplies,Storage,Boston,3,0.2,106.71,5.75
2017-11-29,Standard Class,Consumer,East,Office Supplies,Labels,New York City,9,0.0,401.85,85.39
2017-11-29,Standard Class,Consumer,Central,Furniture,Tables,Houston,1,0.1,162.82,4.07
2017-11-29,Standard Class,Corporate,West,Office Supplies,Appliances,Denver,8,0.0,657.08,125.01
2017-11-30,Standard Class,Consumer,West,Office Supplies,Labels,Seattle,1,0.15,28.05,0.62
2017-11-30,Standard Class,Home Office,West,Office Supplies,Fasteners,Seattle,6,0.0,109.37,17.41
2017-11-30,Standard Class,Corporate,West,Office Supplies,Supplies,Denver,9,0.0,729.11,170.53
2017-11-30,Second Class,Consumer,West,Furniture,Furnishings,San Francisco,6,0.0,541.82,37.61
2017-11-30,Standard Class,Corporate,East,Office Supplies,Paper,Boston,9,0.0,464.93,100.15
2017-11-30,Standard Class,Consumer,West,Furniture,Tables,Los Angeles,6,0.05,754.62,3.01
2017-11-30,Standard Class,Consumer,West,Furniture,Chairs,San Francisco,5,0.0,570.92,94.27
2017-11-30,Standard Class,Corporate,West,Office Supplies,Art,Seattle,6,0.2,308.65,4.58
2017-12-01,Standard Class,Corporate,West,Technology,Phones,Los Angeles,2,0.2,343.36,3.59
2017-12-01,Second Class,Consumer,West,Technology,Phones,Denver,6,0.1,1225.68,115.01
2017-12-01,Standard Class,Consumer,East,Furniture,Tables,Boston,8,0.0,1667.73,92.95
2017-12-01,Standard Class,Home Office,Central,Furniture,Furnishings,Minneapolis,7,0.3,893.27,-51.96
2017-12-01,Standard Class,Corporate,Central,Office Supplies,Binders,Dallas,6,0.0,323.55,43.52
2017-12-02,Standard Class,Consumer,West,Furniture,Bookcases,San Francisco,5,0.1,608.78,22.07
2017-12-02,Second Class,Corporate,West,Office Supplies,Labels,San Francisco,4,0.2,159.76,-8.48
2017-12-02,Standard Class,Home Office,South,Office Supplies,Binders,Atlanta,1,0.0,45.88,5.52
2017-12-02,Standard Class,Consumer,West,Furniture,Tables,San Francisco,4,0.2,1146.37,3.3
2017-12-02,Standard Class,Corporate,Central,Office Supplies,Storage,Minneapolis,8,0.15,293.57,19.57
2017-12-02,Standard Class,Corporate,West,Office Supplies,Supplies,Seattle,7,0.3,264.01,-25.32
2017-12-02,Standard Class,Consumer,West,Office Supplies,Binders,Denver,7,0.1,156.35,25.5
2017-12-02,Second Class,Consumer,Central,Office Supplies,Supplies,Chicago,4,0.1,99.0,13.07
2017-12-02,First Class,Home Office,West,Office Supplies,Supplies,Denver,5,0.1,293.9,67.14
2017-12-03,First Class,Home Office,Central,Technology,Machines,Houston,3,0.4,472.01,-7.65
2017-12-03,Standard Class,Consumer,South,Office Supplies,Art,Nashville,4,0.0,545.34,92.17
2017-12-03,Same Day,Consumer,East,Office Supplies,Binders,Philadelphia,4,0.15,66.58,7.13
2017-12-03,First Class,Consumer,East,Furniture,Tables,Philadelphia,4,0.4,338.32,-19.49
2017-12-03,Standard Class,Consumer,Central,Office Supplies,Fasteners,Dallas,9,0.1,330.65,47.84
2017-12-03,Standard Class,Consumer,Central,Furniture,Bookcases,Houston,6,0.1,1177.74,21.09
2017-12-04,Second Class,Home Office,Central,Furniture,Chairs,Chicago,3,0.15,226.16,-15.86
2017-12-04,Standard Class,Consumer,Central,Office Supplies,Paper,Minneapolis,8,0.1,361.65,49.76
2017-12-04,Second Class,Consumer,Central,Office Supplies,Envelopes,Dallas,7,0.1,162.76,13.69
2017-12-04,Standard Class,Corporate,East,Office Supplies,Art,New York City,5,0.3,160.67,-5.74
2017-12-04,Standard Class,Home Office,South,Technology,Machines,Atlanta,5,0.05,795.99,139.75
2017-12-04,Second Class,Home Office,West,Office Supplies,Binders,Denver,6,0.05,528.15,54.59
2017-12-04,Standard Class,Consumer,Central,Office Supplies,Labels,Houston,2,0.3,88.14,1.02
2017-12-04,Standard Class,Home Office,West,Technology,Accessories,San Francisco,1,0.05,191.78,45.22
2017-12-05,Second Class,Home Office,West,Furniture,Chairs,San Francisco,8,0.0,2494.05,312.57
2017-12-05,First Class,Corporate,South,Office Supplies,Supplies,Nashville,4,0.0,62.23,13.17
2017-12-05,Second Class,Home Office,West,Office Supplies,Art,San Francisco,8,0.1,345.52,42.93
2017-12-05,Second Class,Consumer,East,Office Supplies,Appliances,New York City,2,0.05,131.55,15.68
2017-12-05,Standard Class,Corporate,South,Furniture,Tables,Atlanta,4,0.1,468.59,-32.21
2017-12-05,Standard Class,Home Office,West,Office Supplies,Labels,Denver,9,0.0,424.66,113.4
2017-12-05,First Class,Corporate,Central,Office Supplies,Art,Houston,4,0.1,242.89,11.94
2017-12-05,Standard Class,Consumer,East,Office Supplies,Binders,Boston,8,0.1,459.63,82.53
2017-12-05,Standard Class,Home Office,South,Furniture,Chairs,Miami,3,0.2,725.61,-13.88
2017-12-05,Standard Class,Consumer,Central,Office Supplies,Labels,Minneapolis,2,0.0,93.11,-2.75
2017-12-05,Standard Class,Consumer,Central,Technology,Phones,Houston,7,0.2,2205.29,118.46
2017-12-05,Standard Class,Corporate,Central,Office Supplies,Paper,Dallas,5,0.0,643.42,126.6
2017-12-05,Standard Class,Corporate,West,Furniture,Bookcases,Los Angeles,5,0.3,532.51,-67.73
2017-12-06,Standard Class,Consumer,West,Furniture,Bookcases,Los Angeles,1,0.4,33.94,-4.55
2017-12-06,Standard Class,Corporate,Central,Office Supplies,Supplies,Minneapolis,8,0.15,159.14,25.06
2017-12-06,Same Day,Corporate,East,Furniture,Tables,New York City,1,0.1,285.24,-3.57
2017-12-06,Second Class,Consumer,East,Office Supplies,Storage,Boston,9,0.05,565.11,43.74
2017-12-06,Standard Class,Corporate,West,Furniture,Tables,Seattle,2,0.05,654.95,-15.4
2017-12-06,Standard Class,Corporate,West,Office Supplies,Labels,Los Angeles,2,0.15,128.1,8.0
2017-12-06,First Class,Consumer,South,Office Supplies,Labels,Nashville,3,0.1,153.06,4.33
2017-12-07,Standard Class,Consumer,East,Office Supplies,Appliances,Philadelphia,7,0.05,159.32,26.63
2017-12-07,Second Class,Consumer,Central,Technology,Copiers,Houston,4,0.05,1089.38,120.23
2017-12-07,Standard Class,Consumer,Central,Office Supplies,Supplies,Dallas,5,0.15,495.56,-31.85
2017-12-07,Standard Class,Consumer,East,Technology,Copiers,Philadelphia,3,0.2,381.45,41.77
2017-12-07,Standard Class,Consumer,East,Office Supplies,Envelopes,Columbus,5,0.0,241.44,44.54
2017-12-08,Standard Class,Home Office,East,Technology,Copiers,Columbus,4,0.1,1180.93,220.53
2017-12-08,Standard Class,Corporate,East,Furniture,Bookcases,Philadelphia,3,0.15,244.0,-18.99
2017-12-08,Second Class,Corporate,East,Office Supplies,Binders,Philadelphia,9,0.4,259.43,-41.61
2017-12-08,First Class,Home Office,West,Office Supplies,Envelopes,Seattle,7,0.05,495.66,46.02
2017-12-08,First Class,Corporate,West,Office Supplies,Storage,Denver,7,0.4,236.58,-6.16
2017-12-08,Standard Class,Corporate,East,Office Supplies,Labels,Columbus,1,0.0,115.29,15.25
2017-12-09,Standard Class,Consumer,East,Office Supplies,Paper,Philadelphia,1,0.0,62.0,11.49
2017-12-09,Second Class,Corporate,East,Furniture,Bookcases,New York City,8,0.1,532.04,51.47
2017-12-09,Standard Class,Home Office,South,Office Supplies,Art,Nashville,9,0.2,433.4,65.96
2017-12-10,Standard Class,Consumer,South,Office Supplies,Binders,Atlanta,7,0.15,308.23,38.62
2017-12-10,Standard Class,Consumer,West,Office Supplies,Supplies,Denver,6,0.15,548.53,48.86
2017-12-10,First Class,Corporate,East,Office Supplies,Appliances,Philadelphia,5,0.15,574.34,58.04
2017-12-10,Standard Class,Corporate,Central,Office Supplies,Binders,Minneapolis,2,0.0,94.78,16.15
2017-12-10,Same Day,Consumer,East,Office Supplies,Fasteners,Philadelphia,9,0.1,364.89,25.6
2017-12-10,Standard Class,Consumer,South,Office Supplies,Labels,Atlanta,9,0.1,1108.05,35.91
2017-12-10,Standard Class,Consumer,Central,Furniture,Chairs,Chicago,5,0.05,794.2,1.99
2017-12-10,Second Class,Corporate,Central,Technology,Accessories,Dallas,4,0.0,1292.85,368.56
2017-12-10,Standard Class,Consumer,East,Office Supplies,Appliances,New York City,2,0.1,177.36,27.01
2017-12-10,Standard Class,Consumer,East,Office Supplies,Art,Philadelphia,8,0.2,481.12,11.38
2017-12-10,Standard Class,Corporate,East,Office Supplies,Appliances,New York City,9,0.15,444.89,-9.72
2017-12-11,Standard Class,Home Office,East,Technology,Accessories,New York City,7,0.2,1589.07,92.31
2017-12-11,First Class,Consumer,West,Office Supplies,Labels,Seattle,6,0.1,227.18,27.28
2017-12-11,Standard Class,Corporate,Central,Office Supplies,Binders,Minneapolis,9,0.1,475.15,45.28
2017-12-11,Standard Class,Consumer,Central,Furniture,Tables,Houston,4,0.1,1008.67,53.33
2017-12-11,Second Class,Consumer,Central,Furniture,Furnishings,Minneapolis,5,0.4,783.79,-54.58
2017-12-11,Standard Class,Consumer,East,Office Supplies,Appliances,Columbus,3,0.15,134.14,3.63
2017-12-11,Standard Class,Corporate,West,Office Supplies,Labels,Los Angeles,7,0.1,443.36,52.03
2017-12-11,First Class,Corporate,South,Office Supplies,Supplies,Atlanta,4,0.2,52.39,-2.01
2017-12-11,Standard Class,Home Office,West,Furniture,Tables,Seattle,2,0.0,308.59,39.54
2017-12-11,Standard Class,Consumer,West,Furniture,Bookcases,San Francisco,4,0.4,1165.33,-92.7
2017-12-12,Second Class,Consumer,East,Office Supplies,Storage,Philadelphia,8,0.0,325.28,38.89
2017-12-12,Standard Class,Home Office,East,Furniture,Furnishings,Columbus,2,0.0,461.09,-29.94
2017-12-12,Second Class,Corporate,Central,Office Supplies,Storage,Houston,8,0.2,567.01,-12.62
2017-12-12,Standard Class,Consumer,West,Office Supplies,Art,Denver,7,0.15,390.09,35.66
2017-12-12,Second Class,Corporate,Central,Office Supplies,Binders,Chicago,3,0.2,87.17,9.89
2017-12-12,Standard Class,Corporate,West,Office Supplies,Envelopes,Seattle,3,0.0,880.86,206.38
2017-12-12,Standard Class,Consumer,West,Furniture,Bookcases,Denver,9,0.3,1617.88,-12.03
2017-12-12,Standard Class,Corporate,Central,Technology,Machines,Minneapolis,8,0.0,1601.31,411.09
2017-12-13,Second Class,Consumer,West,Office Supplies,Binders,Seattle,7,0.2,148.04,-2.63
2017-12-13,Standard Class,Home Office,Central,Office Supplies,Envelopes,Dallas,6,0.1,110.47,-3.79
2017-12-13,Standard Class,Home Office,Central,Office Supplies,Labels,Minneapolis,2,0.1,43.57,3.39
2017-12-13,Standard Class,Corporate,Central,Office Supplies,Binders,Houston,5,0.1,71.51,5.21
2017-12-13,Second Class,Consumer,West,Office Supplies,Storage,San Francisco,8,0.0,1189.38,231.07
2017-12-13,First Class,Consumer,Central,Technology,Accessories,Minneapolis,7,0.0,4179.21,808.73
2017-12-13,Standard Class,Corporate,South,Office Supplies,Envelopes,Miami,6,0.15,394.66,47.46
2017-12-13,First Class,Consumer,West,Furniture,Tables,Los Angeles,1,0.2,87.01,-9.52
2017-12-13,Second Class,Consumer,East,Office Supplies,Labels,Philadelphia,9,0.2,106.7,11.35
2017-12-14,First Class,Consumer,South,Office Supplies,Fasteners,Charlotte,8,0.0,1151.92,160.82
2017-12-14,Standard Class,Consumer,Central,Furniture,Bookcases,Minneapolis,6,0.0,780.9,52.58
2017-12-14,Second Class,Consumer,East,Technology,Accessories,New York City,8,0.1,870.23,153.64
2017-12-14,Standard Class,Corporate,South,Office Supplies,Binders,Miami,1,0.0,117.3,16.0
2017-12-14,Standard Class,Corporate,South,Technology,Copiers,Miami,3,0.2,719.09,164.07
2017-12-14,Standard Class,Consumer,West,Office Supplies,Envelopes,Los Angeles,1,0.15,25.81,1.89
2017-12-14,Standard Class,Consumer,South,Office Supplies,Binders,Miami,7,0.2,632.27,127.36
2017-12-15,Standard Class,Corporate,East,Furniture,Chairs,Columbus,2,0.0,167.46,11.85
2017-12-15,Second Class,Consumer,Central,Technology,Accessories,Chicago,3,0.0,1209.21,258.92
2017-12-15,Standard Class,Corporate,East,Office Supplies,Labels,Columbus,1,0.15,16.7,1.72
2017-12-15,Standard Class,Corporate,West,Office Supplies,Labels,Seattle,6,0.2,256.46,27.64
2017-12-15,Standard Class,Home Office,East,Furniture,Tables,Columbus,1,0.15,131.1,-0.59
2017-12-15,First Class,Home Office,Central,Office Supplies,Paper,Minneapolis,5,0.1,174.95,12.69
2017-12-15,Second Class,Corporate,East,Technology,Accessories,Columbus,7,0.0,2549.13,655.21
2017-12-15,Standard Class,Consumer,East,Office Supplies,Fasteners,Philadelphia,3,0.1,94.88,15.97
2017-12-16,Standard Class,Consumer,East,Office Supplies,Envelopes,Philadelphia,5,0.0,231.69,40.45
2017-12-16,Standard Class,Corporate,East,Technology,Machines,Columbus,2,0.15,283.21,32.81
2017-12-16,First Class,Corporate,West,Furniture,Bookcases,Denver,2,0.0,548.08,82.83
2017-12-16,Standard Class,Home Office,East,Office Supplies,Storage,New York City,2,0.05,87.01,0.35
2017-12-16,First Class,Home Office,East,Technology,Copiers,Philadelphia,1,0.0,952.19,239.79
2017-12-16,First Class,Consumer,West,Office Supplies,Binders,Denver,9,0.0,238.54,51.71
2017-12-16,First Class,Corporate,South,Office Supplies,Appliances,Nashville,3,0.0,129.13,22.77
2017-12-16,Standard Class,Corporate,West,Furniture,Chairs,San Francisco,5,0.0,645.89,-38.37
2017-12-17,Standard Class,Corporate,West,Technology,Copiers,Los Angeles,7,0.2,849.14,94.37
2017-12-17,Standard Class,Consumer,West,Furniture,Tables,Los Angeles,5,0.2,347.99,-33.16
2017-12-17,Standard Class,Consumer,East,Technology,Copiers,Boston,6,0.05,2423.99,523.91
2017-12-17,Standard Class,Consumer,Central,Furniture,Furnishings,Dallas,3,0.15,224.55,2.25
2017-12-18,Standard Class,Consumer,Central,Office Supplies,Supplies,Minneapolis,8,0.05,399.65,53.93
2017-12-18,Standard Class,Consumer,East,Furniture,Furnishings,Columbus,3,0.15,906.0,0.51
2017-12-18,Standard Class,Consumer,East,Office Supplies,Binders,Columbus,5,0.1,223.46,13.29
2017-12-18,Same Day,Consumer,Central,Office Supplies,Appliances,Chicago,3,0.2,181.83,12.47
2017-12-19,Standard Class,Home Office,Central,Technology,Accessories,Dallas,6,0.1,1128.31,147.81
2017-12-19,Standard Class,Corporate,South,Office Supplies,Appliances,Charlotte,7,0.0,195.27,15.66
2017-12-19,Second Class,Consumer,East,Furniture,Bookcases,New York City,6,0.0,1134.71,-24.08
2017-12-19,Standard Class,Corporate,Central,Office Supplies,Fasteners,Houston,4,0.1,214.56,6.63
2017-12-19,Standard Class,Corporate,Central,Office Supplies,Art,Dallas,7,0.1,363.01,46.91
2017-12-20,First Class,Consumer,West,Technology,Machines,San Francisco,6,0.4,1583.22,-49.4
2017-12-20,Standard Class,Consumer,West,Office Supplies,Fasteners,Seattle,9,0.05,1389.94,17.76
2017-12-20,Standard Class,Corporate,East,Furniture,Tables,Boston,2,0.2,312.73,-27.98
2017-12-21,Standard Class,Consumer,Central,Office Supplies,Supplies,Houston,8,0.0,226.8,37.52
2017-12-21,Standard Class,Consumer,South,Furniture,Furnishings,Nashville,8,0.2,1165.78,-41.91
2017-12-21,Standard Class,Home Office,West,Office Supplies,Paper,San Francisco,5,0.15,563.54,33.08
2017-12-21,Same Day,Consumer,Central,Office Supplies,Storage,Chicago,9,0.1,336.26,53.14
2017-12-21,First Class,Corporate,Central,Furniture,Bookcases,Minneapolis,1,0.2,245.02,-7.91
2017-12-21,Second Class,Consumer,West,Office Supplies,Paper,San Francisco,5,0.15,69.15,7.73
2017-12-22,Standard Class,Corporate,West,Office Supplies,Fasteners,Los Angeles,6,0.3,289.6,13.25
2017-12-22,First Class,Corporate,West,Office Supplies,Binders,Denver,8,0.1,1027.18,108.53
2017-12-22,Second Class,Corporate,West,Furniture,Furnishings,Seattle,7,0.3,1189.56,-18.28
2017-12-22,Standard Class,Corporate,West,Office Supplies,Appliances,Seattle,2,0.15,215.2,34.44
2017-12-22,Second Class,Consumer,West,Office Supplies,Fasteners,Seattle,9,0.0,365.32,32.05
2017-12-22,Standard Class,Consumer,Central,Office Supplies,Art,Minneapolis,2,0.0,34.71,5.26
2017-12-22,Standard Class,Home Office,West,Office Supplies,Paper,Los Angeles,5,0.15,152.18,-2.84
2017-12-22,Standard Class,Corporate,Central,Office Supplies,Storage,Minneapolis,5,0.1,89.56,20.44
2017-12-23,Standard Class,Corporate,East,Office Supplies,Fasteners,Philadelphia,1,0.2,103.74,14.17
2017-12-23,First Class,Home Office,East,Office Supplies,Supplies,Columbus,8,0.15,712.79,62.26
2017-12-23,Standard Class,Corporate,East,Furniture,Tables,New York City,9,0.05,857.28,59.48
2017-12-23,First Class,Corporate,West,Technology,Phones,Seattle,2,0.1,944.35,152.18
2017-12-23,Second Class,Consumer,East,Furniture,Chairs,Philadelphia,4,0.15,1129.7,-61.32
2017-12-23,Second Class,Consumer,East,Furniture,Tables,Boston,5,0.15,1244.59,-79.9
2017-12-23,Standard Class,Consumer,Central,Furniture,Tables,Minneapolis,7,0.3,428.28,-20.25
2017-12-24,First Class,Consumer,East,Furniture,Chairs,Boston,5,0.0,663.63,72.76
2017-12-24,Standard Class,Consumer,South,Office Supplies,Binders,Atlanta,5,0.15,144.83,6.75
2017-12-24,Second Class,Home Office,East,Office Supplies,Fasteners,New York City,9,0.0,236.38,30.28
2017-12-25,Standard Class,Consumer,West,Office Supplies,Appliances,Seattle,5,0.2,218.39,-3.5
2017-12-25,Standard Class,Consumer,East,Furniture,Tables,Boston,3,0.2,888.39,-6.93
2017-12-25,Standard Class,Consumer,West,Furniture,Furnishings,Denver,3,0.2,361.43,31.77
2017-12-25,Standard Class,Consumer,West,Technology,Machines,Los Angeles,9,0.05,2083.13,313.76
2017-12-25,Standard Class,Corporate,West,Office Supplies,Supplies,Seattle,6,0.2,326.96,-4.38
2017-12-26,Standard Class,Consumer,East,Office Supplies,Art,Columbus,2,0.3,84.6,0.61
2017-12-26,First Class,Consumer,West,Office Supplies,Paper,Los Angeles,3,0.0,371.13,106.35
2017-12-26,Second Class,Consumer,Central,Office Supplies,Labels,Houston,5,0.15,457.06,-1.39
2017-12-26,Second Class,Consumer,East,Technology,Copiers,Philadelphia,9,0.2,1923.07,141.78
2017-12-26,First Class,Consumer,Central,Office Supplies,Labels,Minneapolis,3,0.0,213.01,38.98
2017-12-26,Standard Class,Consumer,East,Office Supplies,Labels,Columbus,3,0.0,64.73,8.21
2017-12-26,Standard Class,Corporate,West,Office Supplies,Fasteners,Seattle,2,0.2,54.94,7.38
2017-12-26,First Class,Consumer,Central,Office Supplies,Art,Chicago,6,0.0,317.61,45.87
2017-12-27,Second Class,Consumer,South,Office Supplies,Binders,Miami,2,0.3,105.39,-2.86
2017-12-27,Standard Class,Consumer,West,Office Supplies,Storage,Seattle,8,0.0,791.99,120.87
2017-12-27,Standard Class,Consumer,West,Office Supplies,Appliances,Los Angeles,6,0.15,331.47,-1.94
2017-12-27,Standard Class,Corporate,South,Office Supplies,Supplies,Nashville,8,0.0,788.58,45.95
2017-12-27,Second Class,Consumer,East,Furniture,Bookcases,Philadelphia,1,0.0,100.45,3.79
2017-12-27,Standard Class,Consumer,Central,Technology,Machines,Houston,1,0.1,189.84,24.76
2017-12-28,Standard Class,Consumer,Central,Office Supplies,Binders,Chicago,4,0.0,627.91,112.47
2017-12-28,Standard Class,Corporate,South,Office Supplies,Binders,Charlotte,9,0.2,443.75,42.02
2017-12-28,Standard Class,Corporate,East,Office Supplies,Supplies,Columbus,6,0.2,192.28,36.59
2017-12-28,Standard Class,Consumer,East,Office Supplies,Labels,New York City,5,0.15,571.82,99.37
2017-12-28,Same Day,Consumer,South,Office Supplies,Envelopes,Nashville,9,0.1,412.22,32.43
2017-12-28,Standard Class,Consumer,Central,Technology,Machines,Minneapolis,2,0.15,573.43,57.14
2017-12-28,Standard Class,Consumer,Central,Office Supplies,Art,Chicago,9,0.0,366.7,92.35
2017-12-28,Second Class,Consumer,South,Office Supplies,Paper,Atlanta,8,0.0,604.76,-3.47
2017-12-28,Standard Class,Home Office,Central,Technology,Machines,Dallas,6,0.0,2923.83,727.55
2017-12-29,Second Class,Corporate,East,Technology,Accessories,New York City,3,0.1,198.8,26.58
2017-12-29,Standard Class,Home Office,West,Office Supplies,Envelopes,Los Angeles,1,0.15,86.57,4.62
2017-12-29,Standard Class,Consumer,Central,Office Supplies,Art,Dallas,1,0.4,40.3,0.49
2017-12-29,Second Class,Consumer,Central,Office Supplies,Art,Houston,8,0.1,483.08,61.03
2017-12-30,Standard Class,Consumer,East,Office Supplies,Envelopes,New York City,9,0.2,439.21,-31.2
2017-12-30,Standard Class,Consumer,East,Office Supplies,Fasteners,Philadelphia,7,0.15,442.62,61.88
2017-12-30,Standard Class,Corporate,Central,Furniture,Bookcases,Dallas,4,0.05,809.99,52.18
2017-12-30,First Class,Home Office,South,Office Supplies,Paper,Miami,1,0.2,34.39,1.05
2017-12-30,Standard Class,Consumer,South,Technology,Copiers,Miami,1,0.1,453.31,97.79
2017-12-30,Standard Class,Corporate,East,Office Supplies,Fasteners,New York City,5,0.0,70.32,8.54
2017-12-30,Standard Class,Home Office,West,Furniture,Furnishings,Denver,4,0.0,474.24,38.83
2017-12-30,Standard Class,Home Office,East,Office Supplies,Fasteners,New York City,7,0.0,619.48,107.16
2017-12-30,Standard Class,Home Office,West,Furniture,Tables,Denver,2,0.1,284.29,16.31
2017-12-31,Standard Class,Consumer,East,Technology,Phones,Boston,4,0.3,612.73,43.32
2017-12-31,Same Day,Consumer,South,Technology,Copiers,Charlotte,8,0.4,2632.68,-117.35
2017-12-31,Standard Class,Home Office,West,Office Supplies,Appliances,Denver,4,0.0,103.12,21.23
2017-12-31,Same Day,Consumer,West,Furniture,Bookcases,Los Angeles,9,0.2,1291.59,138.12
2017-12-31,Standard Class,Corporate,West,Office Supplies,Supplies,San Francisco,6,0.0,216.23,44.33
2017-12-31,Second Class,Consumer,East,Office Supplies,Paper,New York City,8,0.2,541.59,42.41
2017-12-31,First Class,Corporate,South,Technology,Accessories,Nashville,4,0.2,650.84,36.07
2017-12-31,Standard Class,Corporate,East,Office Supplies,Labels,Philadelphia,3,0.15,176.52,0.26
2017-12-31,Standard Class,Consumer,East,Office Supplies,Envelopes,Columbus,4,0.0,99.7,22.71
2017-12-31,Standard Class,Home Office,West,Furniture,Tables,Denver,5,0.3,968.82,-75.71
2018-01-01,Standard Class,Consumer,Central,Office Supplies,Fasteners,Houston,6,0.1,335.44,47.66
2018-01-01,Standard Class,Corporate,East,Office Supplies,Paper,New York City,3,0.15,124.41,9.87
2018-01-01,Second Class,Home Office,West,Office Supplies,Binders,Seattle,9,0.15,346.4,15.57
2018-01-01,Standard Class,Home Office,East,Office Supplies,Paper,Philadelphia,3,0.05,167.53,33.96
2018-01-01,Standard Class,Consumer,West,Technology,Phones,San Francisco,4,0.2,602.06,10.03
2018-01-01,Standard Class,Corporate,West,Office Supplies,Storage,Denver,7,0.0,422.8,50.8
2018-01-01,Second Class,Consumer,West,Office Supplies,Fasteners,San Francisco,3,0.0,178.06,21.93
2018-01-01,Standard Class,Consumer,East,Technology,Machines,Philadelphia,9,0.1,2419.14,487.4
2018-01-02,Standard Class,Home Office,East,Office Supplies,Binders,New York City,7,0.05,608.74,36.32
2018-01-02,Standard Class,Consumer,West,Technology,Machines,Los Angeles,5,0.0,590.34,136.57
2018-01-02,Standard Class,Consumer,Central,Technology,Copiers,Houston,5,0.4,455.11,-11.59
2018-01-02,Standard Class,Consumer,East,Office Supplies,Storage,New York City,7,0.3,233.59,-21.31
2018-01-02,Standard Class,Home Office,West,Office Supplies,Storage,Denver,7,0.0,475.34,40.06
2018-01-02,Standard Class,Corporate,West,Technology,Accessories,Seattle,4,0.3,861.6,-14.33
2018-01-02,Second Class,Home Office,West,Office Supplies,Storage,San Francisco,8,0.15,214.69,-4.5
2018-01-02,First Class,Consumer,Central,Office Supplies,Paper,Houston,6,0.2,555.59,80.4
2018-01-02,Second Class,Corporate,West,Furniture,Bookcases,Denver,6,0.2,2543.88,-14.14
2018-01-02,Standard Class,Consumer,Central,Office Supplies,Storage,Houston,3,0.3,108.2,-1.97
2018-01-02,First Class,Consumer,West,Furniture,Furnishings,Seattle,8,0.05,1862.23,143.99
2018-01-03,Standard Class,Home Office,West,Technology,Machines,San Francisco,4,0.1,1619.53,110.08
2018-01-03,Standard Class,Consumer,South,Furniture,Furnishings,Miami,7,0.2,914.16,-67.63
2018-01-03,Standard Class,Consumer,East,Office Supplies,Supplies,Boston,1,0.1,72.97,8.69
2018-01-03,Second Class,Consumer,South,Office Supplies,Art,Miami,4,0.05,100.21,0.5
2018-01-03,Second Class,Corporate,Central,Technology,Accessories,Houston,5,0.0,1800.17,394.91
2018-01-03,Standard Class,Consumer,East,Technology,Phones,Boston,1,0.0,202.1,37.71
2018-01-03,Standard Class,Consumer,East,Office Supplies,Art,New York City,8,0.1,494.85,43.35
2018-01-03,Standard Class,Home Office,Central,Office Supplies,Fasteners,Chicago,3,0.1,91.8,14.04
2018-01-04,Standard Class,Consumer,Central,Office Supplies,Binders,Minneapolis,9,0.2,374.77,32.94
2018-01-04,Standard Class,Consumer,East,Office Supplies,Appliances,Columbus,6,0.0,606.99,42.2
2018-01-04,Standard Class,Consumer,West,Office Supplies,Storage,Los Angeles,1,0.2,47.29,2.9
2018-01-04,Standard Class,Corporate,Central,Technology,Copiers,Dallas,7,0.1,1271.83,191.99
2018-01-04,First Class,Home Office,Central,Office Supplies,Storage,Dallas,8,0.1,596.4,37.47
2018-01-04,First Class,Consumer,West,Office Supplies,Supplies,Seattle,1,0.2,41.52,-1.97
2018-01-04,Standard Class,Corporate,South,Office Supplies,Appliances,Nashville,6,0.15,301.89,42.04
2018-01-04,Second Class,Consumer,South,Office Supplies,Labels,Charlotte,7,0.0,482.75,83.21
2018-01-04,Standard Class,Consumer,East,Technology,Phones,Columbus,3,0.15,702.49,110.86
2018-01-04,Standard Class,Consumer,Central,Furniture,Tables,Chicago,3,0.1,481.13,-36.2
2018-01-05,Standard Class,Home Office,West,Office Supplies,Fasteners,Seattle,2,0.0,76.92,15.13
2018-01-05,Standard Class,Home Office,East,Technology,Copiers,Columbus,7,0.05,1690.7,131.96
2018-01-05,Standard Class,Consumer,East,Office Supplies,Paper,Philadelphia,9,0.2,642.54,85.09
2018-01-05,Second Class,Consumer,West,Office Supplies,Storage,San Francisco,8,0.0,154.09,16.48
2018-01-05,Standard Class,Consumer,East,Office Supplies,Binders,New York City,7,0.15,325.75,18.55
2018-01-05,Standard Class,Corporate,West,Office Supplies,Appliances,Los Angeles,2,0.2,198.43,-5.36
2018-01-05,First Class,Consumer,West,Technology,Phones,Denver,4,0.0,805.87,226.42
2018-01-05,Second Class,Consumer,East,Furniture,Chairs,Columbus,5,0.2,964.4,135.64
2018-01-05,First Class,Home Office,West,Office Supplies,Binders,Seattle,9,0.15,379.8,21.07
2018-01-05,Standard Class,Home Office,South,Furniture,Furnishings,Nashville,8,0.15,770.55,-30.94
2018-01-05,Standard Class,Home Office,East,Office Supplies,Art,New York City,4,0.2,203.65,8.67
2018-01-06,Standard Class,Consumer,South,Furniture,Furnishings,Atlanta,9,0.05,1643.53,2.98
2018-01-06,Standard Class,Consumer,West,Office Supplies,Appliances,Los Angeles,5,0.15,201.65,17.94
2018-01-06,Second Class,Corporate,Central,Office Supplies,Fasteners,Minneapolis,7,0.1,214.5,39.98
2018-01-06,Second Class,Consumer,East,Office Supplies,Fasteners,Columbus,9,0.1,889.99,-3.02
2018-01-06,Second Class,Consumer,Central,Office Supplies,Storage,Minneapolis,4,0.1,145.81,4.89
2018-01-06,Standard Class,Corporate,East,Office Supplies,Supplies,Philadelphia,7,0.05,130.22,20.93
2018-01-06,Standard Class,Consumer,East,Technology,Machines,New York City,9,0.05,2232.68,255.25
2018-01-06,Second Class,Home Office,West,Office Supplies,Appliances,Los Angeles,9,0.0,782.86,83.82
2018-01-06,Second Class,Home Office,West,Furniture,Furnishings,Los Angeles,6,0.0,972.11,43.71
2018-01-07,Standard Class,Corporate,Central,Office Supplies,Fasteners,Houston,5,0.0,343.83,44.14
2018-01-07,Standard Class,Home Office,East,Office Supplies,Fasteners,Boston,6,0.2,111.24,1.16
2018-01-07,Standard Class,Home Office,Central,Office Supplies,Fasteners,Minneapolis,8,0.0,528.5,115.96
2018-01-07,Second Class,Consumer,South,Furniture,Bookcases,Miami,4,0.2,439.87,13.21
2018-01-07,Second Class,Corporate,South,Technology,Copiers,Atlanta,6,0.15,2195.89,187.88
2018-01-07,Second Class,Consumer,South,Office Supplies,Binders,Atlanta,3,0.1,225.55,23.51
2018-01-07,Standard Class,Consumer,South,Technology,Phones,Atlanta,2,0.05,1070.12,189.23
2018-01-07,Second Class,Consumer,Central,Office Supplies,Binders,Dallas,6,0.0,312.3,44.38
2018-01-08,Second Class,Consumer,Central,Technology,Machines,Minneapolis,2,0.0,329.5,56.02
2018-01-08,Second Class,Consumer,Central,Office Supplies,Paper,Minneapolis,8,0.1,562.91,32.0
2018-01-09,Standard Class,Consumer,East,Office Supplies,Fasteners,Columbus,2,0.1,63.59,12.63
2018-01-09,Second Class,Consumer,East,Office Supplies,Supplies,Columbus,8,0.1,738.33,41.96
2018-01-09,Standard Class,Consumer,East,Office Supplies,Binders,New York City,8,0.0,425.46,84.39
2018-01-09,Second Class,Corporate,East,Office Supplies,Appliances,Boston,7,0.0,567.83,84.11
2018-01-09,Standard Class,Consumer,South,Furniture,Tables,Miami,5,0.3,589.84,-69.86
2018-01-09,Standard Class,Home Office,East,Office Supplies,Envelopes,Philadelphia,5,0.15,358.1,-3.73
2018-01-09,Same Day,Home Office,Central,Furniture,Bookcases,Houston,1,0.1,197.67,13.58
2018-01-09,Standard Class,Home Office,South,Furniture,Bookcases,Nashville,5,0.2,950.63,-82.6
2018-01-09,Standard Class,Consumer,South,Office Supplies,Envelopes,Charlotte,3,0.2,179.47,4.07
2018-01-09,First Class,Corporate,West,Technology,Machines,Los Angeles,9,0.15,1336.04,128.93
2018-01-10,Second Class,Consumer,East,Office Supplies,Art,Boston,9,0.2,348.98,32.33
2018-01-10,Standard Class,Home Office,West,Technology,Machines,Denver,3,0.2,365.31,32.6
2018-01-10,Standard Class,Corporate,East,Office Supplies,Storage,Boston,6,0.05,1037.5,169.86
2018-01-10,Standard Class,Consumer,South,Office Supplies,Fasteners,Atlanta,8,0.0,328.32,51.47
2018-01-10,Standard Class,Consumer,East,Technology,Phones,Philadelphia,5,0.0,945.95,242.14
2018-01-10,Same Day,Consumer,East,Furniture,Tables,New York City,2,0.15,792.72,-25.1
2018-01-11,Standard Class,Consumer,West,Office Supplies,Binders,Seattle,6,0.2,338.06,7.35
2018-01-11,Standard Class,Consumer,Central,Office Supplies,Appliances,Houston,5,0.0,589.35,99.4
2018-01-11,Standard Class,Corporate,West,Office Supplies,Appliances,Denver,9,0.2,367.32,22.29
2018-01-11,Standard Class,Consumer,West,Furniture,Furnishings,Los Angeles,3,0.0,1106.05,221.39
2018-01-11,Standard Class,Consumer,East,Office Supplies,Labels,Columbus,2,0.0,67.43,11.34
2018-01-11,Standard Class,Consumer,West,Technology,Accessories,San Francisco,9,0.05,2780.39,199.54
2018-01-11,Standard Class,Corporate,South,Office Supplies,Supplies,Charlotte,4,0.2,177.71,0.16
2018-01-11,Second Class,Corporate,West,Office Supplies,Fasteners,San Francisco,9,0.15,299.92,7.22
2018-01-11,Standard Class,Corporate,West,Office Supplies,Paper,Los Angeles,8,0.05,1978.59,461.34
2018-01-11,First Class,Corporate,West,Office Supplies,Art,Los Angeles,6,0.1,690.57,10.97
2018-01-12,Standard Class,Corporate,Central,Furniture,Bookcases,Minneapolis,5,0.4,860.31,-47.94
2018-01-12,Standard Class,Consumer,East,Technology,Phones,Columbus,7,0.1,1518.25,66.76
2018-01-12,Second Class,Corporate,South,Office Supplies,Supplies,Atlanta,2,0.2,54.47,5.23
2018-01-12,Second Class,Corporate,East,Office Supplies,Fasteners,New York City,5,0.15,170.86,16.35
2018-01-12,Standard Class,Corporate,East,Office Supplies,Binders,New York City,6,0.4,289.45,-49.38
2018-01-12,Second Class,Home Office,West,Furniture,Furnishings,San Francisco,5,0.0,501.66,28.95
2018-01-12,Second Class,Consumer,Central,Technology,Machines,Dallas,3,0.15,1156.95,256.37
2018-01-13,First Class,Consumer,South,Office Supplies,Envelopes,Charlotte,5,0.15,183.63,13.0
2018-01-13,First Class,Consumer,West,Office Supplies,Storage,San Francisco,9,0.0,594.26,167.23
2018-01-13,First Class,Consumer,West,Office Supplies,Paper,Denver,2,0.15,68.38,5.75
2018-01-14,Standard Class,Corporate,Central,Furniture,Furnishings,Dallas,7,0.15,1297.28,110.48
2018-01-14,Standard Class,Corporate,South,Office Supplies,Supplies,Nashville,3,0.2,180.56,17.68
2018-01-15,Standard Class,Corporate,East,Furniture,Furnishings,Boston,5,0.15,1578.07,54.14
2018-01-15,Second Class,Corporate,East,Furniture,Chairs,Philadelphia,7,0.3,1637.31,-210.28
2018-01-15,Second Class,Home Office,East,Office Supplies,Appliances,Boston,8,0.05,344.57,34.67
2018-01-15,Standard Class,Consumer,East,Technology,Phones,Philadelphia,8,0.0,1283.59,156.54
2018-01-15,Standard Class,Consumer,East,Technology,Accessories,Columbus,5,0.05,2324.43,517.4
2018-01-15,First Class,Consumer,West,Technology,Phones,San Francisco,6,0.0,641.53,88.38
2018-01-15,Second Class,Consumer,East,Office Supplies,Envelopes,Philadelphia,4,0.1,332.75,53.41
2018-01-16,Same Day,Consumer,West,Office Supplies,Fasteners,Los Angeles,4,0.0,357.3,68.7
2018-01-16,Standard Class,Consumer,South,Office Supplies,Appliances,Nashville,2,0.1,93.34,4.19
2018-01-16,Standard Class,Consumer,East,Office Supplies,Envelopes,Columbus,8,0.1,635.01,40.33
2018-01-16,Standard Class,Consumer,East,Office Supplies,Storage,Columbus,1,0.0,34.51,5.29
2018-01-16,Standard Class,Corporate,East,Office Supplies,Labels,Boston,1,0.0,59.49,9.98
2018-01-16,Standard Class,Corporate,West,Furniture,Furnishings,San Francisco,4,0.3,144.64,-17.62
2018-01-16,Standard Class,Corporate,East,Office Supplies,Paper,New York City,9,0.1,430.33,35.39
2018-01-16,Standard Class,Home Office,West,Office Supplies,Storage,Seattle,9,0.05,733.63,78.12
2018-01-16,Second Class,Consumer,West,Technology,Machines,Seattle,3,0.1,1186.53,251.99
2018-01-17,Standard Class,Home Office,South,Office Supplies,Paper,Miami,6,0.0,234.85,43.49
2018-01-17,Standard Class,Home Office,South,Office Supplies,Storage,Charlotte,1,0.0,27.82,4.08
2018-01-17,Standard Class,Consumer,South,Technology,Phones,Atlanta,4,0.2,612.09,71.57
2018-01-18,Second Class,Corporate,Central,Technology,Machines,Dallas,8,0.3,2224.64,115.22
2018-01-18,Same Day,Consumer,East,Furniture,Bookcases,Boston,3,0.3,202.75,-36.48
2018-01-18,Second Class,Consumer,East,Office Supplies,Art,Columbus,4,0.2,124.25,9.81
2018-01-18,Standard Class,Consumer,South,Office Supplies,Art,Miami,3,0.15,165.06,22.05
2018-01-18,Standard Class,Consumer,West,Office Supplies,Appliances,Seattle,5,0.2,171.68,2.98
2018-01-18,First Class,Consumer,East,Technology,Accessories,Boston,8,0.2,767.72,99.47
2018-01-19,Same Day,Consumer,South,Office Supplies,Appliances,Atlanta,9,0.4,220.52,-3.37
2018-01-19,Standard Class,Home Office,East,Office Supplies,Paper,Boston,9,0.1,223.04,40.39
2018-01-19,Standard Class,Corporate,East,Office Supplies,Binders,New York City,1,0.1,41.79,2.67
2018-01-19,Standard Class,Consumer,South,Office Supplies,Envelopes,Miami,5,0.15,155.33,27.14
2018-01-19,Standard Class,Consumer,West,Office Supplies,Labels,Denver,9,0.15,277.28,6.95
2018-01-19,Second Class,Consumer,East,Furniture,Tables,Boston,5,0.0,1399.31,128.95
2018-01-19,Standard Class,Corporate,Central,Office Supplies,Fasteners,Houston,5,0.05,477.57,124.34
2018-01-19,Standard Class,Consumer,Central,Office Supplies,Envelopes,Minneapolis,8,0.2,190.97,-0.8
2018-01-19,Standard Class,Corporate,West,Office Supplies,Paper,Seattle,4,0.1,299.24,22.39
2018-01-19,Second Class,Corporate,West,Office Supplies,Art,San Francisco,2,0.15,96.87,13.27
2018-01-20,Standard Class,Consumer,West,Technology,Accessories,Denver,8,0.3,466.18,45.59
2018-01-20,Standard Class,Consumer,Central,Furniture,Furnishings,Dallas,5,0.15,1519.73,219.23
2018-01-20,Standard Class,Consumer,South,Office Supplies,Paper,Nashville,8,0.0,186.64,27.14
2018-01-20,Standard Class,Consumer,West,Office Supplies,Envelopes,Denver,5,0.1,84.62,4.5
2018-01-20,Standard Class,Corporate,West,Office Supplies,Envelopes,Denver,9,0.3,391.8,15.83
2018-01-21,Second Class,Corporate,South,Office Supplies,Labels,Charlotte,4,0.05,159.77,22.77
2018-01-21,First Class,Consumer,Central,Office Supplies,Envelopes,Minneapolis,4,0.1,137.43,11.43
2018-01-21,First Class,Consumer,West,Office Supplies,Fasteners,Los Angeles,3,0.0,106.81,21.42
2018-01-21,Standard Class,Consumer,East,Office Supplies,Fasteners,Philadelphia,2,0.0,116.05,30.97
2018-01-21,Same Day,Corporate,West,Technology,Phones,Denver,8,0.3,2245.04,-30.83
2018-01-21,Standard Class,Corporate,East,Office Supplies,Labels,New York City,7,0.1,544.81,24.37
2018-01-21,Standard Class,Consumer,East,Technology,Phones,Philadelphia,8,0.0,1277.3,298.98
2018-01-21,Standard Class,Consumer,Central,Technology,Copiers,Chicago,7,0.1,1853.1,418.51
2018-01-22,Standard Class,Consumer,Central,Furniture,Furnishings,Houston,4,0.4,423.47,-75.34
2018-01-22,Standard Class,Consumer,West,Office Supplies,Paper,Denver,1,0.1,29.45,5.54
2018-01-22,First Class,Corporate,Central,Office Supplies,Appliances,Houston,1,0.0,55.44,8.31
2018-01-22,Standard Class,Consumer,South,Office Supplies,Appliances,Atlanta,5,0.1,752.15,129.61
2018-01-22,Standard Class,Corporate,East,Office Supplies,Supplies,Boston,2,0.15,82.18,7.6
2018-01-22,Standard Class,Consumer,East,Office Supplies,Labels,Philadelphia,4,0.0,126.46,21.52
2018-01-22,Standard Class,Home Office,East,Furniture,Tables,New York City,9,0.05,2364.49,322.52
2018-01-22,Second Class,Consumer,Central,Furniture,Tables,Houston,5,0.1,731.45,44.2
2018-01-22,Standard Class,Consumer,Central,Office Supplies,Fasteners,Chicago,7,0.0,353.21,61.57
2018-01-22,Standard Class,Consumer,West,Office Supplies,Supplies,San Francisco,2,0.2,112.09,7.56
2018-01-22,Second Class,Home Office,East,Office Supplies,Paper,Boston,3,0.05,88.02,12.09
2018-01-22,Second Class,Home Office,South,Technology,Machines,Atlanta,7,0.1,609.45,141.46
2018-01-23,Standard Class,Home Office,East,Technology,Copiers,Columbus,5,0.0,2009.08,404.13
2018-01-23,Second Class,Consumer,Central,Technology,Phones,Dallas,7,0.3,1013.13,177.39
2018-01-23,Standard Class,Home Office,East,Technology,Phones,New York City,6,0.0,2402.16,418.92
2018-01-23,Standard Class,Corporate,South,Furniture,Furnishings,Atlanta,1,0.3,159.16,-14.45
2018-01-23,Standard Class,Corporate,West,Technology,Copiers,Los Angeles,7,0.2,2857.86,334.02
2018-01-23,Standard Class,Corporate,East,Furniture,Bookcases,Philadelphia,5,0.0,946.31,150.35
2018-01-24,Standard Class,Corporate,Central,Office Supplies,Storage,Minneapolis,2,0.3,74.28,-1.54
2018-01-24,Standard Class,Corporate,East,Office Supplies,Storage,Boston,6,0.3,73.12,-4.08
2018-01-24,Standard Class,Consumer,East,Office Supplies,Supplies,New York City,7,0.2,993.68,94.35
2018-01-24,Standard Class,Consumer,West,Office Supplies,Art,Los Angeles,8,0.1,456.02,104.56
2018-01-24,Standard Class,Consumer,East,Technology,Machines,New York City,2,0.0,203.2,39.27
2018-01-25,First Class,Corporate,South,Office Supplies,Supplies,Nashville,4,0.2,326.98,12.51
2018-01-25,Standard Class,Consumer,East,Technology,Copiers,New York City,9,0.15,2045.29,143.98
2018-01-25,Same Day,Consumer,West,Technology,Machines,San Francisco,9,0.0,1946.59,149.68
2018-01-25,Standard Class,Corporate,West,Technology,Accessories,Los Angeles,8,0.2,3774.5,446.61
2018-01-25,First Class,Consumer,East,Technology,Machines,Boston,2,0.0,398.96,92.89
2018-01-25,First Class,Home Office,East,Office Supplies,Art,Columbus,2,0.0,72.35,9.96
2018-01-25,Standard Class,Consumer,Central,Office Supplies,Fasteners,Minneapolis,6,0.0,351.75,70.1
2018-01-25,Standard Class,Consumer,East,Office Supplies,Supplies,New York City,7,0.2,329.97,2.99
2018-01-25,Standard Class,Consumer,East,Office Supplies,Binders,Boston,9,0.3,274.02,31.29
2018-01-25,Standard Class,Consumer,East,Furniture,Furnishings,New York City,5,0.0,2199.27,-110.82
2018-01-25,Standard Class,Consumer,West,Technology,Copiers,San Francisco,2,0.4,399.78,-35.87
2018-01-25,Standard Class,Consumer,South,Technology,Accessories,Charlotte,4,0.0,499.67,113.23
2018-01-25,Second Class,Corporate,West,Furniture,Bookcases,Los Angeles,1,0.05,288.52,11.71
2018-01-25,Standard Class,Home Office,South,Furniture,Tables,Miami,7,0.1,1382.97,-137.18
2018-01-26,Standard Class,Home Office,South,Office Supplies,Appliances,Miami,8,0.2,170.71,29.52
2018-01-26,Second Class,Home Office,East,Office Supplies,Paper,Columbus,9,0.0,344.54,38.33
2018-01-27,Standard Class,Consumer,South,Office Supplies,Storage,Charlotte,2,0.15,34.59,0.75
2018-01-27,First Class,Consumer,South,Furniture,Chairs,Miami,9,0.2,818.55,18.03
2018-01-27,Standard Class,Consumer,West,Technology,Copiers,Denver,1,0.1,283.82,61.35
2018-01-27,Standard Class,Consumer,East,Office Supplies,Appliances,Boston,2,0.05,32.79,2.62
2018-01-27,Standard Class,Corporate,West,Office Supplies,Appliances,Seattle,6,0.0,322.55,52.42
2018-01-27,Standard Class,Corporate,East,Office Supplies,Envelopes,Philadelphia,4,0.2,359.0,-4.77
2018-01-27,Same Day,Consumer,Central,Furniture,Furnishings,Dallas,3,0.2,377.16,15.81
2018-01-28,Standard Class,Corporate,Central,Furniture,Tables,Chicago,8,0.0,1380.58,90.31
2018-01-28,First Class,Home Office,East,Technology,Phones,Columbus,3,0.2,160.93,3.95
2018-01-28,Standard Class,Consumer,South,Office Supplies,Art,Charlotte,6,0.15,611.18,68.16
2018-01-28,Standard Class,Consumer,Central,Office Supplies,Supplies,Chicago,4,0.15,248.84,17.47
2018-01-28,Second Class,Corporate,East,Technology,Accessories,Boston,9,0.15,1218.64,126.47
2018-01-28,Standard Class,Corporate,Central,Office Supplies,Fasteners,Chicago,3,0.1,163.11,28.27
2018-01-28,Standard Class,Consumer,East,Furniture,Bookcases,New York City,6,0.2,933.87,-90.64
2018-01-28,Standard Class,Consumer,South,Office Supplies,Art,Charlotte,4,0.0,464.21,113.01
2018-01-28,First Class,Consumer,West,Technology,Machines,Los Angeles,1,0.0,468.09,114.51
2018-01-29,First Class,Corporate,West,Office Supplies,Envelopes,Los Angeles,6,0.0,467.93,146.39
2018-01-30,Standard Class,Consumer,Central,Furniture,Bookcases,Houston,2,0.0,460.98,-5.95
2018-01-30,Standard Class,Home Office,East,Technology,Copiers,Philadelphia,3,0.0,1380.37,331.25
2018-01-30,Standard Class,Consumer,West,Office Supplies,Fasteners,San Francisco,4,0.15,139.24,25.45
2018-01-30,Standard Class,Corporate,Central,Technology,Machines,Houston,5,0.1,536.96,58.96
2018-01-30,Standard Class,Consumer,South,Office Supplies,Art,Miami,8,0.05,996.06,112.15
2018-01-31,Standard Class,Consumer,Central,Technology,Copiers,Dallas,8,0.1,9230.4,1165.98
2018-01-31,Standard Class,Consumer,South,Office Supplies,Storage,Atlanta,6,0.1,334.36,46.82
2018-01-31,Second Class,Consumer,South,Office Supplies,Fasteners,Miami,3,0.1,206.15,30.92
2018-01-31,Standard Class,Consumer,East,Technology,Phones,Philadelphia,8,0.0,3869.44,962.94
2018-01-31,Standard Class,Consumer,East,Technology,Copiers,Columbus,9,0.0,1211.74,231.84
2018-02-01,First Class,Consumer,Central,Technology,Phones,Minneapolis,7,0.2,1152.02,23.05
2018-02-01,Standard Class,Consumer,Central,Office Supplies,Binders,Houston,2,0.2,177.3,18.86
2018-02-01,First Class,Consumer,East,Technology,Copiers,Philadelphia,5,0.2,467.29,55.29
2018-02-01,Standard Class,Consumer,East,Technology,Copiers,New York City,2,0.0,537.27,119.71
2018-02-01,Same Day,Corporate,East,Furniture,Tables,New York City,4,0.2,762.65,16.72
2018-02-01,First Class,Consumer,South,Technology,Phones,Charlotte,1,0.0,571.4,117.72
2018-02-01,Standard Class,Home Office,West,Furniture,Bookcases,San Francisco,5,0.2,456.12,-8.79
2018-02-02,Second Class,Consumer,East,Office Supplies,Paper,Philadelphia,4,0.3,297.82,15.47
2018-02-02,Standard Class,Corporate,West,Office Supplies,Appliances,San Francisco,2,0.0,148.11,3.36
2018-02-02,Standard Class,Consumer,South,Technology,Machines,Charlotte,1,0.2,523.57,32.27
2018-02-02,First Class,Consumer,East,Furniture,Bookcases,Philadelphia,7,0.1,1622.91,134.98
2018-02-02,Standard Class,Consumer,South,Office Supplies,Storage,Miami,6,0.4,287.44,-35.24
2018-02-02,Standard Class,Consumer,Central,Technology,Phones,Minneapolis,6,0.1,926.07,62.49
2018-02-03,Standard Class,Consumer,Central,Office Supplies,Supplies,Minneapolis,6,0.1,285.4,72.06
2018-02-03,Standard Class,Consumer,South,Technology,Accessories,Atlanta,3,0.2,1035.54,117.55
2018-02-03,Standard Class,Consumer,West,Office Supplies,Fasteners,Seattle,8,0.0,256.44,35.93
2018-02-03,Second Class,Home Office,East,Furniture,Chairs,Boston,4,0.2,1176.37,14.14
2018-02-03,First Class,Corporate,West,Furniture,Chairs,Seattle,8,0.0,5070.64,-177.11
2018-02-04,Standard Class,Consumer,West,Office Supplies,Envelopes,Seattle,1,0.0,39.12,5.11
2018-02-04,Standard Class,Corporate,East,Office Supplies,Envelopes,Columbus,1,0.0,49.83,10.71
2018-02-04,Standard Class,Corporate,East,Furniture,Furnishings,Columbus,7,0.3,1849.04,-146.72
2018-02-04,Standard Class,Home Office,West,Furniture,Bookcases,San Francisco,9,0.0,4025.62,208.85
2018-02-04,Standard Class,Corporate,Central,Office Supplies,Supplies,Houston,3,0.15,256.4,28.51
2018-02-04,Standard Class,Corporate,West,Furniture,Bookcases,Denver,7,0.2,3614.56,159.66
2018-02-04,Second Class,Consumer,South,Furniture,Chairs,Miami,1,0.1,163.02,-24.99
2018-02-05,Second Class,Consumer,East,Technology,Phones,New York City,8,0.15,6004.62,1189.94
2018-02-05,Standard Class,Consumer,East,Furniture,Tables,New York City,5,0.1,556.13,-57.55
2018-02-05,First Class,Consumer,East,Furniture,Furnishings,Boston,3,0.0,328.93,21.14
2018-02-05,Standard Class,Consumer,South,Office Supplies,Paper,Atlanta,1,0.0,30.98,7.17
2018-02-05,Standard Class,Consumer,West,Furniture,Tables,San Francisco,1,0.0,170.17,27.82
2018-02-05,Standard Class,Consumer,West,Office Supplies,Envelopes,Los Angeles,4,0.1,106.13,14.41
2018-02-05,Second Class,Home Office,West,Office Supplies,Storage,Seattle,9,0.0,515.21,119.84
2018-02-05,Standard Class,Corporate,East,Technology,Machines,Philadelphia,6,0.1,451.75,55.05
2018-02-05,First Class,Consumer,Central,Office Supplies,Appliances,Minneapolis,5,0.0,113.27,8.41
2018-02-06,First Class,Consumer,Central,Furniture,Tables,Dallas,7,0.0,523.07,72.12
2018-02-06,Standard Class,Consumer,West,Technology,Machines,San Francisco,3,0.1,716.41,78.46
2018-02-06,Same Day,Home Office,West,Office Supplies,Envelopes,Los Angeles,7,0.2,217.02,12.11
2018-02-06,First Class,Home Office,East,Furniture,Furnishings,Philadelphia,3,0.0,367.49,59.95
2018-02-06,Standard Class,Corporate,West,Furniture,Tables,San Francisco,4,0.0,351.68,60.29
2018-02-06,Standard Class,Consumer,Central,Office Supplies,Art,Minneapolis,5,0.3,498.17,-34.6
2018-02-06,Standard Class,Corporate,East,Office Supplies,Paper,Boston,7,0.1,179.29,16.34
2018-02-06,Standard Class,Consumer,South,Office Supplies,Labels,Miami,3,0.1,242.8,20.03
2018-02-07,Standard Class,Consumer,South,Office Supplies,Labels,Nashville,9,0.1,290.96,4.72
2018-02-07,Standard Class,Corporate,Central,Office Supplies,Appliances,Houston,4,0.05,333.33,51.63
2018-02-07,Standard Class,Home Office,East,Office Supplies,Paper,Philadelphia,4,0.1,245.57,17.92
2018-02-07,First Class,Home Office,West,Office Supplies,Art,Seattle,9,0.0,263.83,37.24
2018-02-07,Standard Class,Consumer,East,Office Supplies,Appliances,Columbus,8,0.2,548.47,72.93
2018-02-07,Standard Class,Home Office,West,Office Supplies,Fasteners,Los Angeles,3,0.05,185.23,14.04
2018-02-07,Standard Class,Consumer,Central,Furniture,Chairs,Dallas,3,0.05,969.81,94.91
2018-02-07,Standard Class,Home Office,East,Office Supplies,Appliances,Columbus,2,0.15,62.94,3.85
2018-02-07,Standard Class,Home Office,West,Office Supplies,Binders,Los Angeles,5,0.2,136.61,7.76
2018-02-07,Standard Class,Consumer,East,Office Supplies,Paper,Columbus,4,0.0,231.65,47.31
2018-02-07,Standard Class,Consumer,Central,Furniture,Furnishings,Chicago,6,0.0,1137.34,158.69
2018-02-08,Standard Class,Corporate,East,Office Supplies,Binders,Boston,2,0.1,146.97,17.41
2018-02-08,Standard Class,Corporate,West,Office Supplies,Envelopes,San Francisco,6,0.1,196.82,28.54
2018-02-08,First Class,Consumer,East,Office Supplies,Supplies,New York City,5,0.1,194.94,19.69
2018-02-09,First Class,Consumer,East,Office Supplies,Fasteners,Boston,3,0.15,78.84,9.08
2018-02-09,Second Class,Consumer,Central,Office Supplies,Paper,Dallas,1,0.1,28.04,2.84
2018-02-09,Standard Class,Corporate,West,Office Supplies,Supplies,Seattle,3,0.05,123.61,7.77
2018-02-09,Standard Class,Home Office,South,Technology,Machines,Miami,8,0.15,1510.09,56.09
2018-02-09,First Class,Home Office,East,Office Supplies,Fasteners,Philadelphia,7,0.0,656.64,109.35
2018-02-09,Standard Class,Home Office,South,Office Supplies,Binders,Nashville,8,0.4,158.69,-5.62
2018-02-09,Second Class,Consumer,Central,Furniture,Furnishings,Houston,3,0.15,223.67,-11.47
2018-02-09,Standard Class,Corporate,Central,Technology,Accessories,Houston,4,0.0,2222.34,604.6
2018-02-09,Standard Class,Corporate,West,Office Supplies,Envelopes,Denver,1,0.0,28.92,3.15
2018-02-09,Standard Class,Consumer,South,Technology,Accessories,Nashville,4,0.0,596.28,80.96
2018-02-09,Standard Class,Corporate,East,Furniture,Chairs,New York City,9,0.1,1552.34,49.43
2018-02-09,Standard Class,Consumer,Central,Office Supplies,Supplies,Dallas,1,0.0,82.83,15.04
2018-02-10,Standard Class,Consumer,Central,Furniture,Bookcases,Houston,1,0.3,221.66,-30.49
2018-02-10,Second Class,Corporate,West,Office Supplies,Paper,Los Angeles,9,0.15,662.64,99.96
2018-02-10,Standard Class,Corporate,Central,Technology,Machines,Chicago,5,0.2,2259.95,316.35
2018-02-10,Standard Class,Corporate,West,Technology,Machines,Denver,7,0.0,1795.0,471.76
2018-02-10,Second Class,Corporate,East,Office Supplies,Fasteners,Boston,4,0.0,183.96,-1.8
2018-02-11,Second Class,Home Office,East,Office Supplies,Labels,New York City,7,0.0,465.5,41.88
2018-02-11,Same Day,Consumer,East,Technology,Accessories,Philadelphia,3,0.2,780.53,125.12
2018-02-11,First Class,Corporate,West,Office Supplies,Appliances,San Francisco,8,0.3,549.28,-32.74
2018-02-11,Standard Class,Corporate,Central,Office Supplies,Art,Minneapolis,9,0.15,1628.92,211.25
2018-02-11,First Class,Home Office,East,Office Supplies,Supplies,Boston,3,0.0,335.3,79.74
2018-02-11,Standard Class,Corporate,East,Technology,Phones,Boston,1,0.1,61.69,7.17
2018-02-11,Standard Class,Consumer,East,Furniture,Chairs,Columbus,6,0.4,346.07,-45.68
2018-02-12,Standard Class,Home Office,East,Technology,Machines,Boston,1,0.0,375.76,94.13
2018-02-12,Standard Class,Home Office,East,Office Supplies,Binders,New York City,8,0.2,476.36,73.4
2018-02-12,Standard Class,Consumer,East,Office Supplies,Storage,Philadelphia,2,0.1,213.2,20.85
2018-02-12,Second Class,Consumer,East,Furniture,Chairs,Philadelphia,4,0.15,374.25,-9.85
2018-02-12,Standard Class,Home Office,East,Furniture,Tables,Philadelphia,3,0.0,338.04,-25.86
2018-02-12,Standard Class,Corporate,Central,Office Supplies,Art,Houston,3,0.1,208.31,28.38
2018-02-12,Second Class,Corporate,East,Office Supplies,Labels,Philadelphia,5,0.15,187.59,17.8
2018-02-12,Standard Class,Consumer,Central,Technology,Machines,Houston,5,0.0,1697.3,350.42
2018-02-12,Standard Class,Consumer,East,Office Supplies,Paper,New York City,7,0.2,438.49,-6.25
2018-02-13,Standard Class,Home Office,West,Office Supplies,Paper,San Francisco,8,0.1,349.59,47.71
2018-02-13,First Class,Consumer,Central,Office Supplies,Paper,Minneapolis,5,0.1,222.27,18.4
2018-02-13,Standard Class,Consumer,East,Office Supplies,Envelopes,Columbus,2,0.2,72.03,4.82
2018-02-13,Standard Class,Consumer,West,Office Supplies,Paper,Denver,4,0.2,90.04,11.55
2018-02-13,Standard Class,Consumer,West,Office Supplies,Binders,Seattle,3,0.05,95.7,10.44
2018-02-13,Second Class,Consumer,West,Office Supplies,Paper,Seattle,9,0.2,267.69,42.59
2018-02-14,Standard Class,Consumer,East,Office Supplies,Labels,Philadelphia,2,0.3,88.42,-3.09
2018-02-14,Standard Class,Consumer,East,Office Supplies,Appliances,Boston,7,0.05,343.83,13.47
2018-02-14,Standard Class,Corporate,East,Office Supplies,Fasteners,Philadelphia,9,0.0,441.11,113.4
2018-02-14,Standard Class,Corporate,West,Furniture,Furnishings,San Francisco,3,0.0,149.27,1.74
2018-02-15,Standard Class,Corporate,South,Office Supplies,Envelopes,Miami,7,0.2,301.6,-0.79
2018-02-15,Standard Class,Consumer,West,Office Supplies,Fasteners,San Francisco,2,0.4,117.52,2.12
2018-02-15,Second Class,Consumer,East,Technology,Phones,Boston,7,0.0,2856.87,712.41
2018-02-16,Standard Class,Consumer,East,Furniture,Bookcases,Boston,6,0.15,1377.65,74.92
2018-02-16,Standard Class,Consumer,Central,Office Supplies,Labels,Dallas,4,0.2,144.47,-2.77
2018-02-16,Standard Class,Home Office,West,Office Supplies,Supplies,Seattle,1,0.1,101.73,2.28
2018-02-16,Standard Class,Consumer,South,Office Supplies,Binders,Charlotte,8,0.0,708.21,110.48
2018-02-16,Standard Class,Corporate,Central,Office Supplies,Appliances,Chicago,7,0.0,1230.57,129.42
2018-02-16,Standard Class,Consumer,East,Technology,Machines,New York City,3,0.15,781.98,54.49
2018-02-16,First Class,Corporate,East,Office Supplies,Art,Columbus,7,0.05,1062.46,218.77
2018-02-16,Standard Class,Consumer,Central,Office Supplies,Envelopes,Houston,7,0.1,105.87,9.69
2018-02-16,First Class,Home Office,South,Office Supplies,Supplies,Nashville,3,0.3,153.03,7.54
2018-02-16,Standard Class,Home Office,Central,Technology,Machines,Dallas,7,0.4,460.93,-45.89
2018-02-16,First Class,Consumer,Central,Office Supplies,Supplies,Minneapolis,6,0.0,229.31,44.28
2018-02-16,Second Class,Corporate,East,Office Supplies,Binders,Boston,6,0.2,426.59,36.14
2018-02-16,Second Class,Corporate,East,Office Supplies,Storage,Philadelphia,9,0.1,460.18,72.11
2018-02-16,Second Class,Consumer,East,Office Supplies,Binders,Boston,4,0.0,618.84,108.3
2018-02-17,Standard Class,Consumer,Central,Technology,Machines,Chicago,3,0.0,720.63,128.96
2018-02-17,Standard Class,Consumer,South,Office Supplies,Envelopes,Miami,3,0.0,199.9,32.16
2018-02-17,Standard Class,Consumer,Central,Furniture,Chairs,Minneapolis,7,0.2,717.61,-87.42
2018-02-18,Standard Class,Corporate,South,Technology,Accessories,Nashville,1,0.05,655.27,76.52
2018-02-18,First Class,Home Office,East,Technology,Machines,Philadelphia,4,0.4,1007.9,69.97
2018-02-18,Same Day,Corporate,West,Office Supplies,Art,Los Angeles,6,0.05,432.15,67.39
2018-02-18,Standard Class,Corporate,Central,Office Supplies,Supplies,Minneapolis,8,0.15,390.2,9.46
2018-02-19,Second Class,Corporate,East,Technology,Phones,New York City,8,0.0,1742.86,245.54
2018-02-19,Standard Class,Corporate,Central,Office Supplies,Labels,Chicago,7,0.0,620.41,143.99
2018-02-20,First Class,Home Office,West,Office Supplies,Binders,Los Angeles,3,0.2,126.16,8.21
2018-02-20,Second Class,Home Office,Central,Office Supplies,Art,Chicago,2,0.0,66.75,10.78
2018-02-20,Standard Class,Consumer,South,Furniture,Bookcases,Atlanta,2,0.15,82.01,-1.11
2018-02-20,Standard Class,Corporate,Central,Technology,Phones,Dallas,2,0.1,771.11,79.92
2018-02-20,Standard Class,Consumer,East,Office Supplies,Labels,Columbus,6,0.0,118.93,28.5
2018-02-20,Standard Class,Consumer,West,Technology,Machines,San Francisco,7,0.2,2214.67,63.93
2018-02-20,Same Day,Corporate,Central,Furniture,Bookcases,Minneapolis,2,0.0,524.69,50.82
2018-02-21,Standard Class,Consumer,South,Office Supplies,Paper,Atlanta,2,0.2,135.45,-3.38
2018-02-21,Standard Class,Consumer,West,Furniture,Bookcases,San Francisco,5,0.2,568.87,-14.93
2018-02-21,Standard Class,Home Office,Central,Technology,Copiers,Houston,3,0.2,1726.2,195.01
2018-02-21,Standard Class,Consumer,East,Office Supplies,Paper,Columbus,8,0.05,695.94,100.59
2018-02-21,Second Class,Consumer,Central,Technology,Machines,Minneapolis,6,0.0,1516.47,401.11
2018-02-21,First Class,Consumer,East,Office Supplies,Supplies,Columbus,6,0.4,166.52,-9.68
2018-02-21,Standard Class,Corporate,South,Office Supplies,Storage,Atlanta,2,0.0,108.85,13.72
2018-02-22,Standard Class,Home Office,West,Office Supplies,Labels,Seattle,5,0.05,162.84,24.82
2018-02-22,Standard Class,Consumer,South,Technology,Phones,Nashville,7,0.15,1058.26,-16.88
2018-02-22,Standard Class,Corporate,East,Technology,Accessories,Boston,2,0.05,480.51,117.23
2018-02-22,Standard Class,Home Office,East,Office Supplies,Art,Boston,5,0.2,182.26,5.54
2018-02-23,Standard Class,Consumer,East,Office Supplies,Labels,Boston,6,0.05,165.54,28.37
2018-02-23,Second Class,Consumer,West,Office Supplies,Paper,Seattle,5,0.2,157.22,16.4
2018-02-23,Standard Class,Consumer,West,Office Supplies,Storage,Seattle,2,0.2,326.4,27.59
2018-02-23,Standard Class,Home Office,South,Office Supplies,Binders,Miami,9,0.2,301.19,-13.78
2018-02-23,Standard Class,Corporate,West,Furniture,Tables,Denver,5,0.2,2050.95,-73.46
2018-02-23,Standard Class,Corporate,Central,Office Supplies,Supplies,Chicago,6,0.05,189.76,35.97
2018-02-23,Standard Class,Consumer,Central,Technology,Machines,Dallas,6,0.15,1201.85,68.51
2018-02-23,Standard Class,Corporate,Central,Furniture,Furnishings,Houston,2,0.3,344.64,-24.37
2018-02-23,Standard Class,Consumer,West,Office Supplies,Binders,Denver,4,0.15,129.3,15.82
2018-02-23,Standard Class,Consumer,East,Furniture,Chairs,New York City,4,0.0,542.08,43.13
2018-02-24,Standard Class,Consumer,Central,Office Supplies,Art,Chicago,6,0.2,163.04,4.16
2018-02-24,Standard Class,Consumer,West,Technology,Machines,Los Angeles,8,0.2,844.3,55.17
2018-02-24,Standard Class,Corporate,South,Office Supplies,Binders,Atlanta,6,0.4,154.57,-4.53
2018-02-24,Second Class,Home Office,West,Office Supplies,Binders,Seattle,6,0.0,356.27,98.42
2018-02-24,Second Class,Consumer,Central,Office Supplies,Paper,Dallas,3,0.0,154.86,43.92
2018-02-25,Standard Class,Consumer,Central,Office Supplies,Binders,Dallas,3,0.3,283.66,41.11
2018-02-25,Standard Class,Consumer,South,Furniture,Tables,Charlotte,3,0.0,1149.61,132.42
2018-02-25,First Class,Consumer,East,Office Supplies,Binders,Columbus,3,0.0,144.21,19.24
2018-02-25,Standard Class,Consumer,West,Office Supplies,Storage,Seattle,2,0.15,48.49,7.0
2018-02-26,Standard Class,Corporate,West,Office Supplies,Fasteners,Seattle,3,0.05,140.33,12.43
2018-02-26,Standard Class,Home Office,East,Furniture,Chairs,Columbus,6,0.0,613.68,23.67
2018-02-26,Standard Class,Consumer,East,Office Supplies,Envelopes,Boston,7,0.0,364.07,16.58
2018-02-26,Standard Class,Home Office,West,Office Supplies,Appliances,Los Angeles,7,0.0,274.43,67.41
2018-02-26,First Class,Consumer,West,Furniture,Furnishings,Seattle,4,0.05,388.78,8.38
2018-02-26,Standard Class,Corporate,West,Office Supplies,Paper,Los Angeles,1,0.1,53.9,10.59
2018-02-26,Standard Class,Consumer,East,Office Supplies,Appliances,Philadelphia,8,0.0,409.56,43.22
2018-02-26,Standard Class,Consumer,West,Office Supplies,Labels,Seattle,4,0.4,132.52,-17.6
2018-02-26,Standard Class,Corporate,South,Furniture,Tables,Charlotte,2,0.1,351.99,41.46
2018-02-27,Standard Class,Consumer,East,Office Supplies,Envelopes,Boston,9,0.15,825.17,20.37
2018-02-27,First Class,Home Office,East,Furniture,Furnishings,Columbus,1,0.15,135.49,1.75
2018-02-27,Standard Class,Consumer,West,Technology,Accessories,San Francisco,8,0.15,2682.58,376.84
2018-02-27,Standard Class,Corporate,South,Office Supplies,Labels,Nashville,9,0.2,98.28,5.77
2018-02-27,First Class,Consumer,Central,Office Supplies,Envelopes,Minneapolis,6,0.0,144.55,12.5
2018-02-27,Standard Class,Corporate,West,Office Supplies,Labels,Denver,3,0.2,86.72,2.36
2018-02-27,Standard Class,Consumer,East,Furniture,Chairs,New York City,1,0.0,208.26,24.05
2018-02-27,Standard Class,Consumer,East,Furniture,Furnishings,Boston,3,0.0,881.93,141.35
2018-02-27,Standard Class,Consumer,East,Office Supplies,Fasteners,Columbus,6,0.15,112.69,6.99
2018-02-28,Second Class,Consumer,Central,Office Supplies,Binders,Houston,1,0.15,15.05,0.86
2018-02-28,First Class,Corporate,East,Office Supplies,Fasteners,Philadelphia,6,0.1,117.66,12.72
2018-02-28,Standard Class,Home Office,South,Office Supplies,Envelopes,Charlotte,9,0.15,335.79,6.43
2018-02-28,Second Class,Consumer,West,Furniture,Bookcases,Seattle,4,0.0,675.37,-62.69
2018-03-01,Standard Class,Corporate,Central,Office Supplies,Appliances,Minneapolis,9,0.15,744.13,66.7
2018-03-01,Second Class,Consumer,South,Technology,Copiers,Charlotte,3,0.2,515.28,25.83
2018-03-01,Standard Class,Consumer,West,Office Supplies,Labels,San Francisco,7,0.2,75.16,7.72
2018-03-01,First Class,Consumer,West,Office Supplies,Binders,Denver,9,0.0,510.35,127.77
2018-03-01,Standard Class,Consumer,Central,Office Supplies,Envelopes,Dallas,2,0.3,47.9,0.7
2018-03-01,Standard Class,Corporate,South,Office Supplies,Labels,Nashville,4,0.2,106.88,12.41
2018-03-02,Standard Class,Corporate,Central,Office Supplies,Art,Minneapolis,3,0.15,32.63,1.2
2018-03-02,Standard Class,Consumer,South,Technology,Accessories,Charlotte,1,0.15,131.46,18.88
2018-03-02,Second Class,Consumer,East,Office Supplies,Labels,Columbus,1,0.1,33.13,1.17
2018-03-02,First Class,Consumer,Central,Office Supplies,Labels,Chicago,3,0.0,145.12,22.24
2018-03-03,Second Class,Consumer,East,Office Supplies,Envelopes,Columbus,8,0.1,1960.64,296.95
2018-03-03,Second Class,Consumer,East,Office Supplies,Art,New York City,7,0.15,199.9,36.95
2018-03-03,Standard Class,Corporate,Central,Furniture,Chairs,Houston,9,0.0,1395.69,210.88
2018-03-03,Same Day,Consumer,Central,Office Supplies,Paper,Chicago,9,0.0,547.43,130.31
2018-03-03,Standard Class,Home Office,East,Technology,Phones,New York City,6,0.2,1334.08,25.03
2018-03-03,Standard Class,Consumer,Central,Office Supplies,Binders,Chicago,5,0.15,340.31,20.46
2018-03-03,First Class,Consumer,Central,Office Supplies,Binders,Houston,4,0.2,122.48,-4.47
2018-03-04,Standard Class,Home Office,South,Technology,Accessories,Nashville,4,0.3,645.28,67.91
2018-03-04,Standard Class,Consumer,East,Office Supplies,Labels,Philadelphia,2,0.15,74.22,8.32
2018-03-04,Standard Class,Consumer,West,Office Supplies,Paper,San Francisco,9,0.3,305.65,-21.44
2018-03-04,Standard Class,Consumer,Central,Office Supplies,Paper,Minneapolis,1,0.3,27.1,-1.21
2018-03-04,Standard Class,Consumer,West,Office Supplies,Envelopes,Seattle,5,0.3,66.03,-2.02
2018-03-04,,Consumer,East,Furniture,Bookcases,Columbus,2,0.2,348.96,16.43
2018-03-04,Second Class,Home Office,East,Office Supplies,Labels,New York City,3,0.4,88.78,-1.13
2018-03-05,Standard Class,Corporate,East,Furniture,Chairs,Boston,1,0.15,398.47,-37.73
2018-03-05,Standard Class,Home Office,Central,Office Supplies,Paper,Houston,8,0.0,418.19,87.35
2018-03-05,Standard Class,Corporate,South,Office Supplies,Binders,Atlanta,3,0.1,101.5,8.73
2018-03-05,Second Class,Consumer,West,Office Supplies,Fasteners,Seattle,1,0.0,41.8,9.17
2018-03-05,Standard Class,Consumer,South,Office Supplies,Paper,Charlotte,2,0.0,231.57,55.39
2018-03-05,Second Class,Consumer,East,Furniture,Tables,Boston,2,0.0,142.83,11.73
2018-03-05,Standard Class,Consumer,West,Furniture,Bookcases,San Francisco,5,0.2,665.71,-71.56
2018-03-05,Standard Class,Corporate,South,Technology,Copiers,Miami,5,0.1,1372.36,346.83
2018-03-05,Same Day,Corporate,East,Office Supplies,Supplies,New York City,7,0.0,1296.95,295.24
2018-03-06,Standard Class,Corporate,East,Furniture,Furnishings,Boston,6,0.0,1938.85,55.9
2018-03-06,Standard Class,Consumer,West,Furniture,Furnishings,San Francisco,2,0.3,414.6,-48.06
2018-03-06,Standard Class,Corporate,West,Office Supplies,Paper,San Francisco,4,0.1,77.93,12.04
2018-03-06,Second Class,Corporate,South,Office Supplies,Supplies,Nashville,2,0.05,112.54,18.54
2018-03-07,Standard Class,Corporate,South,Office Supplies,Fasteners,Miami,3,0.0,133.12,29.99
2018-03-07,Second Class,Consumer,East,Office Supplies,Envelopes,Boston,3,0.15,111.72,9.88
2018-03-07,Second Class,Corporate,Central,Furniture,Tables,Dallas,7,0.2,720.47,18.13
2018-03-07,Standard Class,Home Office,West,Office Supplies,Binders,San Francisco,6,0.15,139.63,8.18
2018-03-08,Standard Class,Corporate,East,Office Supplies,Supplies,Philadelphia,8,0.15,311.78,17.59
2018-03-08,Standard Class,Home Office,East,Furniture,Chairs,New York City,6,0.4,397.56,-61.27
2018-03-08,First Class,Consumer,South,Office Supplies,Art,Miami,9,0.0,734.29,151.84
2018-03-08,Standard Class,Consumer,South,Office Supplies,Fasteners,Nashville,4,0.0,319.53,55.44
2018-03-08,Standard Class,Corporate,East,Furniture,Chairs,Columbus,1,0.15,120.12,3.86
2018-03-08,First Class,Consumer,West,Office Supplies,Binders,Seattle,2,0.2,201.76,34.53
2018-03-09,Standard Class,Consumer,West,Office Supplies,Paper,Denver,2,0.0,49.25,8.2
2018-03-09,First Class,Consumer,Central,Technology,Machines,Minneapolis,6,0.0,3518.01,743.16
2018-03-09,Standard Class,Home Office,East,Technology,Machines,Boston,2,0.0,631.74,109.63
2018-03-09,Second Class,Consumer,West,Technology,Phones,Denver,1,0.0,163.37,20.19
2018-03-09,Second Class,Consumer,West,Office Supplies,Envelopes,Los Angeles,7,0.1,608.78,81.26
2018-03-09,Same Day,Corporate,Central,Office Supplies,Storage,Minneapolis,7,0.0,213.91,38.75
2018-03-10,First Class,Home Office,East,Office Supplies,Supplies,Boston,2,0.2,70.81,11.43
2018-03-10,Standard Class,Home Office,Central,Technology,Phones,Houston,8,0.0,1405.4,179.93
2018-03-10,Standard Class,Corporate,East,Office Supplies,Storage,Philadelphia,6,0.15,857.68,73.92
2018-03-10,First Class,Consumer,South,Furniture,Tables,Miami,1,0.2,67.46,-1.82
2018-03-10,Standard Class,Consumer,West,Technology,Phones,San Francisco,2,0.3,540.75,16.25
2018-03-10,Standard Class,Corporate,West,Furniture,Chairs,Los Angeles,4,0.1,411.46,13.5
2018-03-10,Second Class,Consumer,East,Technology,Copiers,Boston,2,0.15,428.4,27.27
2018-03-11,Standard Class,Consumer,West,Office Supplies,Labels,Los Angeles,8,0.05,209.79,33.13
2018-03-11,Standard Class,Consumer,East,Technology,Phones,Columbus,9,0.3,2303.6,-123.38
2018-03-11,First Class,Home Office,Central,Office Supplies,Art,Houston,9,0.0,487.37,128.75
2018-03-11,Standard Class,Consumer,West,Office Supplies,Binders,San Francisco,6,0.4,204.31,-34.19
2018-03-11,Standard Class,Consumer,West,Office Supplies,Fasteners,San Francisco,4,0.0,250.07,62.5
2018-03-11,Second Class,Corporate,South,Office Supplies,Storage,Atlanta,9,0.0,483.14,120.4
2018-03-11,Standard Class,Home Office,South,Furniture,Tables,Charlotte,1,0.3,146.79,-16.26
2018-03-11,Standard Class,Corporate,Central,Furniture,Bookcases,Houston,8,0.2,776.01,-109.39
2018-03-11,Standard Class,Consumer,West,Office Supplies,Storage,Seattle,8,0.15,662.35,29.53
2018-03-12,Second Class,Consumer,West,Office Supplies,Envelopes,Seattle,7,0.05,316.23,50.75
2018-03-12,Standard Class,Corporate,West,Office Supplies,Paper,San Francisco,3,0.2,163.38,10.02
2018-03-12,Standard Class,Consumer,East,Office Supplies,Paper,New York City,8,0.0,594.9,116.46
2018-03-12,First Class,Home Office,South,Technology,Machines,Miami,7,0.0,982.14,207.07
2018-03-12,First Class,Consumer,East,Office Supplies,Labels,Columbus,3,0.0,116.24,31.9
2018-03-13,First Class,Consumer,West,Office Supplies,Paper,Denver,6,0.05,338.44,65.68
2018-03-13,First Class,Consumer,East,Office Supplies,Envelopes,Columbus,2,0.1,251.76,31.25
2018-03-13,Standard Class,Home Office,West,Office Supplies,Envelopes,San Francisco,9,0.3,508.28,-16.46
2018-03-13,Standard Class,Consumer,East,Technology,Phones,Columbus,8,0.3,1167.55,56.11
2018-03-13,Standard Class,Consumer,West,Furniture,Tables,San Francisco,5,0.3,595.85,-50.07
2018-03-13,Second Class,Home Office,Central,Office Supplies,Fasteners,Chicago,5,0.3,367.53,-2.98
2018-03-13,Second Class,Consumer,East,Technology,Copiers,New York City,3,0.1,207.66,45.05
2018-03-13,Second Class,Home Office,East,Furniture,Bookcases,New York City,7,0.0,2853.7,417.2
2018-03-13,Second Class,Corporate,East,Office Supplies,Labels,Philadelphia,1,0.2,31.47,1.06
2018-03-13,Standard Class,Corporate,Central,Office Supplies,Binders,Minneapolis,4,0.2,216.8,28.6
2018-03-13,Standard Class,Corporate,West,Office Supplies,Appliances,San Francisco,8,0.05,536.04,68.41
2018-03-14,Standard Class,Consumer,West,Technology,Phones,Denver,6,0.0,2583.28,603.65
2018-03-14,Standard Class,Corporate,Central,Office Supplies,Binders,Chicago,5,0.1,145.54,9.51
2018-03-14,Standard Class,Consumer,West,Office Supplies,Storage,San Francisco,3,0.05,162.08,29.73
2018-03-14,Standard Class,Home Office,South,Office Supplies,Labels,Miami,2,0.1,164.25,18.97
2018-03-14,First Class,Consumer,Central,Office Supplies,Supplies,Dallas,6,0.0,474.22,27.72
2018-03-15,Standard Class,Consumer,East,Furniture,Chairs,Boston,2,0.0,369.2,17.06
2018-03-15,Standard Class,Consumer,West,Office Supplies,Storage,San Francisco,9,0.1,299.78,-5.63
2018-03-15,Standard Class,Consumer,South,Office Supplies,Art,Atlanta,6,0.0,154.3,30.71
2018-03-15,Standard Class,Consumer,Central,Office Supplies,Labels,Dallas,7,0.2,183.72,16.01
2018-03-15,Standard Class,Consumer,East,Office Supplies,Envelopes,New York City,2,0.2,26.48,5.5
2018-03-15,Standard Class,Home Office,South,Technology,Machines,Atlanta,3,0.0,614.08,249.18
2018-03-15,Second Class,Corporate,Central,Office Supplies,Labels,Minneapolis,9,0.15,341.42,17.26
2018-03-15,Standard Class,Corporate,West,Furniture,Chairs,Denver,5,0.2,1506.96,-167.34
2018-03-15,Standard Class,Consumer,South,Office Supplies,Supplies,Miami,4,0.1,328.35,49.51
2018-03-15,Standard Class,Consumer,Central,Office Supplies,Storage,,1,0.0,66.71,2.78
2018-03-16,Standard Class,Corporate,East,Office Supplies,Labels,Philadelphia,6,0.3,278.66,-13.86
2018-03-16,Standard Class,Consumer,West,Office Supplies,Supplies,Seattle,8,0.2,436.1,19.44
2018-03-16,Standard Class,Corporate,South,Office Supplies,Binders,Nashville,4,0.0,543.12,157.8
2018-03-16,Second Class,Corporate,East,Furniture,Furnishings,New York City,2,0.2,617.55,-7.73
2018-03-16,Standard Class,Home Office,West,Technology,Machines,Los Angeles,6,0.0,3529.66,824.69
2018-03-16,First Class,Consumer,Central,Furniture,Tables,Chicago,3,0.0,480.58,14.47
2018-03-17,Second Class,Corporate,East,Office Supplies,Labels,New York City,5,0.0,97.05,18.45
2018-03-17,Standard Class,Consumer,South,Office Supplies,Storage,Miami,8,0.2,622.77,-14.67
2018-03-17,First Class,Consumer,South,Office Supplies,Storage,Miami,1,0.0,25.74,4.54
2018-03-17,Standard Class,Corporate,South,Technology,Machines,Atlanta,8,0.15,919.17,74.49
2018-03-17,Standard Class,Corporate,East,Office Supplies,Envelopes,New York City,7,0.0,763.38,60.85
2018-03-17,First Class,Consumer,Central,Office Supplies,Envelopes,Minneapolis,4,0.05,262.22,41.3
2018-03-18,Second Class,Consumer,West,Office Supplies,Binders,Los Angeles,6,0.2,187.36,-2.33
2018-03-18,First Class,Consumer,East,Technology,Phones,New York City,5,0.15,725.52,178.64
2018-03-18,First Class,Home Office,East,Technology,Accessories,Columbus,3,0.3,385.56,71.68
2018-03-18,Standard Class,Consumer,East,Office Supplies,Binders,Boston,6,0.4,129.35,4.5
2018-03-18,Standard Class,Consumer,Central,Technology,Phones,Chicago,8,0.05,2073.14,263.4
2018-03-18,Standard Class,Consumer,Central,Office Supplies,Envelopes,Houston,9,0.4,464.4,-25.39
2018-03-18,First Class,Consumer,Central,Furniture,Tables,Minneapolis,6,0.1,1862.9,61.84
2018-03-19,Standard Class,Consumer,South,Technology,Machines,Miami,8,0.1,4157.81,477.75
2018-03-19,Standard Class,Consumer,West,Office Supplies,Binders,Seattle,8,0.15,805.06,80.65
2018-03-19,Standard Class,Consumer,West,Technology,Accessories,Seattle,1,0.05,184.21,32.26
2018-03-19,Second Class,Consumer,West,Office Supplies,Storage,Seattle,3,0.1,133.61,16.88
2018-03-19,Standard Class,Consumer,South,Office Supplies,Supplies,Nashville,6,0.0,127.48,17.24
2018-03-19,First Class,Home Office,West,Furniture,Furnishings,Denver,8,0.05,1176.27,102.69
2018-03-20,First Class,Corporate,Central,Office Supplies,Storage,Houston,3,0.15,100.68,8.81
2018-03-20,Standard Class,Home Office,West,Office Supplies,Binders,,9,0.0,1302.12,135.94
2018-03-20,First Class,Corporate,West,Office Supplies,Fasteners,Denver,5,0.0,157.3,27.51
2018-03-20,Standard Class,Consumer,Central,Furniture,Furnishings,Dallas,8,0.1,1166.85,73.24
2018-03-20,Standard Class,Corporate,East,Technology,Accessories,Columbus,8,0.0,3637.26,836.16
2018-03-20,Standard Class,Consumer,Central,Office Supplies,Paper,Chicago,8,0.0,850.4,116.33
2018-03-20,First Class,Consumer,East,Office Supplies,Labels,Boston,8,0.1,331.2,19.21
2018-03-21,Standard Class,Consumer,Central,Office Supplies,Paper,Dallas,8,0.2,231.01,20.58
2018-03-21,First Class,Home Office,South,Office Supplies,Labels,Miami,3,0.05,87.08,9.12
2018-03-21,Standard Class,Corporate,West,Office Supplies,Labels,Denver,4,0.15,453.12,77.91
2018-03-21,Standard Class,Corporate,South,Office Supplies,Storage,Nashville,3,0.2,69.79,6.96
2018-03-21,Second Class,Home Office,East,Furniture,Tables,New York City,3,0.2,658.32,-67.41
2018-03-21,Standard Class,Consumer,South,Technology,Machines,Nashville,4,0.2,384.95,24.27
2018-03-22,Standard Class,Corporate,Central,Office Supplies,Paper,Houston,5,0.15,303.29,19.53
2018-03-22,Second Class,Home Office,Central,Technology,Copiers,Chicago,6,0.0,1394.39,191.62
2018-03-22,Standard Class,Consumer,West,Furniture,Furnishings,Denver,8,0.1,576.72,34.46
2018-03-22,Second Class,Consumer,East,Office Supplies,Appliances,Boston,8,0.3,256.53,-1.18
2018-03-22,Standard Class,Home Office,Central,Furniture,Bookcases,Houston,7,0.0,385.93,-12.24
2018-03-22,Standard Class,Corporate,East,Office Supplies,Labels,Columbus,3,0.0,863.89,106.14
2018-03-22,Same Day,Consumer,West,Technology,Machines,San Francisco,1,0.4,170.6,-18.69
2018-03-22,Standard Class,Corporate,South,Technology,Accessories,Charlotte,8,0.0,2996.05,419.83
2018-03-23,Standard Class,Corporate,South,Office Supplies,Fasteners,Atlanta,2,0.1,42.58,4.6
2018-03-23,Standard Class,Consumer,West,Technology,Phones,San Francisco,6,0.1,1328.38,305.35
2018-03-23,Standard Class,Consumer,Central,Office Supplies,Appliances,Minneapolis,7,0.4,231.52,-10.01
2018-03-23,First Class,Consumer,East,Furniture,Furnishings,New York City,9,0.4,1024.07,-216.76
2018-03-23,Standard Class,Corporate,East,Furniture,Chairs,Boston,5,0.15,697.11,-96.26
2018-03-24,First Class,Consumer,Central,Office Supplies,Supplies,Minneapolis,3,0.05,104.83,16.58
2018-03-24,Standard Class,Home Office,Central,Furniture,Tables,Houston,5,0.05,869.01,99.24
2018-03-24,Standard Class,Consumer,West,Furniture,Bookcases,Los Angeles,6,0.2,465.28,18.43
2018-03-24,Second Class,Consumer,East,Technology,Accessories,Philadelphia,1,0.2,115.43,8.44
2018-03-25,First Class,Consumer,South,Technology,Copiers,Charlotte,2,0.1,384.19,69.77
2018-03-25,Same Day,Corporate,South,Technology,Accessories,Nashville,5,0.0,481.59,96.53
2018-03-25,Standard Class,Home Office,South,Technology,Phones,Nashville,3,0.1,994.74,169.78
2018-03-25,Standard Class,Consumer,East,Technology,Phones,Philadelphia,2,0.0,188.51,26.95
2018-03-25,First Class,Consumer,East,Office Supplies,Art,Boston,4,0.0,164.83,19.11
2018-03-25,Standard Class,Consumer,East,Office Supplies,Labels,Columbus,7,0.0,229.93,42.98
2018-03-26,Standard Class,Consumer,West,Furniture,Furnishings,Denver,9,0.15,1559.11,176.99
2018-03-26,First Class,Home Office,East,Furniture,Furnishings,Boston,6,0.0,1041.29,193.67
2018-03-26,Second Class,Home Office,Central,Office Supplies,Art,Dallas,8,0.15,450.41,44.03
2018-03-26,Second Class,Consumer,East,Office Supplies,Binders,Boston,4,0.0,148.05,16.55
2018-03-26,Standard Class,Home Office,West,Furniture,Bookcases,San Francisco,5,0.0,611.31,42.41
2018-03-26,First Class,Corporate,West,Office Supplies,Labels,Denver,9,0.0,834.83,236.47
2018-03-26,Second Class,Consumer,Central,Office Supplies,Envelopes,Chicago,5,0.2,203.43,-12.07
2018-03-27,Standard Class,Home Office,South,Office Supplies,Appliances,Charlotte,3,0.15,183.1,-7.53
2018-03-27,First Class,Consumer,West,Office Supplies,Art,San Francisco,4,0.2,125.33,-2.59
2018-03-27,Standard Class,Home Office,East,Office Supplies,Paper,New York City,9,0.1,1167.28,143.46
2018-03-28,First Class,Consumer,South,Office Supplies,Storage,Nashville,4,0.15,207.7,7.48
2018-03-28,Standard Class,Corporate,West,Office Supplies,Labels,Denver,9,0.2,378.06,55.47
2018-03-28,Standard Class,Consumer,East,Office Supplies,Supplies,Columbus,4,0.0,213.43,55.0
2018-03-28,Standard Class,Consumer,South,Technology,Phones,Nashville,4,0.0,954.86,249.57
2018-03-29,Same Day,Consumer,South,Office Supplies,Supplies,Atlanta,4,0.0,109.19,26.18
2018-03-29,Second Class,Consumer,East,Office Supplies,Supplies,Boston,9,0.0,787.55,64.75
2018-03-29,Standard Class,Corporate,West,Office Supplies,Storage,Los Angeles,8,0.0,359.53,60.15
2018-03-29,Second Class,Corporate,East,Office Supplies,Fasteners,New York City,9,0.0,861.33,95.7
2018-03-29,Standard Class,Consumer,Central,Furniture,Chairs,Minneapolis,4,0.15,788.95,24.39
2018-03-29,Standard Class,Corporate,East,Office Supplies,Storage,New York City,5,0.0,137.17,19.38
2018-03-30,Standard Class,Corporate,South,Office Supplies,Appliances,Miami,8,0.15,377.1,28.64
2018-03-30,Standard Class,Corporate,East,Office Supplies,Supplies,Boston,2,0.15,73.39,7.96
2018-03-30,Standard Class,Consumer,Central,Office Supplies,Paper,Minneapolis,3,0.2,126.29,5.29
2018-03-30,Second Class,Corporate,West,Office Supplies,Supplies,Denver,6,0.1,136.6,12.1
2018-03-30,Standard Class,Consumer,West,Technology,Machines,Denver,3,0.0,1992.97,391.47
2018-03-31,Second Class,Consumer,Central,Office Supplies,Fasteners,Minneapolis,7,0.1,591.51,54.67
2018-03-31,Standard Class,Corporate,West,Furniture,Tables,San Francisco,2,0.2,360.18,-6.63
2018-03-31,Standard Class,Consumer,West,Office Supplies,Art,Seattle,9,0.4,335.7,-14.86
2018-03-31,First Class,Consumer,East,Technology,Machines,Boston,4,0.4,925.14,66.14
2018-04-01,First Class,Corporate,West,Office Supplies,Appliances,Denver,6,0.15,175.93,19.18
2018-04-01,Second Class,Home Office,West,Technology,Machines,Seattle,3,0.0,420.39,65.43
2018-04-01,Standard Class,Consumer,West,Furniture,Tables,Denver,1,0.0,114.47,12.8
2018-04-01,Standard Class,Consumer,Central,Furniture,Chairs,Dallas,7,0.15,287.5,31.34
2018-04-02,Standard Class,Consumer,Central,Furniture,Furnishings,Dallas,4,0.15,1049.68,-15.54
2018-04-02,Second Class,Consumer,West,Office Supplies,Art,Seattle,5,0.2,205.6,12.56
2018-04-02,First Class,Home Office,East,Office Supplies,Binders,Columbus,2,0.0,198.84,38.48
2018-04-02,Standard Class,Corporate,Central,Technology,Accessories,Dallas,5,0.0,1935.81,252.76
2018-04-02,Second Class,Consumer,West,Office Supplies,Envelopes,San Francisco,8,0.4,444.47,-32.49
2018-04-02,Second Class,Consumer,East,Office Supplies,Art,Boston,2,0.0,189.75,17.87
2018-04-03,Second Class,Consumer,East,Furniture,Bookcases,Boston,7,0.15,564.97,-4.88
2018-04-03,Standard Class,Corporate,West,Furniture,Tables,Denver,2,0.1,325.32,12.81
2018-04-03,Standard Class,Corporate,East,Furniture,Tables,Philadelphia,5,0.2,874.72,-46.79
2018-04-03,First Class,Consumer,West,Furniture,Tables,Los Angeles,2,0.15,246.13,-31.28
2018-04-03,Standard Class,Consumer,West,Technology,Phones,Los Angeles,9,0.2,4123.12,515.45
2018-04-03,Standard Class,Corporate,West,Furniture,Furnishings,Los Angeles,7,0.3,1009.4,-219.36
2018-04-03,Standard Class,Consumer,West,Office Supplies,Binders,Los Angeles,8,0.05,249.3,25.28
2018-04-03,Second Class,Corporate,East,Office Supplies,Binders,Boston,2,0.0,148.73,24.24
2018-04-03,Standard Class,Corporate,East,Office Supplies,Envelopes,Columbus,8,0.2,350.18,64.03
2018-04-03,First Class,Consumer,Central,Office Supplies,Appliances,Chicago,3,0.0,129.18,18.69
2018-04-04,Standard Class,Consumer,South,Office Supplies,Appliances,Nashville,9,0.0,286.55,42.57
2018-04-04,First Class,Consumer,East,Office Supplies,Supplies,New York City,1,0.0,57.05,5.28
2018-04-04,Standard Class,Corporate,West,Technology,Accessories,San Francisco,7,0.2,775.65,49.28
2018-04-04,Second Class,Home Office,South,Office Supplies,Paper,Atlanta,8,0.1,450.54,29.83
2018-04-04,Standard Class,Corporate,East,Office Supplies,Storage,Columbus,4,0.05,196.1,26.89
2018-04-04,First Class,Corporate,West,Furniture,Bookcases,Los Angeles,6,0.2,1649.29,10.02
2018-04-04,Standard Class,Consumer,Central,Furniture,Bookcases,Dallas,8,0.2,1086.45,69.56
2018-04-04,Second Class,Consumer,East,Office Supplies,Appliances,Boston,8,0.1,249.48,33.99
2018-04-05,Standard Class,Consumer,Central,Office Supplies,Binders,Dallas,8,0.1,884.42,38.99
2018-04-05,Second Class,Consumer,West,Technology,Copiers,Denver,1,0.2,431.89,63.84
2018-04-05,Second Class,Corporate,Central,Furniture,Chairs,Chicago,3,0.2,447.46,-61.93
2018-04-05,Standard Class,Consumer,West,Office Supplies,Paper,Los Angeles,6,0.15,169.48,14.91
2018-04-05,Standard Class,Consumer,Central,Office Supplies,Envelopes,Dallas,3,0.05,344.53,58.53
2018-04-06,First Class,Corporate,East,Technology,Copiers,Boston,8,0.0,3612.6,1129.93
2018-04-06,Standard Class,Consumer,East,Office Supplies,Appliances,Philadelphia,3,0.4,159.39,-15.9
2018-04-06,First Class,Consumer,West,Furniture,Bookcases,San Francisco,9,0.0,966.24,79.72
2018-04-06,Same Day,Corporate,West,Office Supplies,Appliances,Seattle,7,0.2,224.65,18.78
2018-04-07,Standard Class,Consumer,South,Office Supplies,Labels,Nashville,6,0.4,181.4,-12.18
2018-04-07,Standard Class,Corporate,West,Office Supplies,Labels,Los Angeles,2,0.1,41.14,2.28
2018-04-07,Standard Class,Consumer,Central,Office Supplies,Fasteners,Dallas,8,0.05,764.71,116.8
2018-04-07,Standard Class,Corporate,West,Office Supplies,Labels,Los Angeles,6,0.0,125.51,18.09
2018-04-07,Standard Class,Consumer,Central,Office Supplies,Labels,Chicago,4,0.15,154.14,10.04
2018-04-07,Standard Class,Consumer,East,Furniture,Bookcases,Philadelphia,7,0.3,559.84,-88.9
2018-04-07,Standard Class,Home Office,West,Technology,Accessories,Seattle,5,0.0,850.71,109.15
2018-04-07,Standard Class,Consumer,South,Technology,Copiers,Nashville,7,0.15,1598.59,65.78
2018-04-07,First Class,Home Office,Central,Office Supplies,Art,Houston,5,0.3,130.86,2.01
2018-04-08,Standard Class,Home Office,West,Furniture,Chairs,San Francisco,8,0.0,3784.5,275.18
2018-04-08,Standard Class,Home Office,East,Technology,Machines,New York City,1,0.15,207.23,12.64
2018-04-08,Same Day,Consumer,Central,Furniture,Furnishings,Dallas,5,0.2,747.75,39.53
2018-04-08,First Class,Consumer,Central,Technology,Accessories,Houston,7,0.0,1062.66,257.68
2018-04-08,Standard Class,Consumer,West,Office Supplies,Art,San Francisco,9,0.15,131.58,26.64
2018-04-08,Standard Class,Consumer,East,Furniture,Bookcases,New York City,4,0.0,497.88,29.24
2018-04-09,Standard Class,Consumer,West,Technology,Accessories,Seattle,2,0.1,753.89,98.41
2018-04-09,Second Class,Home Office,East,Technology,Machines,Columbus,9,0.05,1701.36,311.45
2018-04-09,Second Class,Corporate,West,Office Supplies,Paper,Seattle,9,0.0,367.48,67.41
2018-04-09,Second Class,Home Office,Central,Office Supplies,Storage,Houston,9,0.1,1001.08,107.49
2018-04-09,Standard Class,Consumer,East,Technology,Accessories,New York City,8,0.0,914.66,228.55
2018-04-09,Standard Class,Consumer,West,Furniture,Furnishings,San Francisco,9,0.0,482.38,26.96
2018-04-09,Standard Class,Corporate,Central,Office Supplies,Binders,Minneapolis,7,0.1,435.67,60.58
2018-04-10,Standard Class,Corporate,East,Office Supplies,Fasteners,New York City,9,0.0,924.5,143.34
2018-04-10,Second Class,Home Office,West,Office Supplies,Labels,Los Angeles,5,0.15,189.53,25.24
2018-04-10,Same Day,Corporate,West,Office Supplies,Labels,Los Angeles,5,0.3,344.55,33.35
2018-04-10,Standard Class,Consumer,Central,Office Supplies,Fasteners,Minneapolis,6,0.0,276.66,42.6
2018-04-10,Second Class,Corporate,East,Furniture,Tables,Boston,9,0.1,1210.21,80.2
2018-04-10,First Class,Corporate,South,Office Supplies,Envelopes,Nashville,4,0.0,171.8,29.56
2018-04-10,Standard Class,Consumer,West,Office Supplies,Storage,San Francisco,5,0.1,134.33,30.96
2018-04-10,Second Class,Consumer,South,Office Supplies,Labels,Atlanta,9,0.0,261.88,28.75
2018-04-10,Standard Class,Corporate,West,Office Supplies,Fasteners,Seattle,8,0.05,357.31,42.62
2018-04-10,Second Class,Home Office,West,Technology,Accessories,Seattle,1,0.1,150.92,19.31
2018-04-10,Same Day,Corporate,South,Furniture,Bookcases,Miami,7,0.1,2275.68,320.32
2018-04-11,Standard Class,Corporate,South,Technology,Phones,Miami,8,0.2,1918.52,239.21
2018-04-11,Standard Class,Corporate,West,Technology,Phones,Seattle,8,0.15,3302.81,580.83
2018-04-11,Standard Class,Home Office,East,Office Supplies,Storage,New York City,6,0.2,324.43,31.01
2018-04-11,Standard Class,Consumer,East,Furniture,Bookcases,Columbus,2,0.2,627.21,-5.91
2018-04-11,First Class,Consumer,South,Technology,Phones,Atlanta,9,0.1,3048.38,413.27
2018-04-11,First Class,Corporate,East,Office Supplies,Fasteners,Philadelphia,1,0.05,57.71,11.08
2018-04-11,Second Class,Corporate,East,Office Supplies,Fasteners,Philadelphia,6,0.2,340.2,-16.05
2018-04-11,Standard Class,Home Office,Central,Office Supplies,Art,Houston,2,0.0,482.97,109.64
2018-04-11,First Class,Consumer,West,Office Supplies,Art,Seattle,8,0.15,349.35,50.88
2018-04-11,Second Class,Consumer,East,Office Supplies,Labels,Philadelphia,4,0.2,195.81,16.32
2018-04-11,Standard Class,Consumer,Central,Office Supplies,Art,Houston,2,0.05,59.55,-3.07
2018-04-11,Standard Class,Consumer,Central,Furniture,Chairs,Houston,3,0.0,888.29,139.22
2018-04-12,Second Class,Consumer,East,Office Supplies,Supplies,Boston,1,0.3,19.27,-1.63
2018-04-12,First Class,Home Office,Central,Office Supplies,Envelopes,Dallas,3,0.05,226.96,52.37
2018-04-12,First Class,Corporate,West,Office Supplies,Paper,Los Angeles,9,0.0,585.06,111.91
2018-04-12,Standard Class,Home Office,East,Office Supplies,Appliances,Boston,4,0.2,293.01,8.49
2018-04-13,Standard Class,Consumer,Central,Office Supplies,Labels,Dallas,1,0.2,17.85,0.66
2018-04-13,Second Class,Consumer,West,Office Supplies,Envelopes,Denver,2,0.3,62.02,4.81
2018-04-13,First Class,Home Office,Central,Office Supplies,Storage,Dallas,5,0.05,301.54,57.15
2018-04-13,Standard Class,Consumer,East,Office Supplies,Appliances,Philadelphia,5,0.1,235.54,26.78
2018-04-13,First Class,Corporate,Central,Office Supplies,Supplies,Minneapolis,9,0.2,574.24,75.39
2018-04-13,Standard Class,Home Office,West,Office Supplies,Binders,Los Angeles,1,0.0,43.2,7.75
2018-04-13,Standard Class,Home Office,South,Furniture,Bookcases,Charlotte,3,0.05,214.72,1.63
2018-04-13,Standard Class,Consumer,South,Office Supplies,Labels,Nashville,2,0.0,153.4,31.83
2018-04-14,Standard Class,Consumer,Central,Technology,Machines,Chicago,8,0.0,4728.48,1196.43
2018-04-14,Second Class,Consumer,South,Furniture,Bookcases,Nashville,6,0.2,1226.23,44.56
2018-04-14,First Class,Home Office,West,Technology,Phones,Seattle,2,0.3,547.62,48.98
2018-04-14,Standard Class,Consumer,East,Technology,Phones,New York City,8,0.15,690.94,-36.0
2018-04-14,Standard Class,Home Office,South,Office Supplies,Binders,Charlotte,5,0.2,274.38,-4.05
2018-04-14,First Class,Home Office,East,Office Supplies,Storage,Philadelphia,5,0.15,220.19,37.42
2018-04-14,Second Class,Consumer,West,Technology,Machines,Los Angeles,2,0.05,942.29,189.51
2018-04-15,Standard Class,Corporate,Central,Office Supplies,Binders,Houston,2,0.15,85.34,6.77
2018-04-15,Standard Class,Consumer,West,Office Supplies,Binders,Seattle,4,0.05,179.89,28.22
2018-04-15,Standard Class,Consumer,Central,Office Supplies,Art,Minneapolis,2,0.4,51.23,-9.81
2018-04-15,Second Class,Corporate,West,Technology,Phones,Denver,4,0.1,805.61,126.48
2018-04-15,Standard Class,Consumer,East,Office Supplies,Envelopes,Columbus,7,0.15,284.72,21.76
2018-04-16,Standard Class,Consumer,Central,Office Supplies,Binders,Houston,8,0.2,414.82,-2.31
2018-04-16,First Class,Consumer,West,Office Supplies,Labels,Seattle,3,0.15,85.51,6.33
2018-04-16,Second Class,Consumer,Central,Office Supplies,Fasteners,Chicago,9,0.0,607.56,44.81
2018-04-16,Standard Class,Corporate,South,Furniture,Chairs,Charlotte,1,0.0,361.21,41.55
2018-04-16,Standard Class,Corporate,West,Office Supplies,Paper,Seattle,1,0.0,58.07,6.19
2018-04-16,Standard Class,Corporate,West,Office Supplies,Paper,Denver,8,0.1,476.53,0.66
2018-04-16,Second Class,Home Office,Central,Technology,Copiers,Dallas,3,0.0,887.65,219.79
2018-04-16,First Class,Corporate,West,Office Supplies,Binders,San Francisco,4,0.2,113.88,0.79
2018-04-17,Same Day,Home Office,South,Office Supplies,Art,Charlotte,5,0.0,161.93,29.35
2018-04-17,Standard Class,Consumer,West,Office Supplies,Art,Los Angeles,8,0.1,417.96,44.93
2018-04-17,First Class,Corporate,South,Technology,Phones,Miami,2,0.0,560.78,72.38
2018-04-17,First Class,Consumer,East,Office Supplies,Supplies,New York City,6,0.05,302.96,44.15
2018-04-17,Standard Class,Consumer,South,Office Supplies,Envelopes,Nashville,1,0.0,58.09,8.35
2018-04-17,Standard Class,Corporate,West,Office Supplies,Art,Denver,4,0.3,130.33,11.67
2018-04-17,First Class,Corporate,East,Technology,Machines,Boston,5,0.0,1675.96,406.37
2018-04-18,Standard Class,Home Office,East,Furniture,Furnishings,Boston,3,0.15,1725.89,129.86
2018-04-18,First Class,Home Office,West,Technology,Accessories,San Francisco,3,0.0,984.13,167.03
2018-04-19,Standard Class,Consumer,South,Office Supplies,Storage,Atlanta,7,0.15,123.47,12.68
2018-04-19,First Class,Home Office,Central,Office Supplies,Paper,Minneapolis,2,0.0,151.45,10.29
2018-04-19,First Class,Home Office,West,Office Supplies,Binders,Seattle,3,0.0,176.99,30.16
2018-04-19,Standard Class,Home Office,West,Technology,Copiers,Seattle,9,0.15,1681.58,-81.13
2018-04-19,First Class,Consumer,South,Office Supplies,Appliances,Nashville,3,0.0,234.97,44.45
2018-04-19,Standard Class,Consumer,West,Office Supplies,Envelopes,San Francisco,8,0.0,1640.32,223.11
2018-04-20,Standard Class,Consumer,East,Office Supplies,Supplies,Philadelphia,9,0.0,476.95,95.93
2018-04-20,Standard Class,Corporate,West,Office Supplies,Envelopes,Los Angeles,4,0.2,103.36,8.86
2018-04-20,First Class,Consumer,Central,Office Supplies,Appliances,Minneapolis,5,0.0,195.89,34.97
2018-04-20,Standard Class,Consumer,West,Office Supplies,Paper,Denver,3,0.0,318.99,61.02
2018-04-20,Standard Class,Consumer,East,Office Supplies,Appliances,Boston,6,0.3,260.89,9.29
2018-04-20,Second Class,Home Office,East,Office Supplies,Labels,Boston,7,0.15,305.52,23.96
2018-04-20,Standard Class,Consumer,East,Office Supplies,Storage,New York City,9,0.0,633.19,143.72
2018-04-20,Standard Class,Corporate,Central,Office Supplies,Envelopes,Houston,6,0.15,344.92,33.42
2018-04-21,Second Class,Consumer,South,Furniture,Chairs,Nashville,1,0.1,320.63,-7.6
2018-04-21,Same Day,Consumer,East,Office Supplies,Labels,Philadelphia,3,0.0,93.17,10.96
2018-04-21,Standard Class,Corporate,East,Technology,Accessories,Columbus,2,0.1,250.4,34.65
2018-04-22,Second Class,Home Office,West,Office Supplies,Appliances,Los Angeles,9,0.1,284.64,38.15
2018-04-22,Standard Class,Consumer,Central,Office Supplies,Appliances,Minneapolis,9,0.15,756.58,144.51
2018-04-22,Standard Class,Consumer,West,Technology,Copiers,Los Angeles,2,0.0,1243.61,252.81
2018-04-22,First Class,Corporate,South,Office Supplies,Envelopes,Miami,4,0.05,418.22,3.07
2018-04-23,Standard Class,Corporate,West,Office Supplies,Paper,Seattle,8,0.2,506.38,44.71
2018-04-23,Standard Class,Consumer,Central,Office Supplies,Binders,Dallas,7,0.3,322.49,-28.12
2018-04-23,Second Class,Consumer,West,Office Supplies,Envelopes,Los Angeles,5,0.0,137.86,29.08
2018-04-24,Standard Class,Consumer,West,Furniture,Chairs,Seattle,8,0.1,627.96,30.3
2018-04-24,Standard Class,Consumer,West,Office Supplies,Art,San Francisco,1,0.1,118.57,13.27
2018-04-24,Standard Class,Corporate,East,Office Supplies,Envelopes,Philadelphia,3,0.1,102.38,7.6
2018-04-24,Second Class,Corporate,West,Office Supplies,Paper,Seattle,4,0.0,116.06,15.25
2018-04-24,Standard Class,Corporate,East,Technology,Accessories,New York City,9,0.2,668.04,131.4
2018-04-24,Standard Class,Consumer,Central,Technology,Machines,Minneapolis,1,0.2,66.56,5.73
2018-04-24,Standard Class,Home Office,South,Office Supplies,Envelopes,Nashville,4,0.4,49.47,-9.28
2018-04-24,Second Class,Corporate,Central,Office Supplies,Labels,Dallas,8,0.1,674.81,55.12
2018-04-25,Standard Class,Consumer,East,Office Supplies,Appliances,Boston,2,0.2,156.3,21.31
2018-04-25,Second Class,Corporate,West,Technology,Phones,Seattle,4,0.1,2070.04,264.91
2018-04-25,Same Day,Home Office,Central,Technology,Accessories,Houston,1,0.2,155.8,1.21
2018-04-25,Standard Class,Corporate,Central,Office Supplies,Art,Chicago,7,0.0,437.1,41.74
2018-04-25,First Class,Corporate,West,Office Supplies,Art,Denver,7,0.15,398.51,49.92
2018-04-25,First Class,Home Office,Central,Office Supplies,Storage,Minneapolis,3,0.1,191.12,16.18
2018-04-25,First Class,Corporate,West,Office Supplies,Envelopes,Los Angeles,1,0.2,65.54,3.57
2018-04-25,First Class,Corporate,South,Technology,Phones,Miami,8,0.0,1626.5,290.86
2018-04-25,Standard Class,Consumer,Central,Office Supplies,Paper,Minneapolis,7,0.15,213.59,27.0
2018-04-26,Second Class,Consumer,East,Office Supplies,Supplies,Philadelphia,2,0.0,96.23,8.33
2018-04-26,Standard Class,Corporate,West,Office Supplies,Art,San Francisco,8,0.2,247.11,4.22
2018-04-26,Standard Class,Corporate,South,Office Supplies,Binders,Nashville,9,0.1,435.18,-0.62
2018-04-26,Standard Class,Consumer,East,Office Supplies,Appliances,Boston,9,0.0,480.07,90.64
2018-04-26,Standard Class,Consumer,Central,Office Supplies,Binders,Minneapolis,8,0.0,122.88,23.43
2018-04-26,First Class,Home Office,South,Office Supplies,Fasteners,Miami,8,0.2,181.8,17.3
2018-04-26,First Class,Corporate,West,Office Supplies,Art,San Francisco,6,0.3,840.89,-27.09
2018-04-27,First Class,Consumer,West,Furniture,Chairs,Denver,2,0.1,227.98,-10.56
2018-04-27,First Class,Consumer,Central,Office Supplies,Fasteners,Minneapolis,1,0.0,37.08,5.18
2018-04-27,Standard Class,Home Office,East,Technology,Phones,Columbus,7,0.05,2694.39,429.61
2018-04-27,Standard Class,Consumer,East,Office Supplies,Fasteners,Philadelphia,8,0.2,442.85,52.2
2018-04-27,Standard Class,Corporate,West,Technology,Copiers,Denver,6,0.15,1002.95,182.34
2018-04-27,Standard Class,Consumer,East,Furniture,Bookcases,Philadelphia,7,0.0,2373.68,299.78
2018-04-27,Standard Class,Corporate,West,Furniture,Furnishings,Seattle,3,0.15,441.43,4.26
2018-04-27,Standard Class,Consumer,East,Office Supplies,Storage,Columbus,4,0.0,130.22,23.7
2018-04-27,Same Day,Consumer,Central,Office Supplies,Supplies,Houston,8,0.0,451.18,71.77
2018-04-28,Standard Class,Consumer,West,Furniture,Bookcases,Los Angeles,1,0.15,115.37,-6.7
2018-04-28,Second Class,Corporate,West,Office Supplies,Art,San Francisco,3,0.2,95.06,-0.65
2018-04-28,Second Class,Consumer,West,Furniture,Bookcases,Seattle,7,0.2,497.93,-14.03
2018-04-28,Standard Class,Consumer,East,Office Supplies,Supplies,Philadelphia,2,0.15,92.13,9.79
2018-04-28,Second Class,Corporate,West,Office Supplies,Binders,Denver,8,0.15,431.46,10.76
2018-04-28,First Class,Consumer,West,Furniture,Chairs,Seattle,4,0.2,604.29,-13.41
2018-04-28,Standard Class,Corporate,East,Furniture,Furnishings,New York City,2,0.2,432.97,-67.09
2018-04-28,Standard Class,Consumer,East,Technology,Phones,Philadelphia,2,0.1,450.96,56.98
2018-04-28,Standard Class,Consumer,Central,Office Supplies,Storage,Chicago,7,0.0,803.93,201.65
2018-04-29,Second Class,Consumer,South,Office Supplies,Supplies,Miami,5,0.1,184.95,0.82
2018-04-29,Second Class,Corporate,South,Office Supplies,Fasteners,Miami,6,0.3,183.16,1.29
2018-04-29,Standard Class,Home Office,Central,Office Supplies,Supplies,Dallas,6,0.15,727.84,37.21
2018-04-29,Standard Class,Consumer,East,Office Supplies,Labels,Columbus,2,0.05,186.29,9.41
2018-04-29,Second Class,Corporate,East,Office Supplies,Labels,Boston,5,0.2,375.58,38.13
2018-04-29,Standard Class,Home Office,South,Office Supplies,Storage,Nashville,8,0.3,383.29,-14.13
2018-04-29,Standard Class,Consumer,Central,Furniture,Furnishings,Dallas,8,0.05,2615.94,-29.35
2018-04-29,Standard Class,Corporate,East,Furniture,Tables,Columbus,1,0.2,79.71,-1.78
2018-04-29,Standard Class,Consumer,West,Office Supplies,Fasteners,San Francisco,7,0.2,350.2,12.18
2018-04-30,Standard Class,Consumer,East,Office Supplies,Paper,New York City,3,0.05,118.64,4.47
2018-04-30,Standard Class,Consumer,East,Office Supplies,Labels,Boston,8,0.0,565.54,102.02
2018-04-30,Standard Class,Corporate,South,Office Supplies,Paper,Atlanta,6,0.05,226.73,34.48
2018-04-30,Same Day,Home Office,East,Office Supplies,Labels,New York City,8,0.1,374.62,52.69
2018-04-30,Second Class,Corporate,Central,Office Supplies,Appliances,Houston,6,0.2,238.88,33.02
2018-04-30,Standard Class,Corporate,South,Office Supplies,Binders,Miami,4,0.15,195.16,2.6
2018-04-30,Second Class,Corporate,West,Office Supplies,Envelopes,Denver,2,0.2,119.08,19.49
2018-04-30,Standard Class,Consumer,West,Office Supplies,Binders,San Francisco,2,0.05,41.08,4.35
2018-05-01,Standard Class,Home Office,Central,Office Supplies,Paper,Dallas,2,0.0,157.54,16.87
2018-05-01,Second Class,Consumer,Central,Office Supplies,Art,Dallas,4,0.1,229.64,43.69
2018-05-01,Standard Class,Home Office,East,Furniture,Furnishings,Columbus,2,0.0,226.65,10.85
2018-05-01,Standard Class,Consumer,Central,Furniture,Tables,Houston,6,0.2,551.38,-61.37
2018-05-01,Standard Class,Consumer,West,Office Supplies,Appliances,Los Angeles,1,0.05,60.01,3.29
2018-05-01,Standard Class,Consumer,West,Office Supplies,Supplies,Seattle,7,0.0,517.28,120.0
2018-05-01,Standard Class,Home Office,South,Office Supplies,Supplies,Charlotte,4,0.2,212.42,-3.83
2018-05-01,Standard Class,Consumer,West,Technology,Machines,Seattle,7,0.2,2019.37,13.93
2018-05-02,Same Day,Home Office,East,Furniture,Bookcases,Columbus,4,0.0,1188.32,123.23
2018-05-02,Standard Class,Corporate,South,Technology,Copiers,Atlanta,4,0.0,1267.55,181.9
2018-05-02,Standard Class,Corporate,East,Technology,Phones,New York City,2,0.15,194.13,32.73
2018-05-02,Standard Class,Consumer,Central,Office Supplies,Appliances,Chicago,7,0.0,364.44,88.25
2018-05-02,First Class,Consumer,South,Office Supplies,Binders,Atlanta,4,0.05,280.34,32.43
2018-05-02,First Class,Consumer,West,Furniture,Bookcases,San Francisco,2,0.1,260.1,3.99
2018-05-02,Second Class,Consumer,East,Office Supplies,Supplies,Boston,6,0.0,331.63,79.13
2018-05-02,First Class,Corporate,Central,Furniture,Chairs,Chicago,8,0.0,1788.86,184.4
2018-05-03,First Class,Corporate,South,Office Supplies,Art,Miami,4,0.05,202.25,27.96
2018-05-03,First Class,Consumer,West,Office Supplies,Appliances,Los Angeles,8,0.15,383.95,56.21
2018-05-03,Standard Class,Consumer,South,Office Supplies,Fasteners,Miami,2,0.1,65.26,11.14
2018-05-03,Standard Class,Home Office,East,Technology,Phones,Philadelphia,7,0.3,2258.29,167.05
2018-05-04,Same Day,Corporate,Central,Office Supplies,Supplies,Minneapolis,7,0.3,349.02,-29.36
2018-05-04,Standard Class,Consumer,South,Technology,Copiers,Miami,7,0.1,3084.83,431.89
2018-05-04,First Class,Consumer,West,Furniture,Tables,Seattle,3,0.1,645.18,-11.12
2018-05-04,First Class,Consumer,West,Furniture,Furnishings,Seattle,4,0.1,465.97,-36.49
2018-05-04,Second Class,Consumer,East,Office Supplies,Storage,Philadelphia,2,0.1,52.48,5.46
2018-05-05,First Class,Consumer,West,Technology,Phones,Denver,8,0.0,1237.92,306.52
2018-05-05,Standard Class,Corporate,East,Furniture,Furnishings,Boston,2,0.2,236.05,-37.05
2018-05-05,First Class,Corporate,East,Technology,Accessories,New York City,1,0.4,37.44,-2.51
2018-05-05,First Class,Consumer,East,Office Supplies,Fasteners,New York City,3,0.0,171.34,19.22
2018-05-05,Standard Class,Consumer,East,Office Supplies,Labels,New York City,7,0.05,292.66,26.51
2018-05-06,Standard Class,Corporate,Central,Furniture,Bookcases,Houston,2,0.4,233.13,-39.45
2018-05-06,First Class,Consumer,East,Office Supplies,Art,Philadelphia,4,0.2,121.03,11.55
2018-05-06,Second Class,Corporate,West,Furniture,Furnishings,Los Angeles,4,0.2,816.69,7.84
2018-05-06,Standard Class,Consumer,South,Office Supplies,Labels,Miami,8,0.15,304.47,38.55
2018-05-06,Same Day,Corporate,South,Office Supplies,Labels,Charlotte,5,0.2,218.76,31.16
2018-05-06,Standard Class,Consumer,Central,Technology,Phones,Dallas,3,0.0,1239.93,299.6
2018-05-06,First Class,Home Office,West,Office Supplies,Envelopes,Seattle,8,0.2,1858.94,147.13
2018-05-06,Same Day,Consumer,East,Technology,Machines,Boston,1,0.0,340.29,42.75
2018-05-06,Same Day,Corporate,Central,Office Supplies,Labels,Dallas,7,0.3,119.59,-7.21
2018-05-07,First Class,Consumer,East,Office Supplies,Paper,New York City,6,0.1,183.83,18.92
2018-05-07,Second Class,Corporate,Central,Technology,Accessories,Houston,7,0.2,1301.17,75.69
2018-05-07,First Class,Home Office,Central,Furniture,Bookcases,Dallas,7,0.15,532.75,52.38
2018-05-07,Standard Class,Consumer,West,Technology,Copiers,Los Angeles,6,0.1,794.74,165.53
2018-05-08,Standard Class,Home Office,East,Technology,Machines,New York City,9,0.0,1660.61,372.51
2018-05-08,Standard Class,Consumer,South,Office Supplies,Supplies,Atlanta,6,0.0,245.06,48.23
2018-05-08,Standard Class,Corporate,East,Technology,Accessories,Philadelphia,5,0.3,674.79,93.69
2018-05-08,First Class,Consumer,Central,Technology,Copiers,Chicago,5,0.05,1021.89,90.33
2018-05-09,First Class,Consumer,Central,Office Supplies,Fasteners,Minneapolis,2,0.3,126.85,-22.28
2018-05-09,Standard Class,Consumer,Central,Office Supplies,Supplies,Houston,5,0.2,211.14,-11.9
2018-05-09,Standard Class,Consumer,West,Technology,Accessories,Denver,2,0.0,647.96,157.23
2018-05-09,Standard Class,Consumer,South,Office Supplies,Appliances,Atlanta,5,0.0,532.5,68.2
2018-05-09,Standard Class,Consumer,East,Furniture,Bookcases,Boston,8,0.05,1742.3,120.63
2018-05-09,Standard Class,Consumer,West,Technology,Copiers,Los Angeles,2,0.1,351.23,11.16
2018-05-10,Standard Class,Consumer,West,Office Supplies,Labels,San Francisco,3,0.0,103.5,18.61
2018-05-10,Second Class,Home Office,East,Technology,Copiers,Boston,2,0.1,439.12,29.39
2018-05-10,Standard Class,Corporate,West,Furniture,Furnishings,San Francisco,1,0.05,482.77,34.0
2018-05-10,Standard Class,Consumer,South,Office Supplies,Storage,Atlanta,5,0.0,352.55,80.4
2018-05-10,First Class,Consumer,East,Technology,Accessories,Boston,7,0.3,1498.23,19.43
2018-05-11,Second Class,Consumer,Central,Office Supplies,Appliances,Dallas,2,0.2,118.68,15.0
2018-05-11,Standard Class,Consumer,South,Office Supplies,Paper,Atlanta,2,0.4,72.83,-5.73
2018-05-11,Standard Class,Consumer,East,Office Supplies,Appliances,Boston,8,0.15,176.33,-1.85
2018-05-11,Second Class,Consumer,East,Technology,Phones,Columbus,7,0.3,2302.9,207.04
2018-05-11,Standard Class,Corporate,Central,Office Supplies,Appliances,Dallas,1,0.0,103.03,16.36
2018-05-11,Second Class,Consumer,Central,Technology,Accessories,Chicago,4,0.1,695.97,108.02
2018-05-11,First Class,Consumer,Central,Technology,Copiers,Chicago,9,0.2,2433.81,320.76
2018-05-12,Same Day,Consumer,East,Furniture,Bookcases,Columbus,2,0.4,212.16,-0.83
2018-05-12,Standard Class,Consumer,East,Office Supplies,Envelopes,Philadelphia,5,0.1,189.96,-0.09
2018-05-12,Standard Class,Consumer,East,Office Supplies,Fasteners,Philadelphia,3,0.15,109.33,6.12
2018-05-12,Second Class,Home Office,Central,Office Supplies,Fasteners,Chicago,2,0.3,70.54,1.51
2018-05-13,Standard Class,Consumer,West,Office Supplies,Art,Denver,8,0.2,120.42,5.35
2018-05-13,Second Class,Consumer,West,Technology,Machines,Los Angeles,1,0.0,673.99,78.34
2018-05-13,First Class,Consumer,East,Office Supplies,Fasteners,Boston,5,0.0,312.4,38.86
2018-05-13,Standard Class,Consumer,East,Furniture,Chairs,New York City,8,0.2,828.88,12.48
2018-05-13,Standard Class,Consumer,East,Furniture,Tables,Philadelphia,2,0.1,85.62,5.98
2018-05-13,Standard Class,Home Office,West,Office Supplies,Binders,Seattle,2,0.05,113.92,12.72
2018-05-13,Standard Class,Consumer,West,Office Supplies,Labels,Los Angeles,1,0.1,23.74,2.31
2018-05-13,Standard Class,Consumer,West,Furniture,Furnishings,San Francisco,8,0.0,1613.53,161.32
2018-05-13,Second Class,Home Office,East,Office Supplies,Appliances,Columbus,9,0.0,592.05,43.91
2018-05-13,Second Class,Corporate,East,Office Supplies,Binders,Columbus,5,0.3,181.23,5.9
2018-05-13,First Class,Home Office,South,Furniture,Furnishings,Nashville,1,0.1,82.26,5.06
2018-05-14,Standard Class,Corporate,South,Office Supplies,Labels,Nashville,7,0.15,271.39,-1.74
2018-05-14,Second Class,Home Office,West,Office Supplies,Envelopes,Denver,3,0.0,222.74,19.97
2018-05-14,First Class,Corporate,East,Office Supplies,Appliances,Columbus,5,0.15,526.2,13.49
2018-05-14,Standard Class,Home Office,East,Office Supplies,Supplies,Boston,3,0.2,129.38,-0.81
2018-05-14,Second Class,Consumer,South,Office Supplies,Appliances,Miami,4,0.0,408.65,57.58
2018-05-14,Second Class,Consumer,East,Office Supplies,Binders,Philadelphia,1,0.0,53.38,8.23
2018-05-15,Standard Class,Consumer,East,Furniture,Bookcases,Columbus,1,0.2,162.63,-11.48
2018-05-15,Standard Class,Corporate,East,Office Supplies,Binders,Columbus,9,0.0,446.46,58.22
2018-05-15,Same Day,Corporate,East,Office Supplies,Fasteners,Philadelphia,2,0.2,69.92,5.29
2018-05-15,Standard Class,Home Office,East,Office Supplies,Appliances,Columbus,3,0.0,127.03,22.47
2018-05-15,Standard Class,Corporate,East,Technology,Phones,Boston,2,0.05,462.41,75.48
2018-05-15,Second Class,Consumer,East,Office Supplies,Supplies,Boston,2,0.0,113.18,25.78
2018-05-15,Second Class,Home Office,East,Technology,Machines,Columbus,2,0.05,684.04,153.39
2018-05-16,Standard Class,Consumer,South,Office Supplies,Envelopes,Nashville,7,0.0,204.45,29.39
2018-05-16,Standard Class,Consumer,Central,Office Supplies,Storage,Houston,5,0.15,501.38,63.63
2018-05-16,Standard Class,Consumer,West,Office Supplies,Binders,Denver,2,0.1,63.75,10.26
2018-05-16,Standard Class,Consumer,East,Furniture,Furnishings,Boston,1,0.0,167.17,33.28
2018-05-16,Second Class,Home Office,Central,Office Supplies,Binders,Houston,4,0.05,170.23,13.73
2018-05-16,Standard Class,Consumer,Central,Furniture,Furnishings,Chicago,8,0.2,581.38,-1.29
2018-05-17,Standard Class,Consumer,West,Office Supplies,Envelopes,Seattle,9,0.2,799.35,32.06
2018-05-17,Second Class,Consumer,Central,Office Supplies,Supplies,Chicago,2,0.1,53.24,4.75
2018-05-17,Standard Class,Home Office,Central,Office Supplies,Storage,Dallas,7,0.0,82.96,10.64
2018-05-17,Standard Class,Consumer,Central,Office Supplies,Appliances,Houston,3,0.0,85.64,18.33
2018-05-17,Standard Class,Consumer,South,Furniture,Bookcases,Nashville,5,0.0,606.78,64.42
2018-05-17,Standard Class,Consumer,East,Technology,Accessories,Philadelphia,3,0.2,412.01,54.72
2018-05-17,Standard Class,Corporate,East,Office Supplies,Supplies,Boston,9,0.1,664.49,54.99
2018-05-17,Standard Class,Home Office,Central,Office Supplies,Envelopes,Houston,1,0.0,58.39,6.65
2018-05-17,First Class,Corporate,West,Furniture,Chairs,Seattle,7,0.15,1802.82,-2.19
2018-05-17,First Class,Consumer,East,Furniture,Furnishings,New York City,6,0.2,739.97,15.76
2018-05-18,First Class,Consumer,West,Office Supplies,Labels,Seattle,3,0.1,149.51,-0.49
2018-05-18,Standard Class,Consumer,Central,Furniture,Tables,Houston,3,0.0,490.44,76.43
2018-05-18,Standard Class,Corporate,Central,Technology,Phones,Minneapolis,7,0.2,3040.55,-89.73
2018-05-18,First Class,Corporate,West,Office Supplies,Art,Seattle,6,0.05,267.49,48.54
2018-05-18,Standard Class,Corporate,West,Office Supplies,Binders,San Francisco,1,0.1,87.54,4.03
2018-05-18,Standard Class,Consumer,East,Furniture,Bookcases,Columbus,7,0.15,992.56,46.66
2018-05-18,Standard Class,Consumer,West,Technology,Phones,Denver,3,0.0,764.74,118.9
2018-05-18,Standard Class,Consumer,East,Office Supplies,Labels,Boston,9,0.0,943.21,77.82
2018-05-19,First Class,Consumer,East,Furniture,Furnishings,New York City,5,0.15,2348.16,15.29
2018-05-19,Standard Class,Corporate,West,Office Supplies,Storage,Los Angeles,5,0.0,230.35,37.94
2018-05-19,Standard Class,Consumer,East,Technology,Machines,Boston,1,0.2,175.43,7.42
2018-05-19,First Class,Consumer,West,Furniture,Furnishings,Denver,3,0.0,1056.01,157.95
2018-05-19,Standard Class,Consumer,East,Furniture,Tables,New York City,4,0.0,515.3,-10.11
2018-05-19,Standard Class,Consumer,East,Office Supplies,Supplies,Columbus,8,0.0,659.98,84.99
2018-05-19,First Class,Corporate,South,Office Supplies,Appliances,Atlanta,5,0.15,232.46,18.42
2018-05-19,Second Class,Home Office,East,Office Supplies,Art,Boston,5,0.05,380.14,32.37
2018-05-20,Second Class,Consumer,Central,Office Supplies,Appliances,Houston,9,0.1,432.78,32.71
2018-05-20,Standard Class,Consumer,Central,Technology,Machines,Chicago,9,0.15,2154.71,348.02
2018-05-20,Second Class,Consumer,East,Technology,Machines,Boston,6,0.15,587.73,94.17
2018-05-20,Standard Class,Home Office,East,Technology,Copiers,New York City,4,0.0,571.82,107.49
2018-05-20,Standard Class,Consumer,Central,Technology,Accessories,Chicago,2,0.05,1487.8,297.0
2018-05-20,Standard Class,Consumer,West,Office Supplies,Envelopes,Seattle,7,0.0,514.4,66.98
2018-05-20,Second Class,Corporate,West,Office Supplies,Labels,San Francisco,4,0.1,126.01,12.86
2018-05-20,Standard Class,Consumer,West,Furniture,Chairs,San Francisco,3,0.0,169.92,29.87
2018-05-20,Standard Class,Home Office,South,Furniture,Tables,Atlanta,3,0.0,431.29,55.28
2018-05-21,Second Class,Consumer,South,Furniture,Furnishings,Charlotte,5,0.1,1469.09,-56.7
2018-05-21,Standard Class,Consumer,West,Technology,Accessories,Seattle,7,0.05,797.7,42.63
2018-05-21,Standard Class,Corporate,East,Office Supplies,Supplies,Philadelphia,7,0.05,873.25,44.04
2018-05-21,Standard Class,Home Office,West,Office Supplies,Appliances,San Francisco,4,0.05,263.0,38.71
2018-05-21,Standard Class,Consumer,East,Furniture,Furnishings,Boston,6,0.1,1280.8,-52.96
2018-05-21,Standard Class,Consumer,Central,Furniture,Furnishings,Minneapolis,1,0.2,97.39,-12.52
2018-05-21,Standard Class,Consumer,West,Office Supplies,Envelopes,Los Angeles,1,0.15,63.66,6.08
2018-05-21,Standard Class,Consumer,Central,Office Supplies,Art,Minneapolis,7,0.4,245.51,-34.39
2018-05-21,Standard Class,Consumer,South,Office Supplies,Labels,Nashville,7,0.15,840.38,92.78
2018-05-22,Standard Class,Consumer,East,Technology,Machines,Philadelphia,2,0.15,615.33,87.99
2018-05-22,Same Day,Consumer,South,Office Supplies,Paper,Nashville,8,0.15,290.45,51.52
2018-05-22,Standard Class,Consumer,West,Office Supplies,Art,San Francisco,2,0.0,79.96,22.16
2018-05-22,Second Class,Consumer,East,Technology,Machines,New York City,9,0.1,1666.49,366.34
2018-05-23,Standard Class,Consumer,East,Office Supplies,Storage,Boston,7,0.0,322.5,74.23
2018-05-23,Standard Class,Consumer,South,Office Supplies,Binders,Charlotte,4,0.15,164.34,-5.73
2018-05-23,Standard Class,Consumer,West,Technology,Accessories,Los Angeles,8,0.2,1741.92,81.11
2018-05-23,Standard Class,Consumer,South,Office Supplies,Labels,Nashville,1,0.0,74.33,18.1
2018-05-23,Standard Class,Consumer,West,Office Supplies,Supplies,Los Angeles,2,0.1,130.9,20.74
2018-05-23,First Class,Home Office,Central,Office Supplies,Binders,Minneapolis,8,0.15,189.63,16.37
2018-05-23,Standard Class,Corporate,Central,Office Supplies,Supplies,Chicago,3,0.1,141.92,13.32
2018-05-24,Second Class,Corporate,West,Office Supplies,Fasteners,San Francisco,4,0.15,368.77,30.19
2018-05-24,Standard Class,Home Office,Central,Office Supplies,Fasteners,Houston,2,0.3,198.62,9.86
2018-05-24,Standard Class,Corporate,East,Furniture,Tables,Boston,5,0.0,846.89,71.63
2018-05-24,First Class,Corporate,East,Office Supplies,Appliances,Columbus,3,0.1,149.04,25.77
2018-05-24,Standard Class,Corporate,Central,Office Supplies,Art,Dallas,8,0.15,332.58,27.76
2018-05-25,Same Day,Home Office,West,Office Supplies,Storage,San Francisco,1,0.1,49.31,3.85
2018-05-25,First Class,Consumer,West,Technology,Machines,Los Angeles,8,0.3,1330.67,154.97
2018-05-25,Second Class,Home Office,East,Office Supplies,Labels,Philadelphia,5,0.4,163.39,-1.14
2018-05-25,Standard Class,Consumer,Central,Office Supplies,Envelopes,Chicago,7,0.1,326.77,51.33
2018-05-25,Standard Class,Consumer,West,Office Supplies,Appliances,Los Angeles,8,0.0,234.51,34.87
2018-05-25,Second Class,Corporate,West,Office Supplies,Art,Seattle,5,0.2,263.91,13.22
2018-05-25,Standard Class,Home Office,West,Technology,Machines,San Francisco,8,0.0,2408.19,521.93
2018-05-25,Standard Class,Consumer,East,Office Supplies,Storage,Boston,2,0.2,116.79,6.58
2018-05-25,Second Class,Home Office,East,Office Supplies,Supplies,Boston,7,0.05,701.79,79.47
2018-05-26,Second Class,Consumer,Central,Office Supplies,Art,Chicago,7,0.1,528.0,28.37
2018-05-26,Standard Class,Consumer,Central,Office Supplies,Art,Houston,4,0.0,394.89,59.8
2018-05-26,Standard Class,Corporate,West,Office Supplies,Fasteners,Denver,2,0.3,169.37,-7.24
2018-05-26,Second Class,Corporate,West,Office Supplies,Art,Seattle,8,0.1,357.22,26.0
2018-05-26,Standard Class,Consumer,East,Office Supplies,Supplies,Boston,2,0.3,46.04,-0.05
2018-05-26,Standard Class,Consumer,West,Office Supplies,Supplies,San Francisco,7,0.05,449.19,71.4
2018-05-26,Second Class,Consumer,East,Office Supplies,Appliances,Columbus,6,0.0,264.7,63.19
2018-05-27,Standard Class,Consumer,East,Office Supplies,Envelopes,New York City,3,0.0,318.17,51.58
2018-05-27,Second Class,Home Office,Central,Office Supplies,Labels,Minneapolis,4,0.2,496.21,39.44
2018-05-27,Standard Class,Corporate,West,Office Supplies,Paper,Denver,6,0.15,328.7,32.81
2018-05-27,First Class,Corporate,East,Office Supplies,Supplies,New York City,9,0.05,539.69,131.55
2018-05-27,Standard Class,Consumer,South,Office Supplies,Supplies,Atlanta,5,0.0,574.27,42.91
2018-05-27,First Class,Consumer,West,Office Supplies,Art,Seattle,4,0.05,101.15,7.48
2018-05-27,Second Class,Consumer,East,Furniture,Chairs,Boston,3,0.3,124.83,-10.64
2018-05-27,Standard Class,Consumer,West,Technology,Phones,Denver,1,0.05,540.94,93.33
2018-05-27,Standard Class,Consumer,South,Furniture,Chairs,Miami,1,0.0,149.19,17.86
2018-05-28,Second Class,Consumer,West,Technology,Machines,Denver,1,0.1,331.27,57.61
2018-05-28,Standard Class,Consumer,West,Office Supplies,Fasteners,Los Angeles,1,0.1,21.4,1.33
2018-05-28,Second Class,Corporate,East,Office Supplies,Fasteners,Columbus,9,0.2,712.86,68.3
2018-05-28,Second Class,Consumer,Central,Office Supplies,Supplies,Houston,6,0.2,331.68,16.18
2018-05-28,Second Class,Corporate,Central,Office Supplies,Fasteners,Dallas,8,0.05,513.45,13.78
2018-05-28,Standard Class,Consumer,West,Technology,Machines,Los Angeles,8,0.1,1853.65,308.42
2018-05-29,Standard Class,Corporate,Central,Office Supplies,Storage,Minneapolis,3,0.15,64.76,3.17
2018-05-29,Standard Class,Consumer,West,Office Supplies,Paper,Los Angeles,9,0.3,123.27,6.84
2018-05-29,Standard Class,Corporate,West,Technology,Machines,San Francisco,4,0.05,957.78,151.79
2018-05-29,Standard Class,Home Office,West,Office Supplies,Supplies,Seattle,1,0.0,24.44,5.9
2018-05-29,Standard Class,Consumer,West,Office Supplies,Binders,Denver,9,0.15,294.78,48.65
2018-05-29,Standard Class,Home Office,East,Office Supplies,Paper,New York City,7,0.1,419.87,61.67
2018-05-29,Standard Class,Consumer,West,Furniture,Tables,San Francisco,7,0.1,1083.14,-56.37
2018-05-29,Standard Class,Corporate,East,Office Supplies,Fasteners,Columbus,6,0.0,363.57,51.57
2018-05-29,Standard Class,Consumer,Central,Office Supplies,Art,Chicago,5,0.0,294.62,81.79
2018-05-29,Standard Class,Corporate,Central,Furniture,Chairs,Houston,4,0.15,474.91,-13.61
2018-05-29,Second Class,Consumer,Central,Office Supplies,Fasteners,Minneapolis,5,0.0,297.73,69.07
2018-05-29,Standard Class,Corporate,East,Furniture,Furnishings,Philadelphia,5,0.05,916.13,80.49
2018-05-30,Standard Class,Home Office,West,Furniture,Tables,Denver,8,0.1,4239.1,276.67
2018-05-30,Standard Class,Consumer,East,Office Supplies,Labels,Philadelphia,5,0.15,252.87,9.02
2018-05-30,Same Day,Consumer,West,Office Supplies,Fasteners,Los Angeles,9,0.3,507.4,25.5
2018-05-30,Standard Class,Consumer,Central,Office Supplies,Envelopes,Chicago,2,0.2,216.57,23.34
2018-05-30,Standard Class,Home Office,East,Furniture,Tables,Philadelphia,5,0.0,843.8,152.22
2018-05-30,Standard Class,Corporate,West,Technology,Copiers,Seattle,8,0.2,2006.89,182.42
2018-05-30,Standard Class,Home Office,West,Office Supplies,Binders,Denver,2,0.4,222.17,-15.81
2018-05-31,Standard Class,Home Office,South,Office Supplies,Supplies,Miami,9,0.1,457.8,41.44
2018-05-31,Second Class,Consumer,South,Office Supplies,Envelopes,Miami,8,0.0,993.38,246.2
2018-05-31,Standard Class,Corporate,West,Technology,Phones,San Francisco,3,0.0,1878.13,546.4
2018-05-31,Standard Class,Consumer,East,Office Supplies,Labels,Columbus,6,0.1,193.7,16.26
2018-06-01,Standard Class,Corporate,South,Office Supplies,Fasteners,Nashville,5,0.1,224.49,2.9
2018-06-01,Standard Class,Home Office,East,Furniture,Tables,Boston,3,0.2,1327.65,73.66
2018-06-01,Same Day,Home Office,West,Furniture,Tables,Seattle,8,0.3,880.96,-80.09
2018-06-01,Standard Class,Corporate,South,Office Supplies,Storage,Charlotte,9,0.2,317.0,4.24
2018-06-01,Standard Class,Consumer,East,Technology,Machines,Boston,9,0.3,1481.35,46.34
2018-06-01,Second Class,Corporate,Central,Technology,Accessories,Houston,9,0.05,1554.77,291.61
2018-06-01,First Class,Corporate,South,Technology,Copiers,Charlotte,8,0.1,1331.26,252.86
2018-06-01,Standard Class,Corporate,West,Office Supplies,Binders,Seattle,2,0.2,40.8,1.37
2018-06-01,First Class,Consumer,East,Technology,Phones,Boston,7,0.0,1011.79,290.57
2018-06-02,First Class,Home Office,East,Technology,Accessories,Philadelphia,9,0.15,3046.26,344.18
2018-06-02,Standard Class,Home Office,South,Furniture,Furnishings,Charlotte,4,0.0,1246.53,61.37
2018-06-02,Standard Class,Consumer,East,Technology,Accessories,Columbus,6,0.0,1232.27,218.52
2018-06-02,Standard Class,Corporate,Central,Office Supplies,Envelopes,Chicago,8,0.15,267.92,33.88
2018-06-02,Standard Class,Corporate,East,Technology,Accessories,Columbus,9,0.3,785.61,-17.34
2018-06-03,Standard Class,Consumer,Central,Technology,Phones,Dallas,9,0.15,1531.73,221.18
2018-06-03,Standard Class,Consumer,West,Office Supplies,Paper,Seattle,7,0.2,547.12,-3.11
2018-06-03,Same Day,Corporate,East,Furniture,Furnishings,Philadelphia,3,0.2,230.42,6.98
2018-06-03,Same Day,Corporate,West,Technology,Machines,San Francisco,1,0.0,282.77,36.73
2018-06-03,Second Class,Consumer,West,Office Supplies,Storage,San Francisco,2,0.2,173.17,23.68
2018-06-03,Standard Class,Consumer,West,Technology,Accessories,San Francisco,2,0.0,489.84,101.84
2018-06-04,Standard Class,Consumer,Central,Technology,Accessories,Dallas,4,0.1,1655.19,138.8
2018-06-04,Second Class,Consumer,East,Furniture,Chairs,Philadelphia,6,0.2,253.65,-2.65
2018-06-04,Standard Class,Corporate,West,Furniture,Chairs,Los Angeles,7,0.05,1762.18,200.34
2018-06-04,Standard Class,Corporate,West,Furniture,Tables,Denver,9,0.2,1534.1,269.42
2018-06-04,Standard Class,Corporate,Central,Technology,Accessories,Houston,7,0.0,3264.38,774.29
2018-06-04,First Class,Home Office,West,Office Supplies,Binders,Los Angeles,8,0.1,1055.71,80.74
2018-06-04,Standard Class,Consumer,East,Furniture,Tables,Boston,7,0.0,1129.52,56.3
2018-06-04,First Class,Consumer,South,Office Supplies,Paper,Charlotte,4,0.0,361.82,45.49
2018-06-04,Second Class,Consumer,Central,Office Supplies,Fasteners,Dallas,6,0.0,148.31,23.8
2018-06-05,Standard Class,Corporate,West,Technology,Phones,Los Angeles,2,0.1,936.74,84.11
2018-06-05,First Class,Home Office,South,Technology,Accessories,Nashville,1,0.1,171.84,34.81
2018-06-05,Second Class,Consumer,East,Office Supplies,Paper,New York City,6,0.0,297.28,45.89
2018-06-05,Second Class,Consumer,Central,Office Supplies,Art,Houston,5,0.1,210.52,17.19
2018-06-05,Standard Class,Home Office,East,Furniture,Chairs,Philadelphia,5,0.1,1018.55,66.53
2018-06-05,Standard Class,Corporate,Central,Furniture,Furnishings,Chicago,7,0.15,626.96,-25.0
2018-06-06,Standard Class,Consumer,South,Office Supplies,Binders,Nashville,5,0.2,213.67,40.25
2018-06-06,Standard Class,Consumer,East,Office Supplies,Binders,Boston,3,0.15,169.85,1.07
2018-06-06,Standard Class,Consumer,Central,Technology,Accessories,Houston,7,0.15,1707.67,277.1
2018-06-06,Second Class,Consumer,West,Office Supplies,Storage,Seattle,2,0.0,115.87,18.56
2018-06-06,First Class,Consumer,West,Furniture,Tables,San Francisco,8,0.0,574.31,39.45
2018-06-06,Standard Class,Consumer,Central,Technology,Accessories,Chicago,3,0.2,358.71,55.51
2018-06-06,Standard Class,Consumer,East,Technology,Copiers,Columbus,9,0.2,591.34,30.8
2018-06-06,Standard Class,Consumer,West,Technology,Accessories,Los Angeles,7,0.2,1538.23,-50.54
2018-06-06,Standard Class,Corporate,East,Technology,Accessories,New York City,1,0.3,246.49,-23.61
2018-06-06,Standard Class,Consumer,South,Office Supplies,Fasteners,Nashville,9,0.15,181.75,17.61
2018-06-06,Standard Class,Consumer,East,Office Supplies,Storage,Boston,6,0.2,398.55,24.59
2018-06-06,Same Day,Consumer,West,Furniture,Furnishings,Seattle,6,0.0,1713.64,184.71
2018-06-06,First Class,Consumer,Central,Technology,Copiers,Minneapolis,8,0.0,2396.13,428.19
2018-06-07,Standard Class,Consumer,East,Office Supplies,Supplies,Philadelphia,2,0.0,63.38,11.61
2018-06-07,Second Class,Consumer,East,Office Supplies,Storage,New York City,9,0.1,967.18,78.91
2018-06-07,Second Class,Consumer,West,Office Supplies,Appliances,Denver,7,0.0,455.17,73.1
2018-06-07,Second Class,Consumer,East,Office Supplies,Fasteners,Philadelphia,3,0.0,131.31,14.57
2018-06-07,First Class,Consumer,East,Technology,Copiers,Columbus,1,0.2,262.81,30.37
2018-06-07,Second Class,Consumer,West,Office Supplies,Envelopes,Los Angeles,7,0.2,340.54,2.7
2018-06-08,First Class,Consumer,East,Furniture,Chairs,Philadelphia,4,0.0,669.36,51.73
2018-06-08,Standard Class,Corporate,Central,Office Supplies,Storage,Dallas,2,0.1,86.18,0.17
2018-06-08,Standard Class,Corporate,Central,Furniture,Furnishings,Chicago,2,0.0,634.99,45.88
2018-06-08,Standard Class,Consumer,Central,Furniture,Chairs,Dallas,3,0.15,550.14,-41.1
2018-06-08,Standard Class,Corporate,East,Office Supplies,Envelopes,Boston,2,0.15,215.56,21.47
2018-06-08,Standard Class,Consumer,West,Office Supplies,Appliances,Los Angeles,8,0.0,546.44,153.49
2018-06-09,Second Class,Home Office,South,Office Supplies,Storage,Nashville,9,0.0,250.41,16.21
2018-06-09,Standard Class,Consumer,East,Office Supplies,Supplies,Columbus,6,0.0,92.25,15.08
2018-06-09,Same Day,Consumer,West,Office Supplies,Appliances,Seattle,6,0.1,159.53,15.81
2018-06-10,Standard Class,Home Office,South,Office Supplies,Storage,Atlanta,6,0.0,76.53,4.15
2018-06-10,Standard Class,Corporate,Central,Office Supplies,Art,Minneapolis,7,0.0,306.02,83.21
2018-06-10,Second Class,Home Office,East,Office Supplies,Envelopes,Boston,4,0.2,565.18,19.4
2018-06-10,Standard Class,Consumer,West,Office Supplies,Appliances,San Francisco,9,0.0,575.14,24.09
2018-06-10,Standard Class,Consumer,Central,Office Supplies,Binders,Minneapolis,1,0.2,47.65,4.18
2018-06-10,Standard Class,Consumer,Central,Office Supplies,Storage,Minneapolis,1,0.1,108.48,14.76
2018-06-11,First Class,Consumer,West,Office Supplies,Labels,Seattle,8,0.15,229.59,39.14
2018-06-11,Standard Class,Consumer,South,Furniture,Chairs,Miami,4,0.15,836.31,-15.56
2018-06-11,Second Class,Corporate,East,Furniture,Chairs,Boston,2,0.1,572.2,-0.74
2018-06-11,Standard Class,Consumer,East,Furniture,Chairs,New York City,8,0.1,2747.08,-64.73
2018-06-11,Standard Class,Consumer,West,Office Supplies,Binders,Denver,5,0.0,116.14,20.02
2018-06-11,Standard Class,Consumer,West,Office Supplies,Labels,Denver,1,0.2,63.36,3.53
2018-06-11,Second Class,Consumer,East,Office Supplies,Paper,Philadelphia,1,0.15,29.91,0.86
2018-06-12,Second Class,Home Office,East,Office Supplies,Labels,Philadelphia,2,0.0,65.04,3.26
2018-06-12,Standard Class,Corporate,West,Technology,Accessories,Los Angeles,4,0.0,2244.17,565.64
2018-06-13,Standard Class,Consumer,West,Office Supplies,Binders,Seattle,8,0.0,317.93,58.26
2018-06-13,Second Class,Consumer,South,Office Supplies,Supplies,Nashville,7,0.2,471.94,82.26
2018-06-13,First Class,Corporate,Central,Office Supplies,Paper,Dallas,5,0.0,171.93,28.66
2018-06-13,Second Class,Home Office,West,Office Supplies,Appliances,Los Angeles,5,0.1,146.71,8.62
2018-06-13,Second Class,Consumer,South,Office Supplies,Supplies,Atlanta,8,0.15,260.92,-26.98
2018-06-13,Second Class,Home Office,East,Office Supplies,Supplies,Boston,5,0.2,343.0,17.73
2018-06-13,Second Class,Home Office,West,Technology,Machines,Los Angeles,5,0.2,1731.17,176.28
2018-06-13,Standard Class,Consumer,West,Office Supplies,Art,San Francisco,4,0.3,159.26,0.46
2018-06-13,Standard Class,Corporate,West,Office Supplies,Binders,Seattle,2,0.15,125.51,17.75
2018-06-14,Standard Class,Corporate,Central,Furniture,Furnishings,Minneapolis,1,0.3,144.12,13.19
2018-06-14,First Class,Consumer,West,Furniture,Chairs,Denver,9,0.2,1328.88,-127.44
2018-06-14,Second Class,Corporate,Central,Office Supplies,Labels,Minneapolis,7,0.1,403.5,102.45
2018-06-14,Standard Class,Consumer,West,Office Supplies,Supplies,San Francisco,3,0.0,343.29,78.94
2018-06-14,Standard Class,Consumer,West,Office Supplies,Labels,San Francisco,4,0.0,60.25,10.9
2018-06-14,Standard Class,Consumer,Central,Office Supplies,Labels,Dallas,3,0.1,84.54,5.5
2018-06-14,Standard Class,Consumer,West,Office Supplies,Paper,Denver,1,0.0,76.85,18.22
2018-06-14,Standard Class,Consumer,Central,Technology,Accessories,Houston,5,0.0,1574.43,422.55
2018-06-14,Second Class,Consumer,West,Office Supplies,Supplies,Seattle,1,0.0,66.54,10.16
2018-06-15,Second Class,Home Office,East,Furniture,Bookcases,Columbus,4,0.0,454.27,32.7
2018-06-15,Standard Class,Home Office,South,Office Supplies,Appliances,Charlotte,9,0.15,271.17,26.91
2018-06-15,Standard Class,Consumer,West,Furniture,Bookcases,Denver,2,0.15,200.92,-3.2
2018-06-15,First Class,Corporate,West,Technology,Machines,Los Angeles,2,0.0,397.95,82.92
2018-06-15,First Class,Consumer,West,Furniture,Furnishings,Seattle,5,0.0,2244.84,372.94
2018-06-16,Standard Class,Consumer,Central,Furniture,Bookcases,Houston,8,0.3,358.14,22.2
2018-06-16,Standard Class,Home Office,West,Furniture,Chairs,Los Angeles,4,0.0,855.28,103.79
2018-06-16,Standard Class,Corporate,East,Technology,Copiers,Philadelphia,4,0.0,1811.03,351.88
2018-06-16,Standard Class,Consumer,Central,Office Supplies,Appliances,Dallas,4,0.3,449.15,-5.59
2018-06-16,Same Day,Corporate,West,Office Supplies,Paper,Denver,3,0.0,167.74,33.51
2018-06-16,Standard Class,Consumer,East,Office Supplies,Paper,Philadelphia,6,0.3,201.92,-6.1
2018-06-16,Standard Class,Consumer,Central,Furniture,Furnishings,Chicago,8,0.0,688.91,10.52
2018-06-17,First Class,Corporate,East,Furniture,Chairs,New York City,5,0.3,194.27,-4.11
2018-06-17,First Class,Consumer,West,Office Supplies,Art,Los Angeles,4,0.1,350.77,66.57
2018-06-17,Standard Class,Consumer,East,Furniture,Bookcases,Boston,8,0.0,1172.97,105.98
2018-06-17,First Class,Consumer,West,Office Supplies,Appliances,Seattle,7,0.2,338.23,50.48
2018-06-17,Standard Class,Consumer,South,Furniture,Tables,Charlotte,7,0.0,577.62,13.86
2018-06-17,Standard Class,Consumer,West,Office Supplies,Appliances,Los Angeles,4,0.15,98.21,-1.7
2018-06-17,Standard Class,Home Office,West,Office Supplies,Appliances,Denver,9,0.0,285.28,57.3
2018-06-17,Standard Class,Home Office,East,Technology,Phones,Boston,3,0.2,1477.87,160.63
2018-06-17,Standard Class,Consumer,East,Office Supplies,Appliances,Boston,1,0.0,56.49,15.13
2018-06-18,Standard Class,Corporate,East,Office Supplies,Supplies,Boston,7,0.1,387.49,59.89
2018-06-18,First Class,Consumer,East,Office Supplies,Storage,Boston,9,0.05,282.62,36.33
2018-06-18,Standard Class,Home Office,East,Office Supplies,Paper,New York City,6,0.0,322.37,50.14
2018-06-18,Standard Class,Consumer,Central,Technology,Machines,Minneapolis,4,0.2,590.06,80.25
2018-06-18,First Class,Consumer,East,Technology,Copiers,Philadelphia,7,0.15,1280.48,251.67
2018-06-18,Second Class,Consumer,West,Furniture,Bookcases,Los Angeles,7,0.0,1013.99,44.42
2018-06-18,Standard Class,Home Office,South,Technology,Accessories,Miami,7,0.05,2182.92,292.77
2018-06-18,Standard Class,Corporate,East,Furniture,Furnishings,Boston,7,0.1,484.21,50.25
2018-06-19,Second Class,Corporate,East,Office Supplies,Supplies,Philadelphia,3,0.0,256.7,25.47
2018-06-19,Standard Class,Consumer,East,Technology,Phones,New York City,4,0.3,1681.92,148.59
2018-06-19,First Class,Corporate,West,Office Supplies,Paper,San Francisco,1,0.3,23.7,1.74
2018-06-19,Same Day,Consumer,East,Office Supplies,Envelopes,Philadelphia,4,0.3,203.69,1.57
2018-06-20,Standard Class,Consumer,West,Office Supplies,Fasteners,San Francisco,3,0.05,152.19,6.8
2018-06-20,Standard Class,Home Office,Central,Office Supplies,Envelopes,Dallas,9,0.3,574.81,35.88
2018-06-20,Standard Class,Corporate,West,Office Supplies,Envelopes,San Francisco,8,0.05,525.59,80.2
2018-06-20,First Class,Consumer,West,Office Supplies,Art,Seattle,4,0.0,391.2,-11.21
2018-06-20,Standard Class,Home Office,West,Furniture,Tables,San Francisco,2,0.1,347.61,6.18
2018-06-20,Standard Class,Corporate,East,Office Supplies,Storage,New York City,5,0.1,215.41,34.62
2018-06-20,Standard Class,Corporate,West,Office Supplies,Storage,Los Angeles,2,0.2,95.41,5.15
2018-06-20,Same Day,Corporate,South,Technology,Accessories,Miami,6,0.0,1475.13,209.17
2018-06-21,Second Class,Corporate,East,Technology,Copiers,New York City,3,0.15,481.85,77.69
2018-06-21,Standard Class,Corporate,Central,Furniture,Chairs,Dallas,6,0.0,1119.79,31.18
2018-06-21,First Class,Home Office,East,Furniture,Furnishings,Columbus,6,0.2,1293.92,70.47
2018-06-21,First Class,Consumer,South,Office Supplies,Fasteners,Charlotte,9,0.0,359.17,73.45
2018-06-21,Standard Class,Consumer,West,Office Supplies,Binders,Los Angeles,3,0.05,136.45,23.52
2018-06-21,Standard Class,Corporate,South,Furniture,Bookcases,Atlanta,5,0.0,412.95,36.37
2018-06-21,Standard Class,Consumer,West,Office Supplies,Labels,Seattle,4,0.05,101.15,23.28
2018-06-21,Standard Class,Home Office,Central,Furniture,Tables,Houston,6,0.2,921.66,-3.37
2018-06-22,First Class,Corporate,West,Office Supplies,Envelopes,San Francisco,8,0.15,924.89,-34.6
2018-06-22,Standard Class,Consumer,Central,Furniture,Furnishings,Dallas,6,0.4,489.15,-60.0
2018-06-22,Standard Class,Consumer,Central,Office Supplies,Appliances,Houston,9,0.15,303.89,27.69
2018-06-22,Second Class,Home Office,East,Office Supplies,Labels,Boston,8,0.15,232.75,12.86
2018-06-22,Standard Class,Consumer,Central,Technology,Copiers,Houston,6,0.0,882.84,223.85
2018-06-23,Standard Class,Consumer,West,Technology,Copiers,Los Angeles,4,0.1,1144.69,114.78
2018-06-23,Same Day,Corporate,East,Office Supplies,Appliances,New York City,8,0.4,119.28,-13.7
2018-06-23,Standard Class,Home Office,West,Office Supplies,Envelopes,San Francisco,7,0.3,156.79,9.72
2018-06-23,Same Day,Consumer,South,Office Supplies,Fasteners,Nashville,5,0.1,246.95,-2.3
2018-06-23,Standard Class,Corporate,Central,Technology,Copiers,Chicago,2,0.1,388.5,95.84
2018-06-23,Standard Class,Corporate,South,Furniture,Tables,Miami,8,0.1,1870.77,-167.43
2018-06-23,Standard Class,Consumer,Central,Office Supplies,Labels,Dallas,1,0.15,24.42,1.3
2018-06-24,Standard Class,Consumer,Central,Technology,Copiers,Chicago,7,0.2,813.28,14.72
2018-06-24,Second Class,Corporate,Central,Technology,Phones,Houston,5,0.0,857.42,210.92
2018-06-24,Standard Class,Corporate,West,Office Supplies,Paper,San Francisco,5,0.1,59.39,4.07
2018-06-24,Standard Class,Corporate,West,Furniture,Tables,San Francisco,2,0.0,183.59,29.0
2018-06-24,First Class,Corporate,West,Office Supplies,Supplies,Seattle,2,0.15,127.88,22.46
2018-06-24,Standard Class,Corporate,Central,Technology,Phones,Chicago,6,0.1,1804.25,361.14
2018-06-24,First Class,Consumer,Central,Office Supplies,Paper,Houston,7,0.0,249.66,57.28
2018-06-24,Standard Class,Corporate,West,Office Supplies,Binders,Los Angeles,2,0.0,77.84,12.56
2018-06-25,Standard Class,Home Office,West,Office Supplies,Appliances,Seattle,2,0.15,50.14,4.15
2018-06-25,Standard Class,Corporate,East,Technology,Machines,Boston,8,0.05,1428.0,221.7
2018-06-25,Second Class,Consumer,West,Office Supplies,Labels,Denver,5,0.15,132.4,6.86
2018-06-25,Standard Class,Consumer,East,Office Supplies,Binders,Philadelphia,6,0.0,579.04,106.72
2018-06-25,Standard Class,Corporate,East,Office Supplies,Art,Philadelphia,3,0.15,148.03,13.52
2018-06-25,Second Class,Home Office,South,Office Supplies,Binders,Miami,2,0.05,83.56,19.7
2018-06-25,Standard Class,Consumer,Central,Furniture,Chairs,Chicago,3,0.15,261.79,-14.62
2018-06-26,Standard Class,Consumer,East,Furniture,Furnishings,Philadelphia,1,0.0,159.14,14.93
2018-06-26,Standard Class,Home Office,Central,Office Supplies,Storage,Houston,8,0.0,505.65,68.97
2018-06-26,Second Class,Consumer,West,Office Supplies,Labels,San Francisco,4,0.05,106.19,12.94
2018-06-26,First Class,Consumer,West,Office Supplies,Binders,Seattle,6,0.2,412.7,3.89
2018-06-26,Same Day,Consumer,Central,Furniture,Furnishings,Minneapolis,7,0.05,857.56,60.97
2018-06-26,Standard Class,Home Office,East,Office Supplies,Paper,Boston,4,0.2,157.11,13.91
2018-06-26,Standard Class,Consumer,South,Office Supplies,Supplies,Atlanta,7,0.0,328.97,61.29
2018-06-27,Standard Class,Corporate,South,Office Supplies,Envelopes,Miami,9,0.2,193.36,-0.39
2018-06-27,Standard Class,Home Office,Central,Office Supplies,Binders,Minneapolis,2,0.0,143.03,13.25
2018-06-27,First Class,Corporate,West,Office Supplies,Supplies,San Francisco,3,0.0,102.27,10.16
2018-06-27,Standard Class,Corporate,South,Technology,Copiers,Miami,2,0.15,931.5,156.58
2018-06-27,Standard Class,Home Office,South,Office Supplies,Binders,Nashville,4,0.2,187.17,16.2
2018-06-27,Same Day,Consumer,Central,Furniture,Bookcases,Minneapolis,1,0.0,238.81,36.36
2018-06-28,Standard Class,Corporate,West,Office Supplies,Supplies,Denver,1,0.2,42.29,5.86
2018-06-28,Standard Class,Home Office,South,Technology,Accessories,Charlotte,7,0.1,1110.83,131.29
2018-06-28,Second Class,Consumer,East,Office Supplies,Art,Columbus,1,0.0,98.83,25.65
2018-06-28,Standard Class,Consumer,West,Furniture,Bookcases,Los Angeles,4,0.0,626.86,43.05
2018-06-29,Same Day,Consumer,Central,Office Supplies,Labels,Dallas,9,0.1,313.22,7.35
2018-06-29,Standard Class,Corporate,South,Office Supplies,Labels,Atlanta,6,0.0,500.27,73.03
2018-06-30,Standard Class,Corporate,Central,Technology,Accessories,Houston,8,0.2,1351.25,66.23
2018-06-30,Standard Class,Consumer,West,Furniture,Tables,San Francisco,6,0.05,820.72,87.21
2018-06-30,Standard Class,Consumer,Central,Office Supplies,Appliances,Minneapolis,5,0.0,284.85,52.85
2018-06-30,Same Day,Consumer,West,Technology,Phones,Seattle,5,0.1,626.32,139.83
2018-06-30,Same Day,Consumer,East,Technology,Phones,Columbus,9,0.2,3388.66,327.86
2018-06-30,Standard Class,Consumer,South,Furniture,Chairs,Charlotte,8,0.15,927.54,-63.46
2018-06-30,First Class,Consumer,East,Office Supplies,Supplies,Boston,5,0.0,271.8,26.9
2018-06-30,Standard Class,Consumer,East,Office Supplies,Binders,New York City,9,0.0,690.79,102.3
2018-06-30,Second Class,Home Office,East,Technology,Copiers,Philadelphia,3,0.0,499.11,153.75
2018-07-01,Second Class,Consumer,East,Office Supplies,Supplies,New York City,4,0.2,361.0,-3.26
2018-07-01,Standard Class,Consumer,West,Technology,Machines,San Francisco,8,0.3,489.83,59.94
2018-07-01,Standard Class,Consumer,West,Furniture,Tables,San Francisco,2,0.0,437.66,32.93
2018-07-01,Standard Class,Corporate,East,Furniture,Bookcases,Philadelphia,2,0.15,499.75,-9.8
2018-07-01,Standard Class,Consumer,West,Technology,Copiers,Denver,5,0.2,1065.82,60.85
2018-07-01,Second Class,Consumer,West,Office Supplies,Envelopes,San Francisco,8,0.15,416.78,36.43
2018-07-01,Standard Class,Corporate,West,Office Supplies,Art,Denver,3,0.15,138.96,6.25
2018-07-01,Same Day,Consumer,Central,Office Supplies,Fasteners,Chicago,9,0.15,590.72,84.37
2018-07-02,Standard Class,Consumer,West,Technology,Accessories,Los Angeles,3,0.05,236.8,37.91
2018-07-02,Second Class,Corporate,East,Office Supplies,Supplies,Boston,4,0.15,368.9,28.6
2018-07-02,Standard Class,Corporate,South,Office Supplies,Storage,Atlanta,6,0.2,454.82,42.3
2018-07-02,Standard Class,Home Office,West,Office Supplies,Binders,Los Angeles,2,0.3,66.74,-7.07
2018-07-02,Standard Class,Home Office,Central,Furniture,Furnishings,Dallas,7,0.15,1157.01,-42.58
2018-07-02,Standard Class,Home Office,West,Office Supplies,Binders,Los Angeles,5,0.1,123.83,24.73
2018-07-02,Same Day,Consumer,West,Furniture,Chairs,Denver,6,0.1,222.85,8.36
2018-07-02,Second Class,Consumer,East,Office Supplies,Binders,Columbus,3,0.2,57.12,-0.23
2018-07-03,Standard Class,Consumer,West,Technology,Copiers,Denver,4,0.3,1310.64,135.53
2018-07-03,Same Day,Consumer,Central,Furniture,Bookcases,Chicago,3,0.0,512.31,91.44
2018-07-03,Standard Class,Corporate,East,Office Supplies,Binders,Boston,6,0.0,230.41,36.68
2018-07-03,First Class,Consumer,West,Furniture,Chairs,Los Angeles,5,0.0,1948.58,229.93
2018-07-03,Same Day,Corporate,East,Office Supplies,Binders,New York City,7,0.15,262.36,32.21
2018-07-03,Standard Class,Corporate,West,Office Supplies,Envelopes,Los Angeles,5,0.2,109.66,16.01
2018-07-03,First Class,Corporate,South,Office Supplies,Envelopes,Atlanta,2,0.15,95.51,3.84
2018-07-03,Standard Class,Corporate,West,Furniture,Chairs,Los Angeles,9,0.0,3814.48,844.05
2018-07-03,Standard Class,Corporate,West,Office Supplies,Fasteners,Los Angeles,7,0.1,234.75,-6.83
2018-07-04,Second Class,Consumer,West,Office Supplies,Fasteners,Seattle,7,0.05,398.34,69.81
2018-07-04,Standard Class,Home Office,Central,Office Supplies,Paper,Chicago,2,0.0,89.07,25.68
2018-07-04,Standard Class,Consumer,West,Office Supplies,Labels,Seattle,3,0.2,127.47,-2.54
2018-07-04,Second Class,Home Office,West,Furniture,Tables,Los Angeles,3,0.0,2474.27,172.52
2018-07-05,Second Class,Consumer,East,Office Supplies,Appliances,New York City,2,0.15,30.27,1.74
2018-07-05,Standard Class,Corporate,West,Technology,Machines,Los Angeles,6,0.05,722.37,108.76
2018-07-05,Second Class,Consumer,West,Technology,Machines,San Francisco,6,0.05,1961.31,617.68
2018-07-05,Standard Class,Consumer,Central,Office Supplies,Art,Dallas,2,0.1,67.99,14.3
2018-07-05,Standard Class,Home Office,East,Office Supplies,Storage,Boston,8,0.1,194.53,12.38
2018-07-05,Standard Class,Corporate,Central,Furniture,Tables,Chicago,7,0.0,1618.4,68.42
2018-07-05,First Class,Corporate,Central,Technology,Copiers,Houston,7,0.0,1510.79,390.72
2018-07-05,Standard Class,Corporate,Central,Furniture,Tables,Chicago,2,0.2,421.94,45.43
2018-07-05,Standard Class,Home Office,Central,Office Supplies,Art,Dallas,3,0.1,171.22,22.87
2018-07-06,Standard Class,Corporate,West,Office Supplies,Paper,Denver,9,0.4,228.2,-6.61
2018-07-06,Standard Class,Corporate,East,Technology,Machines,Philadelphia,8,0.2,2468.37,-16.12
2018-07-06,Standard Class,Corporate,South,Office Supplies,Storage,Charlotte,8,0.15,225.13,-3.97
2018-07-06,First Class,Corporate,East,Office Supplies,Storage,Philadelphia,9,0.15,711.16,71.49
2018-07-07,Second Class,Corporate,East,Office Supplies,Supplies,Boston,5,0.2,208.91,9.91
2018-07-07,Second Class,Consumer,Central,Office Supplies,Paper,Chicago,2,0.0,152.04,25.14
2018-07-07,Standard Class,Corporate,West,Office Supplies,Art,Denver,9,0.05,663.33,156.24
2018-07-07,First Class,Consumer,West,Office Supplies,Art,Denver,7,0.0,891.24,187.26
2018-07-07,Standard Class,Corporate,East,Office Supplies,Labels,Boston,6,0.0,788.41,144.8
2018-07-07,Standard Class,Home Office,West,Office Supplies,Appliances,San Francisco,8,0.0,477.33,74.74
2018-07-07,Same Day,Home Office,East,Office Supplies,Supplies,Philadelphia,8,0.15,534.8,69.88
2018-07-08,First Class,Consumer,East,Office Supplies,Binders,New York City,2,0.15,85.74,1.42
2018-07-08,Standard Class,Corporate,West,Office Supplies,Supplies,Denver,6,0.2,316.04,29.18
2018-07-08,Standard Class,Corporate,Central,Office Supplies,Appliances,Minneapolis,8,0.1,386.27,42.06
2018-07-08,Standard Class,Consumer,Central,Office Supplies,Envelopes,Minneapolis,1,0.0,32.37,4.34
2018-07-08,Standard Class,Consumer,East,Furniture,Bookcases,Philadelphia,4,0.15,596.13,-48.46
2018-07-09,Standard Class,Consumer,South,Office Supplies,Appliances,Miami,3,0.2,131.85,-3.31
2018-07-09,Standard Class,Home Office,West,Office Supplies,Storage,San Francisco,4,0.05,550.95,60.4
2018-07-09,Second Class,Consumer,Central,Office Supplies,Envelopes,Dallas,1,0.15,70.91,-0.14
2018-07-09,Standard Class,Consumer,East,Office Supplies,Storage,New York City,2,0.05,225.91,29.39
2018-07-09,Second Class,Corporate,Central,Office Supplies,Fasteners,Dallas,6,0.05,219.31,44.04
2018-07-09,First Class,Corporate,South,Office Supplies,Labels,Nashville,4,0.4,139.58,-2.45
2018-07-09,Standard Class,Consumer,East,Office Supplies,Appliances,Columbus,7,0.0,413.21,12.74
2018-07-09,First Class,Consumer,West,Technology,Machines,Denver,2,0.05,141.36,24.82
2018-07-09,Second Class,Corporate,East,Office Supplies,Binders,Philadelphia,4,0.15,290.54,41.3
2018-07-10,Standard Class,Consumer,East,Furniture,Tables,New York City,9,0.15,871.51,17.31
2018-07-10,Standard Class,Corporate,East,Office Supplies,Appliances,New York City,8,0.2,628.14,67.54
2018-07-10,Second Class,Consumer,West,Technology,Copiers,Seattle,6,0.2,2334.89,14.13
2018-07-10,Standard Class,Corporate,South,Office Supplies,Supplies,Charlotte,9,0.3,701.14,68.09
2018-07-10,Standard Class,Consumer,East,Office Supplies,Envelopes,Columbus,9,0.3,419.37,-29.79
2018-07-10,Standard Class,Home Office,Central,Furniture,Bookcases,Minneapolis,2,0.0,879.5,35.79
2018-07-10,Standard Class,Consumer,East,Technology,Phones,Boston,1,0.3,352.72,7.56
2018-07-10,Standard Class,Consumer,West,Office Supplies,Appliances,San Francisco,9,0.15,360.46,53.26
2018-07-10,Standard Class,Consumer,West,Furniture,Bookcases,Los Angeles,7,0.1,656.69,33.89
2018-07-10,Second Class,Consumer,Central,Office Supplies,Binders,Dallas,6,0.4,336.46,0.23
2018-07-10,Second Class,Corporate,East,Furniture,Tables,Columbus,8,0.1,1575.19,80.17
2018-07-10,Standard Class,Consumer,Central,Office Supplies,Fasteners,Chicago,9,0.3,355.29,27.78
2018-07-10,Standard Class,Corporate,Central,Office Supplies,Supplies,Minneapolis,3,0.15,245.21,32.54
2018-07-10,Standard Class,Corporate,East,Furniture,Chairs,Boston,6,0.15,777.12,-17.61
2018-07-10,Second Class,Consumer,Central,Office Supplies,Labels,Houston,5,0.1,479.05,98.12
2018-07-11,Standard Class,Consumer,East,Office Supplies,Envelopes,Boston,2,0.15,57.99,4.85
2018-07-11,Standard Class,Consumer,East,Technology,Accessories,Columbus,1,0.1,274.49,24.08
2018-07-11,Second Class,Consumer,West,Office Supplies,Appliances,San Francisco,1,0.0,70.2,9.27
2018-07-11,Standard Class,Consumer,West,Office Supplies,Fasteners,Los Angeles,9,0.0,288.82,81.79
2018-07-11,Standard Class,Corporate,East,Furniture,Chairs,New York City,1,0.1,113.03,0.59
2018-07-11,Second Class,Corporate,Central,Technology,Machines,Chicago,4,0.0,497.76,84.82
2018-07-11,Standard Class,Home Office,East,Furniture,Tables,Philadelphia,2,0.1,514.58,-6.19
2018-07-11,Standard Class,Consumer,Central,Office Supplies,Art,Chicago,8,0.1,158.05,20.94
2018-07-11,Standard Class,Consumer,West,Office Supplies,Labels,Los Angeles,8,0.1,112.89,13.08
2018-07-12,Standard Class,Corporate,West,Furniture,Tables,San Francisco,3,0.0,588.65,76.11
2018-07-12,Standard Class,Consumer,East,Furniture,Chairs,Columbus,4,0.0,798.52,27.25
2018-07-12,Standard Class,Consumer,East,Office Supplies,Labels,Boston,8,0.2,165.14,12.96
2018-07-12,Standard Class,Consumer,South,Office Supplies,Fasteners,Miami,5,0.0,149.91,21.35
2018-07-12,Standard Class,Consumer,Central,Office Supplies,Envelopes,Dallas,9,0.0,425.8,68.34
2018-07-12,Standard Class,Consumer,Central,Furniture,Chairs,Houston,7,0.0,2198.73,251.64
2018-07-12,First Class,Consumer,Central,Furniture,Tables,Dallas,3,0.2,705.45,51.44
2018-07-12,First Class,Corporate,Central,Technology,Accessories,Houston,1,0.2,186.27,18.25
2018-07-13,Standard Class,Consumer,East,Office Supplies,Fasteners,Boston,7,0.0,1019.13,229.0
2018-07-13,Standard Class,Consumer,East,Office Supplies,Supplies,Boston,7,0.2,404.52,41.82
2018-07-13,Standard Class,Corporate,South,Office Supplies,Supplies,Nashville,8,0.0,365.17,38.74
2018-07-13,Standard Class,Consumer,Central,Office Supplies,Labels,Dallas,2,0.05,448.13,65.85
2018-07-13,Standard Class,Corporate,East,Office Supplies,Paper,Columbus,6,0.15,234.19,24.59
2018-07-14,First Class,Corporate,Central,Technology,Phones,Minneapolis,7,0.15,1115.87,212.72
2018-07-14,First Class,Corporate,Central,Office Supplies,Paper,Minneapolis,3,0.05,75.03,7.07
2018-07-14,First Class,Consumer,Central,Furniture,Tables,Minneapolis,4,0.1,587.28,54.62
2018-07-14,Second Class,Consumer,West,Office Supplies,Envelopes,San Francisco,1,0.1,48.32,8.34
2018-07-15,Standard Class,Home Office,Central,Office Supplies,Labels,Minneapolis,7,0.15,713.6,89.45
2018-07-15,Standard Class,Home Office,Central,Office Supplies,Storage,Dallas,9,0.15,542.22,48.58
2018-07-15,Standard Class,Home Office,East,Technology,Accessories,Boston,9,0.15,2243.62,85.27
2018-07-15,Second Class,Consumer,Central,Office Supplies,Paper,Minneapolis,7,0.05,257.09,16.68
2018-07-16,Standard Class,Consumer,West,Office Supplies,Paper,Denver,3,0.15,153.29,22.04
2018-07-16,Standard Class,Consumer,Central,Furniture,Tables,Dallas,9,0.0,2522.59,56.53
2018-07-16,First Class,Corporate,East,Office Supplies,Storage,Columbus,1,0.05,22.0,2.94
2018-07-16,Standard Class,Home Office,East,Office Supplies,Fasteners,Philadelphia,1,0.05,39.93,6.88
2018-07-16,Second Class,Corporate,West,Office Supplies,Art,San Francisco,7,0.1,610.72,28.69
2018-07-16,First Class,Consumer,West,Office Supplies,Paper,Denver,5,0.2,385.3,17.72
2018-07-16,Standard Class,Home Office,Central,Technology,Accessories,Dallas,4,0.0,728.61,130.25
2018-07-16,Standard Class,Corporate,West,Office Supplies,Paper,San Francisco,7,0.15,471.19,71.03
2018-07-16,Standard Class,Consumer,West,Furniture,Furnishings,Seattle,5,0.1,1504.92,87.16
2018-07-17,Second Class,Corporate,West,Furniture,Bookcases,Los Angeles,8,0.2,2660.73,133.5
2018-07-17,Standard Class,Consumer,West,Furniture,Bookcases,Seattle,7,0.4,454.48,-72.44
2018-07-17,First Class,Home Office,Central,Office Supplies,Labels,Minneapolis,8,0.0,284.32,61.94
2018-07-17,Standard Class,Consumer,West,Technology,Machines,Seattle,4,0.05,1002.14,177.5
2018-07-17,Standard Class,Consumer,South,Office Supplies,Appliances,Miami,7,0.0,640.33,182.97
2018-07-18,Same Day,Consumer,East,Office Supplies,Labels,New York City,7,0.2,401.66,-7.79
2018-07-18,Standard Class,Home Office,South,Furniture,Chairs,Nashville,8,0.1,1218.56,-14.57
2018-07-18,Standard Class,Consumer,East,Office Supplies,Paper,Philadelphia,7,0.0,292.43,47.3
2018-07-19,Standard Class,Consumer,South,Technology,Phones,Nashville,8,0.05,1346.16,331.37
2018-07-19,First Class,Corporate,South,Office Supplies,Storage,Miami,3,0.15,144.96,12.92
2018-07-20,Second Class,Corporate,East,Office Supplies,Art,New York City,1,0.4,35.79,-6.19
2018-07-20,Same Day,Corporate,West,Technology,Accessories,San Francisco,2,0.2,577.27,50.02
2018-07-20,Standard Class,Home Office,West,Office Supplies,Fasteners,San Francisco,1,0.4,78.37,-0.83
2018-07-20,Standard Class,Corporate,East,Office Supplies,Labels,Columbus,5,0.0,275.04,41.25
2018-07-20,Standard Class,Corporate,West,Office Supplies,Binders,Denver,6,0.1,232.94,35.71
2018-07-20,Standard Class,Corporate,West,Office Supplies,Appliances,Los Angeles,9,0.15,225.93,31.69
2018-07-20,Standard Class,Consumer,South,Office Supplies,Paper,Nashville,4,0.15,71.99,0.24
2018-07-20,Standard Class,Consumer,West,Office Supplies,Art,Denver,7,0.0,507.76,80.29
2018-07-20,Standard Class,Home Office,East,Office Supplies,Storage,Columbus,5,0.05,129.66,16.54
2018-07-20,Standard Class,Corporate,Central,Office Supplies,Fasteners,Houston,1,0.2,65.08,-3.14
2018-07-21,Standard Class,Consumer,Central,Office Supplies,Envelopes,Minneapolis,7,0.0,410.39,80.42
2018-07-21,Standard Class,Corporate,West,Technology,Copiers,Denver,8,0.1,1127.27,188.58
2018-07-21,Standard Class,Corporate,Central,Office Supplies,Envelopes,Dallas,9,0.15,201.06,28.48
2018-07-21,Standard Class,Consumer,West,Office Supplies,Paper,Los Angeles,3,0.0,353.22,63.09
2018-07-21,Standard Class,Corporate,East,Furniture,Chairs,New York City,5,0.3,262.16,-18.93
2018-07-22,First Class,Home Office,South,Office Supplies,Supplies,Atlanta,8,0.0,238.31,50.89
2018-07-22,First Class,Corporate,South,Technology,Phones,Nashville,7,0.2,3110.14,342.16
2018-07-22,Standard Class,Consumer,West,Technology,Machines,Seattle,3,0.1,663.94,126.86
2018-07-23,Standard Class,Home Office,Central,Office Supplies,Labels,Minneapolis,1,0.1,58.89,0.83
2018-07-23,Standard Class,Consumer,East,Office Supplies,Binders,New York City,6,0.15,84.34,0.38
2018-07-23,First Class,Consumer,South,Office Supplies,Envelopes,Miami,6,0.0,140.98,26.37
2018-07-23,Second Class,Home Office,East,Office Supplies,Art,Boston,3,0.1,292.58,46.54
2018-07-24,Standard Class,Corporate,East,Furniture,Furnishings,New York City,6,0.1,2516.59,-291.91
2018-07-24,First Class,Consumer,East,Office Supplies,Supplies,Philadelphia,9,0.2,627.11,61.19
2018-07-24,First Class,Corporate,South,Office Supplies,Appliances,Nashville,7,0.0,161.62,35.06
2018-07-24,Standard Class,Home Office,West,Office Supplies,Appliances,Los Angeles,5,0.2,146.26,11.53
2018-07-24,Standard Class,Home Office,West,Furniture,Furnishings,Denver,6,0.15,1075.96,-39.05
2018-07-24,First Class,Consumer,West,Office Supplies,Fasteners,San Francisco,1,0.0,54.71,5.95
2018-07-24,Standard Class,Corporate,South,Office Supplies,Envelopes,Miami,1,0.15,44.94,5.65
2018-07-24,Standard Class,Consumer,Central,Office Supplies,Labels,Chicago,8,0.2,258.9,21.32
2018-07-25,Standard Class,Corporate,South,Office Supplies,Supplies,Miami,8,0.0,564.25,104.87
2018-07-25,Standard Class,Corporate,West,Office Supplies,Binders,Seattle,5,0.2,85.41,5.32
2018-07-25,Standard Class,Corporate,West,Office Supplies,Appliances,Seattle,1,0.05,50.49,5.74
2018-07-25,Standard Class,Corporate,West,Office Supplies,Paper,Denver,6,0.2,251.24,-29.98
2018-07-25,First Class,Corporate,West,Furniture,Bookcases,San Francisco,8,0.0,954.12,-7.33
2018-07-25,Standard Class,Consumer,West,Office Supplies,Supplies,Seattle,4,0.0,150.4,11.77
2018-07-25,Second Class,Home Office,East,Office Supplies,Labels,Columbus,6,0.1,464.73,4.87
2018-07-25,Second Class,Home Office,West,Office Supplies,Envelopes,Los Angeles,8,0.15,883.76,89.74
2018-07-25,Standard Class,Home Office,Central,Office Supplies,Supplies,Chicago,6,0.2,394.84,16.08
2018-07-25,Second Class,Consumer,East,Office Supplies,Storage,Philadelphia,6,0.2,158.83,-0.88
2018-07-25,Standard Class,Consumer,East,Office Supplies,Fasteners,Boston,7,0.15,466.68,33.21
2018-07-26,Standard Class,Corporate,South,Office Supplies,Fasteners,Atlanta,2,0.0,83.85,16.68
2018-07-26,Standard Class,Home Office,East,Furniture,Furnishings,Boston,5,0.05,1036.17,27.54
2018-07-26,Second Class,Consumer,East,Office Supplies,Art,Columbus,4,0.2,296.07,-11.45
2018-07-26,Standard Class,Home Office,East,Office Supplies,Art,New York City,6,0.2,192.49,12.49
2018-07-26,Standard Class,Consumer,Central,Furniture,Furnishings,Minneapolis,8,0.0,2251.46,290.81
2018-07-26,Standard Class,Home Office,South,Furniture,Tables,Charlotte,2,0.0,463.76,36.97
2018-07-26,Second Class,Corporate,South,Office Supplies,Paper,Atlanta,2,0.2,133.12,6.21
2018-07-26,Standard Class,Consumer,South,Technology,Phones,Miami,9,0.2,794.24,106.48
2018-07-26,Standard Class,Home Office,East,Technology,Phones,Boston,5,0.2,668.37,36.22
2018-07-27,Standard Class,Consumer,West,Office Supplies,Paper,Los Angeles,1,0.0,141.63,39.25
2018-07-27,Standard Class,Home Office,Central,Office Supplies,Supplies,Dallas,7,0.0,450.6,108.69
2018-07-27,Second Class,Corporate,South,Office Supplies,Storage,Charlotte,6,0.15,241.42,20.8
2018-07-27,Same Day,Consumer,East,Technology,Machines,Columbus,7,0.4,686.48,-16.21
2018-07-28,Standard Class,Corporate,East,Office Supplies,Labels,New York City,4,0.2,289.84,32.75
2018-07-29,Standard Class,Consumer,South,Office Supplies,Supplies,Charlotte,7,0.0,439.2,67.74
2018-07-29,Standard Class,Home Office,Central,Office Supplies,Art,Chicago,6,0.2,346.58,13.94
2018-07-29,Standard Class,Consumer,East,Office Supplies,Binders,Columbus,4,0.15,112.46,3.22
2018-07-29,First Class,Corporate,West,Office Supplies,Storage,San Francisco,2,0.3,43.03,-2.87
2018-07-29,Same Day,Consumer,Central,Office Supplies,Labels,Dallas,2,0.2,102.12,6.51
2018-07-30,Standard Class,Consumer,West,Furniture,Chairs,Los Angeles,9,0.0,1233.48,134.7
2018-07-30,Standard Class,Corporate,Central,Office Supplies,Art,Dallas,1,0.05,57.63,10.81
2018-07-30,Standard Class,Consumer,South,Office Supplies,Labels,Miami,1,0.4,43.53,-2.82
2018-07-30,Standard Class,Consumer,East,Office Supplies,Art,Philadelphia,8,0.2,207.32,9.67
2018-07-30,Standard Class,Home Office,East,Office Supplies,Appliances,Boston,6,0.0,928.44,149.05
2018-07-30,First Class,Consumer,East,Technology,Accessories,Philadelphia,3,0.0,570.48,127.63
2018-07-30,Standard Class,Corporate,East,Furniture,Bookcases,Columbus,3,0.2,470.15,16.08
2018-07-31,Standard Class,Consumer,West,Office Supplies,Supplies,Seattle,7,0.3,312.18,26.42
2018-07-31,First Class,Corporate,West,Office Supplies,Binders,Los Angeles,4,0.0,278.97,16.8
2018-07-31,Standard Class,Consumer,South,Technology,Machines,Miami,6,0.2,752.28,90.18
2018-07-31,Standard Class,Corporate,Central,Office Supplies,Art,Chicago,1,0.0,35.07,4.58
2018-07-31,Standard Class,Corporate,East,Technology,Phones,Columbus,9,0.15,2309.8,514.18
2018-07-31,Standard Class,Consumer,Central,Office Supplies,Appliances,Chicago,4,0.2,121.42,1.98
2018-07-31,Second Class,Consumer,East,Office Supplies,Storage,Columbus,5,0.15,213.28,21.21
2018-07-31,Second Class,Consumer,East,Office Supplies,Binders,Columbus,4,0.05,165.47,25.59
2018-08-01,First Class,Corporate,Central,Furniture,Bookcases,Minneapolis,7,0.15,1659.97,64.52
2018-08-01,Standard Class,Corporate,West,Office Supplies,Appliances,Los Angeles,1,0.05,25.15,3.38
2018-08-01,Standard Class,Corporate,East,Technology,Phones,Philadelphia,5,0.0,976.48,195.53
2018-08-01,Standard Class,Corporate,West,Furniture,Furnishings,Seattle,2,0.1,666.08,61.69
2018-08-02,Second Class,Consumer,West,Office Supplies,Labels,Denver,7,0.0,88.15,0.03
2018-08-02,Second Class,Corporate,Central,Technology,Accessories,Houston,6,0.0,1545.32,343.17
2018-08-02,Standard Class,Corporate,South,Office Supplies,Appliances,Miami,7,0.2,1281.1,104.33
2018-08-03,Standard Class,Corporate,Central,Office Supplies,Paper,Houston,2,0.3,124.61,-3.2
2018-08-03,Second Class,Home Office,South,Office Supplies,Supplies,Nashville,6,0.15,166.45,10.65
2018-08-03,Standard Class,Consumer,East,Office Supplies,Appliances,Philadelphia,9,0.0,511.4,64.56
2018-08-03,First Class,Corporate,East,Office Supplies,Art,Boston,6,0.2,111.93,23.23
2018-08-03,Same Day,Consumer,Central,Office Supplies,Labels,Dallas,8,0.05,713.55,46.03
2018-08-03,Standard Class,Consumer,West,Technology,Machines,Seattle,2,0.1,263.93,21.25
2018-08-04,First Class,Consumer,East,Office Supplies,Envelopes,Philadelphia,5,0.0,294.68,59.16
2018-08-04,Standard Class,Consumer,Central,Office Supplies,Fasteners,Chicago,9,0.3,197.89,-10.85
2018-08-04,Standard Class,Consumer,South,Office Supplies,Appliances,Charlotte,7,0.3,272.09,-27.48
2018-08-04,Second Class,Consumer,South,Office Supplies,Paper,Nashville,9,0.15,254.19,14.84
2018-08-04,Standard Class,Consumer,East,Office Supplies,Appliances,Boston,2,0.1,102.14,15.54
2018-08-04,Same Day,Corporate,West,Office Supplies,Envelopes,Seattle,2,0.0,178.48,20.04
2018-08-04,Second Class,Consumer,East,Office Supplies,Paper,New York City,1,0.2,80.16,1.92
2018-08-04,Standard Class,Corporate,South,Office Supplies,Storage,Miami,9,0.2,340.52,30.83
2018-08-04,Standard Class,Corporate,East,Office Supplies,Supplies,Boston,7,0.0,361.4,71.35
2018-08-04,First Class,Consumer,East,Technology,Phones,Philadelphia,9,0.15,1004.53,91.8
2018-08-04,First Class,Consumer,Central,Office Supplies,Labels,Dallas,4,0.0,450.33,74.22
2018-08-04,Standard Class,Consumer,West,Office Supplies,Art,Seattle,5,0.15,379.57,38.12
2018-08-05,Standard Class,Home Office,East,Office Supplies,Art,Boston,1,0.15,58.35,0.14
2018-08-05,First Class,Consumer,West,Office Supplies,Paper,San Francisco,5,0.1,152.7,19.2
2018-08-05,Standard Class,Home Office,South,Furniture,Chairs,Miami,9,0.2,1830.67,-215.97
2018-08-05,Standard Class,Consumer,East,Technology,Accessories,New York City,1,0.2,158.16,13.33
2018-08-05,Standard Class,Home Office,West,Office Supplies,Fasteners,Los Angeles,6,0.0,434.4,114.59
2018-08-05,First Class,Corporate,West,Technology,Machines,Los Angeles,2,0.2,419.28,94.81
2018-08-05,Standard Class,Consumer,Central,Office Supplies,Art,Chicago,3,0.0,124.42,23.49
2018-08-05,Standard Class,Consumer,East,Furniture,Tables,New York City,2,0.1,165.12,4.72
2018-08-05,Second Class,Consumer,South,Office Supplies,Labels,Nashville,6,0.1,266.98,32.11
2018-08-06,First Class,Consumer,East,Office Supplies,Supplies,Philadelphia,2,0.0,122.3,17.56
2018-08-06,Standard Class,Consumer,East,Furniture,Chairs,Columbus,4,0.0,579.52,76.98
2018-08-06,Standard Class,Consumer,East,Office Supplies,Storage,Philadelphia,1,0.0,27.52,6.04
2018-08-06,Standard Class,Consumer,South,Technology,Phones,Miami,4,0.1,978.47,150.09
2018-08-06,Standard Class,Corporate,Central,Technology,Phones,Minneapolis,9,0.15,2497.03,364.09
2018-08-07,First Class,Consumer,East,Office Supplies,Fasteners,New York City,8,0.1,268.36,24.67
2018-08-07,Standard Class,Consumer,South,Technology,Machines,Charlotte,9,0.2,1112.21,223.77
2018-08-07,First Class,Corporate,Central,Technology,Machines,Dallas,6,0.0,669.58,81.45
2018-08-07,Standard Class,Corporate,West,Office Supplies,Fasteners,Denver,8,0.0,437.09,66.86
2018-08-07,Second Class,Home Office,West,Office Supplies,Storage,Los Angeles,4,0.1,161.0,27.18
2018-08-07,Standard Class,Consumer,West,Office Supplies,Supplies,Los Angeles,4,0.0,341.1,40.27
2018-08-08,Standard Class,Consumer,West,Office Supplies,Labels,Denver,4,0.2,109.39,20.67
2018-08-08,Second Class,Consumer,West,Office Supplies,Paper,San Francisco,9,0.05,934.26,140.38
2018-08-08,Second Class,Corporate,Central,Office Supplies,Supplies,Minneapolis,9,0.05,638.1,78.95
2018-08-08,Standard Class,Corporate,South,Furniture,Bookcases,Miami,9,0.2,481.33,-10.49
2018-08-08,Standard Class,Home Office,East,Office Supplies,Fasteners,Philadelphia,7,0.3,112.96,-3.46
2018-08-08,Standard Class,Consumer,West,Office Supplies,Envelopes,Seattle,5,0.1,125.23,27.33
2018-08-08,Standard Class,Consumer,East,Office Supplies,Storage,Columbus,1,0.05,19.87,2.61
2018-08-09,Standard Class,Consumer,East,Technology,Accessories,Boston,1,0.15,172.81,39.85
2018-08-09,Standard Class,Home Office,South,Office Supplies,Fasteners,Miami,6,0.15,337.27,52.17
2018-08-09,Standard Class,Corporate,East,Office Supplies,Envelopes,Columbus,5,0.15,126.87,8.96
2018-08-09,Standard Class,Consumer,South,Office Supplies,Paper,Atlanta,8,0.05,458.41,93.34
2018-08-10,Standard Class,Consumer,East,Office Supplies,Appliances,Philadelphia,2,0.15,48.77,6.24
2018-08-10,Standard Class,Corporate,South,Furniture,Bookcases,Miami,9,0.05,5460.07,-24.52
2018-08-10,Standard Class,Home Office,West,Furniture,Tables,San Francisco,8,0.15,3220.17,9.31
2018-08-10,Standard Class,Corporate,South,Office Supplies,Supplies,Atlanta,5,0.0,535.13,105.87
2018-08-10,Standard Class,Consumer,West,Furniture,Tables,Seattle,8,0.05,2533.16,-105.05
2018-08-10,Standard Class,Home Office,Central,Furniture,Chairs,Minneapolis,6,0.15,921.01,-1.22
2018-08-11,Standard Class,Corporate,West,Technology,Phones,Seattle,4,0.0,1415.0,158.35
2018-08-11,First Class,Corporate,East,Furniture,Furnishings,New York City,9,0.4,638.47,-49.47
2018-08-11,Standard Class,Consumer,West,Office Supplies,Fasteners,Los Angeles,5,0.3,245.04,2.65
2018-08-11,First Class,Consumer,West,Office Supplies,Storage,Seattle,7,0.2,213.71,24.12
2018-08-11,Standard Class,Consumer,West,Technology,Copiers,Seattle,6,0.3,2688.65,104.29
2018-08-11,Second Class,Consumer,South,Office Supplies,Supplies,Nashville,6,0.3,616.78,9.42
2018-08-11,Standard Class,Corporate,Central,Furniture,Tables,Dallas,6,0.0,774.93,68.94
2018-08-11,Same Day,Consumer,East,Office Supplies,Envelopes,Boston,8,0.0,297.06,54.57
2018-08-12,Standard Class,Corporate,East,Furniture,Tables,New York City,2,0.0,585.7,2.79
2018-08-12,Standard Class,Consumer,Central,Furniture,Tables,Chicago,8,0.0,4801.45,553.48
2018-08-12,Standard Class,Home Office,East,Furniture,Chairs,Boston,9,0.0,957.18,10.18
2018-08-12,Standard Class,Home Office,East,Technology,Phones,Boston,6,0.1,483.88,68.39
2018-08-13,Standard Class,Corporate,Central,Office Supplies,Paper,Dallas,7,0.0,659.71,105.38
2018-08-13,Standard Class,Corporate,West,Technology,Machines,San Francisco,4,0.2,1084.31,127.29
2018-08-13,Standard Class,Corporate,East,Office Supplies,Paper,Columbus,5,0.0,150.57,26.04
2018-08-13,First Class,Corporate,Central,Office Supplies,Fasteners,Dallas,1,0.2,24.46,1.86
2018-08-13,Standard Class,Corporate,East,Office Supplies,Fasteners,New York City,1,0.3,31.01,0.28
2018-08-14,Standard Class,Corporate,West,Furniture,Bookcases,Los Angeles,9,0.05,1296.3,43.19
2018-08-14,Second Class,Consumer,East,Technology,Machines,Philadelphia,9,0.2,2604.4,187.89
2018-08-14,Standard Class,Consumer,West,Furniture,Furnishings,Seattle,9,0.2,662.13,-32.96
2018-08-14,First Class,Home Office,East,Office Supplies,Envelopes,Boston,5,0.15,218.57,28.5
2018-08-15,Standard Class,Consumer,East,Office Supplies,Labels,Columbus,6,0.2,435.19,11.22
2018-08-15,Standard Class,Consumer,West,Office Supplies,Paper,San Francisco,1,0.0,69.35,17.06
2018-08-15,Second Class,Consumer,Central,Furniture,Bookcases,Chicago,3,0.05,292.03,24.94
2018-08-15,Same Day,Corporate,West,Office Supplies,Storage,Denver,8,0.0,816.23,149.87
2018-08-15,Standard Class,Consumer,West,Office Supplies,Paper,Seattle,2,0.0,56.93,12.79
2018-08-15,Standard Class,Home Office,West,Office Supplies,Appliances,Denver,4,0.1,149.07,21.84
2018-08-15,Standard Class,Corporate,Central,Office Supplies,Supplies,Chicago,2,0.1,139.56,24.87
2018-08-16,Second Class,Consumer,Central,Office Supplies,Paper,Dallas,9,0.1,448.74,18.88
2018-08-16,Standard Class,Consumer,West,Office Supplies,Binders,Seattle,4,0.0,173.88,44.86
2018-08-16,Second Class,Consumer,East,Furniture,Furnishings,Boston,2,0.0,322.31,45.67
2018-08-16,Standard Class,Consumer,Central,Technology,Accessories,Houston,8,0.4,823.01,-65.3
2018-08-16,First Class,Consumer,East,Furniture,Tables,Columbus,9,0.0,993.25,74.76
2018-08-16,First Class,Corporate,East,Office Supplies,Labels,New York City,6,0.2,294.03,6.02
2018-08-16,Same Day,Consumer,Central,Office Supplies,Art,Minneapolis,8,0.05,352.06,58.94
2018-08-17,Standard Class,Consumer,West,Office Supplies,Paper,Denver,4,0.1,205.55,26.1
2018-08-17,First Class,Home Office,West,Office Supplies,Art,Los Angeles,7,0.05,163.12,37.22
2018-08-17,Standard Class,Home Office,East,Office Supplies,Art,New York City,5,0.4,357.62,-20.68
2018-08-17,First Class,Corporate,Central,Office Supplies,Labels,Houston,8,0.1,217.6,55.56
2018-08-17,Standard Class,Home Office,Central,Office Supplies,Binders,Dallas,7,0.15,348.24,78.98
2018-08-17,Standard Class,Corporate,West,Office Supplies,Envelopes,Los Angeles,8,0.1,258.06,0.25
2018-08-18,Standard Class,Corporate,East,Office Supplies,Appliances,Boston,5,0.1,206.08,5.95
2018-08-18,Standard Class,Consumer,West,Office Supplies,Envelopes,Los Angeles,8,0.15,466.95,51.63
2018-08-18,Second Class,Corporate,South,Office Supplies,Storage,Miami,5,0.0,300.12,55.72
2018-08-18,Standard Class,Consumer,East,Office Supplies,Paper,Columbus,1,0.1,55.16,13.52
2018-08-18,Standard Class,Consumer,East,Technology,Phones,Philadelphia,3,0.2,932.93,-126.85
2018-08-18,Standard Class,Home Office,South,Office Supplies,Storage,Atlanta,2,0.1,216.29,-2.85
2018-08-18,Second Class,Consumer,Central,Office Supplies,Fasteners,Dallas,4,0.0,224.43,34.27
2018-08-18,Standard Class,Corporate,West,Office Supplies,Storage,Los Angeles,6,0.0,416.19,66.46
2018-08-19,Standard Class,Corporate,South,Technology,Machines,Nashville,6,0.3,1560.01,182.73
2018-08-19,Standard Class,Consumer,East,Furniture,Furnishings,Columbus,8,0.05,1079.47,43.35
2018-08-19,Second Class,Corporate,East,Office Supplies,Binders,New York City,6,0.2,202.86,7.15
2018-08-20,Second Class,Corporate,West,Furniture,Chairs,San Francisco,9,0.3,529.97,-38.14
2018-08-20,Standard Class,Corporate,West,Furniture,Chairs,Denver,1,0.05,218.86,-2.46
2018-08-20,Standard Class,Home Office,East,Technology,Phones,Columbus,2,0.05,1036.71,220.66
2018-08-20,Standard Class,Corporate,South,Technology,Copiers,Charlotte,6,0.0,2101.96,487.68
2018-08-20,First Class,Consumer,West,Office Supplies,Paper,Denver,2,0.15,91.41,-0.98
2018-08-20,Standard Class,Corporate,West,Technology,Accessories,Seattle,1,0.0,181.19,38.39
2018-08-20,First Class,Consumer,Central,Furniture,Bookcases,Dallas,8,0.0,989.15,74.99
2018-08-20,Second Class,Consumer,Central,Office Supplies,Fasteners,Minneapolis,8,0.1,475.52,48.59
2018-08-21,First Class,Corporate,East,Office Supplies,Paper,Boston,9,0.0,258.23,21.7
2018-08-21,Standard Class,Corporate,Central,Technology,Copiers,Houston,3,0.1,975.85,218.61
2018-08-22,Standard Class,Consumer,East,Technology,Machines,Philadelphia,2,0.4,242.37,8.74
2018-08-22,First Class,Consumer,West,Office Supplies,Storage,Denver,1,0.2,36.13,2.48
2018-08-22,Standard Class,Consumer,South,Office Supplies,Labels,Miami,7,0.2,133.55,28.51
2018-08-22,Standard Class,Corporate,Central,Office Supplies,Fasteners,Chicago,9,0.0,335.3,63.01
2018-08-22,Standard Class,Consumer,West,Technology,Machines,Denver,6,0.2,1406.31,131.44
2018-08-22,Standard Class,Consumer,East,Office Supplies,Art,New York City,4,0.2,154.53,14.73
2018-08-22,Standard Class,Corporate,East,Office Supplies,Storage,Boston,6,0.2,336.18,7.91
2018-08-23,Standard Class,Consumer,West,Office Supplies,Art,Seattle,2,0.0,86.79,8.58
2018-08-23,Second Class,Consumer,South,Office Supplies,Labels,Charlotte,1,0.05,46.14,3.2
2018-08-23,Second Class,Consumer,Central,Office Supplies,Envelopes,Dallas,3,0.3,66.88,-9.77
2018-08-23,Standard Class,Consumer,East,Office Supplies,Art,New York City,7,0.15,137.53,4.84
2018-08-23,Standard Class,Home Office,South,Furniture,Chairs,Nashville,5,0.15,1382.44,-14.68
2018-08-23,Standard Class,Home Office,West,Technology,Machines,San Francisco,6,0.15,2325.96,64.97
2018-08-24,Standard Class,Corporate,East,Technology,Machines,Boston,7,0.0,2621.03,531.88
2018-08-24,Second Class,Consumer,West,Office Supplies,Supplies,Los Angeles,1,0.15,51.46,5.45
2018-08-24,Second Class,Consumer,West,Office Supplies,Art,Seattle,7,0.3,435.64,-6.97
2018-08-24,Standard Class,Home Office,West,Technology,Copiers,Denver,6,0.0,1162.66,281.82
2018-08-24,Standard Class,Consumer,South,Office Supplies,Supplies,Nashville,9,0.1,263.02,48.44
2018-08-24,Same Day,Corporate,South,Office Supplies,Binders,Nashville,7,0.05,289.82,18.79
2018-08-24,Standard Class,Home Office,East,Furniture,Chairs,Columbus,2,0.3,282.86,-32.96
2018-08-24,Second Class,Consumer,East,Office Supplies,Supplies,Philadelphia,1,0.2,23.81,1.39
2018-08-24,Standard Class,Consumer,West,Office Supplies,Labels,Los Angeles,4,0.3,75.8,0.4
2018-08-24,Standard Class,Consumer,Central,Office Supplies,Storage,Dallas,6,0.2,202.43,19.59
2018-08-24,Standard Class,Consumer,West,Technology,Accessories,Seattle,5,0.1,981.81,229.79
2018-08-25,Standard Class,Corporate,West,Technology,Accessories,San Francisco,4,0.15,258.25,16.48
2018-08-25,Standard Class,Consumer,West,Office Supplies,Storage,Los Angeles,8,0.2,833.74,80.88
2018-08-25,Same Day,Corporate,East,Furniture,Tables,Boston,9,0.3,4202.11,-192.6
2018-08-25,First Class,Consumer,Central,Office Supplies,Fasteners,Dallas,8,0.1,631.86,70.59
2018-08-25,Second Class,Corporate,West,Technology,Accessories,San Francisco,9,0.2,3082.2,-113.61
2018-08-25,Second Class,Corporate,Central,Office Supplies,Art,Dallas,5,0.0,224.6,51.97
2018-08-25,First Class,Consumer,East,Technology,Accessories,Columbus,6,0.3,774.13,-24.06
2018-08-25,Standard Class,Consumer,Central,Furniture,Tables,Dallas,2,0.2,499.56,-43.37
2018-08-26,Standard Class,Consumer,West,Office Supplies,Storage,San Francisco,3,0.0,145.34,23.62
2018-08-26,Standard Class,Consumer,East,Furniture,Tables,New York City,4,0.1,741.29,13.57
2018-08-26,Standard Class,Consumer,East,Technology,Copiers,Columbus,3,0.4,800.89,18.86
2018-08-26,Standard Class,Corporate,West,Technology,Copiers,San Francisco,3,0.2,1522.87,214.69
2018-08-26,Standard Class,Corporate,West,Office Supplies,Storage,Los Angeles,2,0.3,82.9,5.74
2018-08-26,Standard Class,Corporate,South,Office Supplies,Envelopes,Charlotte,9,0.2,116.16,9.13
2018-08-26,Standard Class,Consumer,East,Technology,Copiers,New York City,1,0.3,115.83,-1.6
2018-08-26,Standard Class,Home Office,East,Office Supplies,Appliances,New York City,7,0.2,250.2,0.7
2018-08-26,Standard Class,Consumer,South,Office Supplies,Envelopes,Nashville,5,0.2,115.88,-1.9
2018-08-27,Standard Class,Corporate,South,Furniture,Furnishings,Miami,4,0.2,681.89,-4.5
2018-08-27,Standard Class,Consumer,East,Furniture,Chairs,New York City,9,0.15,699.89,-19.14
2018-08-27,Same Day,Consumer,South,Office Supplies,Art,Atlanta,4,0.0,85.36,14.25
2018-08-27,Second Class,Corporate,Central,Furniture,Tables,Houston,2,0.2,491.07,-12.39
2018-08-27,Standard Class,Corporate,Central,Office Supplies,Storage,Dallas,9,0.0,916.15,140.87
2018-08-27,Standard Class,Corporate,East,Furniture,Furnishings,Boston,1,0.3,123.79,-21.53
2018-08-28,Standard Class,Consumer,East,Office Supplies,Supplies,New York City,7,0.2,208.24,9.79
2018-08-28,Same Day,Home Office,East,Office Supplies,Labels,New York City,3,0.0,252.13,29.67
2018-08-28,Second Class,Corporate,Central,Office Supplies,Supplies,Dallas,1,0.15,73.28,19.79
2018-08-28,Second Class,Corporate,South,Technology,Machines,Miami,7,0.0,545.54,104.59
2018-08-28,Standard Class,Consumer,Central,Office Supplies,Envelopes,Minneapolis,6,0.0,172.83,27.68
2018-08-28,Second Class,Consumer,East,Technology,Machines,New York City,1,0.05,210.52,36.58
2018-08-28,Standard Class,Consumer,Central,Office Supplies,Fasteners,Dallas,2,0.1,45.5,0.9
2018-08-28,Second Class,Home Office,South,Office Supplies,Storage,Atlanta,4,0.2,174.39,12.18
2018-08-29,Standard Class,Home Office,East,Office Supplies,Supplies,Boston,1,0.15,22.53,4.61
2018-08-29,Second Class,Consumer,South,Office Supplies,Binders,Nashville,8,0.2,364.18,21.74
2018-08-29,Standard Class,Consumer,Central,Technology,Copiers,Chicago,3,0.1,686.66,81.05
2018-08-29,Standard Class,Consumer,East,Office Supplies,Labels,Boston,2,0.2,78.58,14.7
2018-08-29,Standard Class,Consumer,South,Office Supplies,Supplies,Charlotte,3,0.0,296.78,50.6
2018-08-29,Standard Class,Consumer,East,Furniture,Furnishings,Columbus,5,0.1,839.45,52.33
2018-08-29,Standard Class,Corporate,Central,Office Supplies,Storage,Dallas,2,0.1,198.07,34.13
2018-08-29,Standard Class,Home Office,South,Office Supplies,Binders,Atlanta,1,0.4,68.99,-4.31
2018-08-29,Standard Class,Corporate,Central,Furniture,Furnishings,Houston,3,0.3,482.2,-69.4
2018-08-30,Same Day,Home Office,East,Furniture,Tables,Philadelphia,9,0.3,799.52,-50.51
2018-08-30,Standard Class,Corporate,West,Office Supplies,Paper,Los Angeles,2,0.15,201.34,12.94
2018-08-30,Second Class,Consumer,West,Furniture,Bookcases,Seattle,6,0.4,1188.99,-207.37
2018-08-30,Second Class,Corporate,West,Office Supplies,Supplies,Los Angeles,2,0.2,110.95,10.84
2018-08-30,Second Class,Home Office,South,Technology,Accessories,Charlotte,5,0.1,775.77,115.9
2018-08-30,Standard Class,Consumer,South,Furniture,Tables,Miami,4,0.0,596.41,44.29
2018-08-30,Second Class,Corporate,Central,Technology,Machines,Minneapolis,3,0.0,561.78,147.7
2018-08-30,First Class,Home Office,Central,Office Supplies,Supplies,Chicago,6,0.05,227.31,34.29
2018-08-30,Standard Class,Consumer,West,Office Supplies,Appliances,Denver,2,0.0,131.1,8.49
2018-08-30,Standard Class,Corporate,Central,Technology,Accessories,Houston,3,0.0,977.07,211.28
2018-08-30,Standard Class,Consumer,West,Technology,Phones,Denver,9,0.1,4009.2,315.38
2018-08-30,Standard Class,Corporate,South,Office Supplies,Binders,Miami,6,0.0,211.13,35.93
2018-08-30,Standard Class,Corporate,East,Office Supplies,Envelopes,Philadelphia,6,0.0,397.09,120.14
2018-08-31,Standard Class,Corporate,South,Office Supplies,Labels,Nashville,1,0.1,25.25,1.75
2018-08-31,Standard Class,Corporate,Central,Office Supplies,Paper,Houston,5,0.2,316.17,12.69
2018-08-31,Standard Class,Home Office,South,Technology,Machines,Nashville,4,0.15,692.61,135.31
2018-08-31,First Class,Corporate,West,Furniture,Chairs,Denver,5,0.0,744.0,51.71
2018-08-31,Standard Class,Home Office,West,Office Supplies,Art,Seattle,6,0.2,102.63,6.34
2018-08-31,First Class,Corporate,East,Furniture,Chairs,Columbus,1,0.05,127.54,-7.91
2018-08-31,Standard Class,Consumer,West,Furniture,Chairs,Denver,6,0.3,581.1,-88.98
2018-08-31,Second Class,Corporate,East,Office Supplies,Fasteners,Philadelphia,3,0.15,75.47,0.01
2018-08-31,Second Class,Home Office,South,Technology,Accessories,Charlotte,5,0.0,1152.94,276.68
2018-09-01,Standard Class,Consumer,West,Office Supplies,Supplies,San Francisco,4,0.15,235.04,21.96
2018-09-01,Second Class,Consumer,Central,Office Supplies,Labels,Dallas,1,0.0,37.12,7.49
2018-09-01,Standard Class,Corporate,West,Office Supplies,Fasteners,Seattle,1,0.1,68.16,4.41
2018-09-01,Same Day,Consumer,South,Furniture,Furnishings,Charlotte,8,0.2,1872.81,-184.24
2018-09-01,Standard Class,Consumer,East,Office Supplies,Storage,Philadelphia,1,0.1,87.49,0.97
2018-09-01,Standard Class,Consumer,West,Technology,Copiers,Los Angeles,8,0.0,1207.35,326.82
2018-09-01,Second Class,Corporate,Central,Technology,Copiers,Dallas,6,0.0,1010.21,196.64
2018-09-01,First Class,Consumer,East,Furniture,Tables,New York City,5,0.05,2385.17,205.04
2018-09-01,Second Class,Consumer,West,Office Supplies,Supplies,Los Angeles,9,0.0,734.34,140.17
2018-09-01,Standard Class,Corporate,Central,Office Supplies,Art,Minneapolis,9,0.0,1260.12,64.14
2018-09-01,Second Class,Corporate,East,Office Supplies,Storage,New York City,1,0.15,53.01,5.74
2018-09-02,Second Class,Corporate,Central,Furniture,Bookcases,Chicago,3,0.05,347.88,13.74
2018-09-02,Standard Class,Consumer,East,Furniture,Bookcases,Philadelphia,1,0.2,131.81,8.62
2018-09-02,Standard Class,Corporate,Central,Technology,Machines,Minneapolis,9,0.05,4290.48,850.61
2018-09-02,Same Day,Consumer,West,Technology,Copiers,Seattle,7,0.3,416.38,54.86
2018-09-02,Standard Class,Corporate,Central,Office Supplies,Supplies,Dallas,8,0.15,253.48,20.44
2018-09-02,Standard Class,Corporate,Central,Office Supplies,Supplies,Houston,1,0.15,82.61,4.7
2018-09-02,Standard Class,Corporate,East,Furniture,Tables,Columbus,8,0.15,291.3,17.27
2018-09-02,Standard Class,Home Office,East,Office Supplies,Art,Boston,7,0.2,342.32,15.56
2018-09-02,Standard Class,Consumer,West,Office Supplies,Paper,Seattle,7,0.3,388.68,-36.11
2018-09-02,Standard Class,Consumer,South,Office Supplies,Fasteners,Miami,8,0.0,223.59,53.13
2018-09-03,Second Class,Consumer,East,Office Supplies,Labels,New York City,5,0.3,216.03,-19.74
2018-09-03,Second Class,Home Office,West,Office Supplies,Paper,Denver,5,0.0,520.83,39.4
2018-09-03,Standard Class,Corporate,South,Technology,Copiers,Atlanta,9,0.4,1925.01,201.81
2018-09-03,First Class,Corporate,West,Office Supplies,Fasteners,Denver,1,0.0,77.69,10.11
2018-09-03,Standard Class,Consumer,East,Technology,Phones,Philadelphia,3,0.4,761.3,41.93
2018-09-04,Same Day,Corporate,South,Furniture,Bookcases,Atlanta,6,0.2,317.79,-19.68
2018-09-04,Standard Class,Consumer,South,Office Supplies,Binders,Charlotte,6,0.2,412.11,-33.46
2018-09-04,Same Day,Home Office,South,Office Supplies,Storage,Nashville,2,0.0,143.69,16.2
2018-09-04,First Class,Consumer,West,Office Supplies,Labels,San Francisco,1,0.15,55.31,1.63
2018-09-04,Standard Class,Consumer,East,Office Supplies,Paper,New York City,6,0.4,282.94,-30.65
2018-09-04,Same Day,Consumer,West,Furniture,Bookcases,San Francisco,7,0.2,901.91,46.55
2018-09-04,First Class,Consumer,South,Furniture,Furnishings,Nashville,2,0.15,477.44,11.72
2018-09-04,Standard Class,Consumer,South,Office Supplies,Binders,Miami,3,0.1,106.15,16.52
2018-09-04,Standard Class,Corporate,Central,Office Supplies,Labels,Chicago,9,0.05,494.66,30.49
2018-09-05,Standard Class,Corporate,West,Furniture,Furnishings,San Francisco,3,0.1,365.76,35.03
2018-09-05,Second Class,Consumer,Central,Furniture,Chairs,Dallas,1,0.0,157.59,-4.64
2018-09-05,Standard Class,Consumer,Central,Furniture,Furnishings,Minneapolis,1,0.0,128.8,-3.73
2018-09-05,Standard Class,Consumer,Central,Office Supplies,Supplies,Minneapolis,9,0.0,642.57,31.28
2018-09-05,Same Day,Home Office,Central,Furniture,Tables,Dallas,5,0.1,1823.87,140.98
2018-09-05,First Class,Consumer,Central,Furniture,Furnishings,Chicago,4,0.3,405.37,-27.21
2018-09-05,Second Class,Corporate,South,Office Supplies,Fasteners,Miami,6,0.1,344.07,21.73
2018-09-05,Standard Class,Home Office,Central,Furniture,Bookcases,Houston,6,0.0,555.7,25.43
2018-09-05,Standard Class,Consumer,West,Office Supplies,Labels,San Francisco,1,0.0,83.39,16.64
2018-09-06,First Class,Consumer,Central,Office Supplies,Appliances,Dallas,1,0.2,59.36,2.11
2018-09-06,Standard Class,Corporate,West,Office Supplies,Art,San Francisco,7,0.1,309.84,-14.79
2018-09-06,Second Class,Consumer,West,Furniture,Tables,San Francisco,5,0.15,1624.56,-33.56
2018-09-06,Standard Class,Consumer,West,Office Supplies,Binders,Los Angeles,3,0.1,66.18,6.85
2018-09-06,Standard Class,Corporate,East,Furniture,Chairs,Philadelphia,1,0.15,144.56,-13.02
2018-09-06,Standard Class,Consumer,West,Technology,Copiers,Seattle,4,0.0,1327.93,323.03
2018-09-07,Standard Class,Consumer,South,Office Supplies,Art,Atlanta,4,0.0,90.88,20.55
2018-09-07,Standard Class,Corporate,East,Technology,Copiers,Columbus,7,0.0,898.39,187.86
2018-09-07,First Class,Consumer,West,Office Supplies,Labels,Denver,8,0.2,226.92,-7.95
2018-09-07,Standard Class,Consumer,West,Furniture,Chairs,Denver,6,0.2,449.99,-22.95
2018-09-07,Standard Class,Home Office,East,Office Supplies,Paper,Columbus,7,0.15,224.14,31.67
2018-09-07,Standard Class,Consumer,East,Office Supplies,Fasteners,New York City,1,0.3,56.31,1.76
2018-09-08,Second Class,Corporate,West,Office Supplies,Art,Los Angeles,4,0.15,129.82,3.5
2018-09-08,Standard Class,Consumer,South,Office Supplies,Storage,Miami,6,0.0,122.98,29.17
2018-09-08,Standard Class,Corporate,West,Office Supplies,Supplies,San Francisco,7,0.05,331.51,44.84
2018-09-08,Standard Class,Consumer,South,Office Supplies,Paper,Charlotte,5,0.05,227.96,17.41
2018-09-08,Same Day,Home Office,West,Office Supplies,Paper,Denver,4,0.2,363.6,17.56
2018-09-08,Second Class,Home Office,East,Technology,Phones,Philadelphia,6,0.0,1118.95,245.33
2018-09-08,Second Class,Consumer,West,Furniture,Chairs,Los Angeles,6,0.2,363.41,-16.39
2018-09-09,Standard Class,Consumer,South,Furniture,Tables,Miami,5,0.0,346.83,32.12
2018-09-09,Standard Class,Consumer,East,Office Supplies,Labels,New York City,5,0.0,220.64,46.26
2018-09-09,Standard Class,Corporate,West,Office Supplies,Art,Denver,4,0.1,246.77,13.84
2018-09-10,Standard Class,Consumer,East,Technology,Accessories,Boston,4,0.2,846.94,81.18
2018-09-10,Second Class,Corporate,East,Furniture,Furnishings,New York City,6,0.0,280.36,30.16
2018-09-10,Second Class,Home Office,Central,Office Supplies,Art,Houston,1,0.0,22.83,2.35
2018-09-10,First Class,Consumer,West,Office Supplies,Supplies,Denver,2,0.4,44.92,-3.85
2018-09-10,Same Day,Corporate,Central,Technology,Accessories,Dallas,4,0.15,484.53,1.22
2018-09-10,First Class,Consumer,West,Technology,Machines,Los Angeles,2,0.4,150.68,1.85
2018-09-10,Second Class,Consumer,Central,Furniture,Bookcases,Minneapolis,1,0.0,176.96,15.6
2018-09-10,Standard Class,Consumer,West,Furniture,Chairs,Los Angeles,3,0.1,327.05,31.74
2018-09-10,First Class,Consumer,East,Office Supplies,Paper,Boston,9,0.2,313.8,13.82
2018-09-10,Standard Class,Home Office,West,Furniture,Furnishings,Denver,9,0.05,574.88,23.58
2018-09-10,Standard Class,Consumer,South,Office Supplies,Binders,Nashville,6,0.0,653.49,119.52
2018-09-10,Standard Class,Corporate,Central,Office Supplies,Binders,Dallas,7,0.2,252.08,13.39
2018-09-10,Standard Class,Consumer,South,Furniture,Furnishings,Charlotte,4,0.15,783.56,44.45
2018-09-10,Second Class,Home Office,West,Technology,Machines,Seattle,7,0.15,1653.11,325.3
2018-09-11,Same Day,Consumer,South,Office Supplies,Fasteners,Miami,8,0.0,528.02,74.44
2018-09-11,Standard Class,Consumer,East,Office Supplies,Art,New York City,3,0.2,139.83,6.56
2018-09-12,Standard Class,Home Office,South,Office Supplies,Art,Atlanta,9,0.1,383.32,65.07
2018-09-12,Second Class,Consumer,Central,Office Supplies,Envelopes,Dallas,5,0.1,83.38,13.11
2018-09-12,Standard Class,Home Office,East,Office Supplies,Paper,New York City,2,0.15,27.3,-0.83
2018-09-12,Same Day,Corporate,East,Furniture,Furnishings,Philadelphia,9,0.0,1848.49,121.03
2018-09-12,First Class,Home Office,South,Office Supplies,Art,Charlotte,1,0.15,42.94,3.86
2018-09-12,Second Class,Consumer,East,Office Supplies,Labels,New York City,3,0.15,157.95,4.89
2018-09-12,First Class,Home Office,Central,Furniture,Chairs,Chicago,6,0.0,1311.11,139.86
2018-09-13,Standard Class,Consumer,West,Office Supplies,Fasteners,Seattle,3,0.1,119.83,-0.28
2018-09-13,Standard Class,Corporate,East,Furniture,Chairs,Columbus,9,0.15,925.84,-44.11
2018-09-13,Second Class,Consumer,Central,Technology,Phones,Chicago,7,0.3,1823.73,106.98
2018-09-13,First Class,Home Office,West,Office Supplies,Envelopes,Denver,7,0.15,295.48,19.27
2018-09-13,Standard Class,Home Office,West,Office Supplies,Storage,Denver,4,0.0,483.55,32.81
2018-09-13,First Class,Corporate,Central,Office Supplies,Paper,Houston,1,0.15,45.4,0.68
2018-09-13,Standard Class,Corporate,East,Office Supplies,Labels,Boston,6,0.0,583.16,105.08
2018-09-13,Second Class,Consumer,East,Office Supplies,Supplies,Boston,3,0.05,49.61,8.44
2018-09-14,Standard Class,Corporate,Central,Office Supplies,Supplies,Chicago,9,0.0,590.26,115.0
2018-09-14,First Class,Corporate,Central,Office Supplies,Appliances,Minneapolis,3,0.3,216.97,-7.39
2018-09-14,Standard Class,Consumer,East,Office Supplies,Labels,,9,0.2,361.3,-15.7
2018-09-14,Standard Class,Consumer,West,Office Supplies,Paper,San Francisco,2,0.05,221.24,28.91
2018-09-14,Standard Class,Consumer,South,Office Supplies,Binders,Nashville,2,0.15,142.61,2.83
2018-09-14,Standard Class,Consumer,Central,Office Supplies,Fasteners,Chicago,7,0.1,648.01,105.5
2018-09-14,Standard Class,Consumer,South,Office Supplies,Paper,Miami,1,0.1,20.68,0.1
2018-09-15,First Class,Consumer,East,Furniture,Bookcases,New York City,2,0.0,889.59,32.43
2018-09-15,Second Class,Corporate,South,Office Supplies,Supplies,Nashville,8,0.1,304.86,29.29
2018-09-16,Standard Class,Consumer,West,Office Supplies,Envelopes,Los Angeles,7,0.05,419.96,43.01
2018-09-16,Second Class,Corporate,South,Technology,Machines,Miami,9,0.2,2372.29,501.89
2018-09-16,Standard Class,Corporate,West,Technology,Phones,San Francisco,5,0.0,1528.67,324.71
2018-09-16,Standard Class,Home Office,West,Technology,Phones,Los Angeles,5,0.2,1381.05,4.53
2018-09-16,Standard Class,Corporate,East,Technology,Phones,New York City,4,0.15,754.69,128.03
2018-09-16,Standard Class,Corporate,West,Furniture,Chairs,Los Angeles,3,0.4,182.15,-16.96
2018-09-16,First Class,Consumer,South,Office Supplies,Appliances,Atlanta,6,0.0,166.97,23.93
2018-09-16,Second Class,Corporate,East,Furniture,Tables,Boston,4,0.2,1052.44,-65.3
2018-09-16,Same Day,Corporate,East,Furniture,Bookcases,Philadelphia,3,0.3,179.87,-42.37
2018-09-16,Standard Class,Consumer,West,Office Supplies,Envelopes,Los Angeles,3,0.0,115.73,16.12
2018-09-16,Second Class,Home Office,West,Furniture,Tables,Denver,9,0.3,696.49,-97.18
2018-09-16,Standard Class,Consumer,West,Office Supplies,Supplies,Denver,4,0.0,298.09,30.14
2018-09-17,First Class,Corporate,West,Office Supplies,Art,Los Angeles,5,0.2,296.54,25.07
2018-09-17,First Class,Consumer,Central,Office Supplies,Appliances,Chicago,6,0.0,808.52,136.76
2018-09-17,Standard Class,Home Office,South,Technology,Phones,Atlanta,8,0.0,1872.46,475.54
2018-09-17,First Class,Consumer,East,Furniture,Chairs,Philadelphia,2,0.2,331.38,12.59
2018-09-17,Second Class,Consumer,West,Furniture,Tables,Los Angeles,5,0.15,627.58,25.71
2018-09-17,Standard Class,Consumer,West,Technology,Accessories,Denver,1,0.1,290.46,32.04
2018-09-17,Same Day,Consumer,Central,Technology,Phones,Dallas,1,0.0,123.57,22.58
2018-09-18,Same Day,Home Office,East,Office Supplies,Storage,Philadelphia,2,0.2,63.77,6.24
2018-09-18,Standard Class,Corporate,South,Furniture,Chairs,Charlotte,3,0.0,965.02,114.58
2018-09-18,Standard Class,Consumer,West,Office Supplies,Art,Los Angeles,9,0.3,193.75,1.77
2018-09-18,Standard Class,Corporate,West,Office Supplies,Supplies,San Francisco,1,0.2,13.78,3.04
2018-09-18,First Class,Corporate,East,Furniture,Bookcases,Boston,7,0.4,398.73,-67.89
2018-09-18,First Class,Corporate,West,Furniture,Tables,Seattle,4,0.05,787.36,12.31
2018-09-18,Standard Class,Consumer,East,Office Supplies,Envelopes,Boston,5,0.2,165.88,-1.69
2018-09-18,Standard Class,Consumer,West,Furniture,Furnishings,San Francisco,1,0.0,181.34,9.08
2018-09-19,Same Day,Corporate,Central,Technology,Machines,Houston,3,0.15,513.68,61.47
2018-09-19,Second Class,Consumer,Central,Furniture,Tables,Minneapolis,7,0.2,1381.74,-27.45
2018-09-19,Standard Class,Corporate,West,Office Supplies,Storage,Seattle,1,0.0,56.92,6.43
2018-09-19,Standard Class,Consumer,East,Office Supplies,Supplies,New York City,7,0.15,138.98,15.14
2018-09-19,Standard Class,Corporate,West,Technology,Machines,Seattle,2,0.0,334.9,97.96
2018-09-19,Standard Class,Corporate,West,Furniture,Bookcases,Los Angeles,3,0.0,575.29,100.97
2018-09-19,First Class,Consumer,East,Office Supplies,Labels,Columbus,6,0.1,317.07,11.04
2018-09-19,Standard Class,Consumer,West,Technology,Machines,San Francisco,5,0.0,985.79,266.1
2018-09-19,Standard Class,Consumer,East,Office Supplies,Supplies,New York City,7,0.05,538.23,67.94
2018-09-19,Standard Class,Home Office,East,Office Supplies,Binders,Boston,1,0.2,36.03,2.94
2018-09-19,First Class,Home Office,West,Office Supplies,Labels,Denver,3,0.2,78.13,7.67
2018-09-19,First Class,Consumer,South,Furniture,Tables,Atlanta,5,0.0,1372.89,-69.2
2018-09-20,Standard Class,Corporate,West,Office Supplies,Binders,Seattle,6,0.1,165.15,20.39
2018-09-20,First Class,Consumer,Central,Office Supplies,Storage,Dallas,7,0.15,82.42,2.52
2018-09-20,Standard Class,Corporate,East,Furniture,Furnishings,Columbus,4,0.0,2563.26,308.12
2018-09-20,Standard Class,Home Office,Central,Office Supplies,Binders,Chicago,1,0.0,49.78,11.38
2018-09-20,First Class,Consumer,West,Furniture,Furnishings,Seattle,1,0.2,80.31,3.22
2018-09-20,Standard Class,Corporate,Central,Office Supplies,Labels,Minneapolis,8,0.3,407.4,-38.7
2018-09-21,Second Class,Home Office,South,Office Supplies,Envelopes,Atlanta,5,0.0,168.86,12.98
2018-09-21,Standard Class,Home Office,West,Office Supplies,Envelopes,Los Angeles,6,0.1,434.25,59.81
2018-09-21,Second Class,Consumer,South,Office Supplies,Appliances,Charlotte,8,0.15,169.9,17.39
2018-09-21,Standard Class,Corporate,West,Furniture,Furnishings,Denver,2,0.2,319.96,-10.22
2018-09-21,First Class,Consumer,West,Office Supplies,Art,San Francisco,7,0.3,269.3,-19.49
2018-09-21,Standard Class,Home Office,West,Office Supplies,Labels,Los Angeles,1,0.15,16.27,0.75
2018-09-21,Same Day,Home Office,Central,Technology,Accessories,Houston,8,0.2,1256.32,64.39
2018-09-22,Standard Class,Home Office,Central,Technology,Copiers,Houston,9,0.3,1407.29,33.08
2018-09-22,Standard Class,Consumer,East,Technology,Machines,Philadelphia,2,0.3,255.24,0.01
2018-09-22,Standard Class,Consumer,West,Office Supplies,Storage,Denver,2,0.15,71.67,2.99
2018-09-22,Standard Class,Consumer,West,Office Supplies,Binders,Seattle,7,0.0,432.48,110.84
2018-09-22,First Class,Corporate,West,Office Supplies,Labels,San Francisco,6,0.05,267.8,52.64
2018-09-22,Standard Class,Consumer,Central,Furniture,Bookcases,Houston,1,0.2,318.39,-50.63
2018-09-22,Standard Class,Consumer,Central,Office Supplies,Binders,Dallas,7,0.2,827.32,4.4
2018-09-22,Standard Class,Consumer,Central,Office Supplies,Supplies,Minneapolis,9,0.2,552.67,59.46
2018-09-23,Standard Class,Consumer,Central,Furniture,Tables,Dallas,1,0.0,238.25,21.38
2018-09-23,Standard Class,Corporate,East,Office Supplies,Supplies,Boston,9,0.2,464.92,14.73
2018-09-23,Standard Class,Consumer,Central,Office Supplies,Binders,Chicago,7,0.1,390.59,42.04
2018-09-23,Standard Class,Corporate,South,Furniture,Bookcases,Nashville,8,0.1,438.95,-43.35
2018-09-23,First Class,Consumer,South,Furniture,Furnishings,Miami,5,0.15,247.77,-5.44
2018-09-23,Standard Class,Consumer,East,Office Supplies,Labels,New York City,4,0.2,115.27,-1.25
2018-09-23,Standard Class,Corporate,East,Office Supplies,Labels,Columbus,8,0.0,763.49,195.47
2018-09-23,Standard Class,Consumer,West,Office Supplies,Art,Seattle,2,0.15,285.5,21.95
2018-09-24,Standard Class,Home Office,West,Technology,Machines,San Francisco,7,0.4,468.79,-39.82
2018-09-24,Standard Class,Consumer,West,Office Supplies,Fasteners,San Francisco,5,0.4,188.77,-4.11
2018-09-25,Second Class,Consumer,South,Office Supplies,Labels,Miami,3,0.1,373.75,60.26
2018-09-25,Second Class,Consumer,Central,Furniture,Chairs,Houston,6,0.2,1051.04,-53.01
2018-09-25,Second Class,Consumer,East,Office Supplies,Binders,New York City,5,0.1,119.52,20.94
2018-09-25,Second Class,Corporate,South,Technology,Machines,Miami,8,0.1,3478.99,297.64
2018-09-25,Standard Class,Home Office,Central,Office Supplies,Binders,Minneapolis,4,0.1,153.27,30.3
2018-09-25,Same Day,Home Office,Central,Technology,Machines,Minneapolis,4,0.1,1224.64,160.48
2018-09-25,Standard Class,Consumer,West,Office Supplies,Envelopes,Seattle,4,0.0,412.87,82.52
2018-09-25,First Class,Home Office,East,Furniture,Bookcases,Boston,3,0.2,306.7,-53.67
2018-09-26,Standard Class,Consumer,East,Office Supplies,Labels,New York City,4,0.2,210.61,9.34
2018-09-27,Standard Class,Consumer,East,Technology,Machines,Columbus,8,0.05,1268.26,353.55
2018-09-27,Standard Class,Home Office,Central,Technology,Machines,Houston,5,0.2,1111.8,189.69
2018-09-27,Second Class,Consumer,East,Technology,Machines,New York City,6,0.1,944.03,216.32
2018-09-27,Standard Class,Corporate,East,Technology,Phones,New York City,6,0.15,1806.11,77.48
2018-09-28,Standard Class,Corporate,West,Office Supplies,Art,San Francisco,6,0.0,546.84,81.31
2018-09-28,Standard Class,Consumer,West,Furniture,Tables,Los Angeles,3,0.4,259.59,-45.14
2018-09-28,Standard Class,Corporate,East,Office Supplies,Supplies,Philadelphia,6,0.05,407.16,40.96
2018-09-29,Standard Class,Consumer,East,Office Supplies,Art,Columbus,9,0.15,252.91,1.65
2018-09-29,Standard Class,Home Office,West,Office Supplies,Binders,Seattle,3,0.15,61.05,11.18
2018-09-29,Standard Class,Consumer,South,Office Supplies,Art,Miami,4,0.15,294.98,32.22
2018-09-30,Standard Class,Consumer,East,Office Supplies,Envelopes,Columbus,1,0.3,114.13,7.84
2018-09-30,Standard Class,Consumer,Central,Office Supplies,Binders,Minneapolis,6,0.15,177.36,11.05
2018-09-30,Standard Class,Consumer,West,Office Supplies,Labels,Denver,6,0.2,245.19,-0.06
2018-09-30,Standard Class,Consumer,West,Technology,Copiers,Los Angeles,8,0.3,884.76,-37.04
2018-09-30,Second Class,Corporate,West,Furniture,Bookcases,San Francisco,2,0.2,253.68,-21.18
2018-09-30,First Class,Consumer,West,Office Supplies,Supplies,Seattle,9,0.1,744.66,101.38
2018-10-01,Standard Class,Consumer,East,Office Supplies,Labels,Columbus,6,0.3,320.78,10.97
2018-10-01,Second Class,Corporate,Central,Office Supplies,Storage,Minneapolis,9,0.15,642.07,4.47
2018-10-01,Standard Class,Consumer,East,Office Supplies,Labels,New York City,6,0.0,179.0,3.18
2018-10-01,Standard Class,Consumer,South,Office Supplies,Art,Atlanta,9,0.3,299.45,2.42
2018-10-01,Second Class,Home Office,East,Office Supplies,Storage,Columbus,7,0.0,263.85,55.91
2018-10-02,Standard Class,Consumer,West,Technology,Copiers,San Francisco,9,0.0,7012.18,1722.16
2018-10-02,Standard Class,Corporate,South,Office Supplies,Fasteners,Miami,5,0.0,192.95,15.94
2018-10-02,Same Day,Consumer,South,Furniture,Chairs,Charlotte,6,0.0,1278.5,82.87
2018-10-02,Standard Class,Home Office,East,Office Supplies,Labels,New York City,1,0.3,43.75,-3.71
2018-10-02,First Class,Consumer,East,Furniture,Chairs,Columbus,9,0.2,1455.21,-37.63
2018-10-03,Standard Class,Home Office,East,Office Supplies,Paper,Boston,4,0.1,228.59,31.03
2018-10-03,Standard Class,Consumer,East,Office Supplies,Appliances,Philadelphia,8,0.15,533.98,60.26
2018-10-03,Standard Class,Consumer,Central,Office Supplies,Appliances,Minneapolis,9,0.2,709.43,22.22
2018-10-03,Standard Class,Corporate,South,Office Supplies,Envelopes,Miami,2,0.0,49.22,9.19
2018-10-03,First Class,Corporate,West,Technology,Copiers,Denver,7,0.2,1233.07,168.15
2018-10-03,Standard Class,Corporate,West,Technology,Machines,Seattle,1,0.1,342.18,24.42
2018-10-03,Standard Class,Consumer,East,Technology,Machines,Philadelphia,7,0.05,727.91,128.36
2018-10-05,Standard Class,Consumer,East,Furniture,Bookcases,Columbus,6,0.0,851.29,-14.25
2018-10-05,Standard Class,Corporate,East,Technology,Accessories,Boston,5,0.15,1131.7,202.16
2018-10-05,Standard Class,Consumer,East,Office Supplies,Paper,New York City,2,0.2,129.19,0.16
2018-10-05,First Class,Consumer,West,Office Supplies,Labels,Los Angeles,8,0.0,88.74,21.41
2018-10-06,First Class,Consumer,East,Technology,Copiers,New York City,3,0.1,273.88,65.67
2018-10-07,First Class,Corporate,South,Office Supplies,Paper,Miami,2,0.2,148.9,9.89
2018-10-07,Second Class,Corporate,West,Technology,Machines,Los Angeles,6,0.2,1262.96,103.59
2018-10-08,Standard Class,Consumer,East,Technology,Phones,Columbus,1,0.15,298.05,23.49
2018-10-08,Standard Class,Corporate,West,Office Supplies,Art,Los Angeles,9,0.2,167.97,6.57
2018-10-08,Second Class,Corporate,Central,Technology,Accessories,Minneapolis,4,0.0,875.33,119.45
2018-10-08,Standard Class,Consumer,West,Office Supplies,Art,San Francisco,3,0.3,77.87,-2.86
2018-10-08,Second Class,Consumer,West,Furniture,Chairs,Seattle,4,0.0,807.32,38.07
2018-10-08,First Class,Consumer,Central,Technology,Copiers,Chicago,6,0.1,1388.74,179.88
2018-10-08,Standard Class,Consumer,Central,Office Supplies,Envelopes,Chicago,5,0.2,185.09,17.74
2018-10-09,Standard Class,Home Office,South,Office Supplies,Fasteners,Miami,5,0.05,206.71,30.82
2018-10-09,First Class,Consumer,East,Office Supplies,Art,Philadelphia,2,0.4,100.54,-13.36
2018-10-09,Standard Class,Corporate,West,Office Supplies,Supplies,Los Angeles,2,0.4,64.11,-3.85
2018-10-09,Standard Class,Consumer,West,Technology,Copiers,San Francisco,6,0.1,1051.66,66.07
2018-10-09,Standard Class,Home Office,East,Office Supplies,Binders,Philadelphia,5,0.3,109.24,5.73
2018-10-10,Standard Class,Corporate,Central,Office Supplies,Binders,Houston,6,0.0,878.16,106.24
2018-10-10,Standard Class,Corporate,Central,Office Supplies,Storage,Minneapolis,2,0.2,66.37,-1.06
2018-10-10,Standard Class,Corporate,Central,Office Supplies,Fasteners,Chicago,2,0.0,31.8,7.44
2018-10-10,Second Class,Consumer,East,Technology,Phones,New York City,5,0.1,591.58,176.81
2018-10-10,Standard Class,Corporate,South,Technology,Copiers,Charlotte,2,0.1,220.46,19.6
2018-10-10,Second Class,Consumer,Central,Furniture,Chairs,Chicago,6,0.15,613.77,38.42
2018-10-10,Standard Class,Corporate,South,Office Supplies,Art,Nashville,2,0.1,85.94,9.06
2018-10-10,Standard Class,Corporate,Central,Furniture,Furnishings,Minneapolis,4,0.1,615.78,12.69
2018-10-11,Standard Class,Consumer,East,Technology,Copiers,Philadelphia,6,0.15,521.62,44.91
2018-10-11,Standard Class,Consumer,Central,Technology,Copiers,Dallas,4,0.15,1517.66,299.38
2018-10-11,Standard Class,Corporate,East,Office Supplies,Fasteners,Boston,3,0.0,77.96,19.84
2018-10-11,Standard Class,Home Office,East,Furniture,Chairs,New York City,5,0.2,1134.33,38.83
2018-10-12,Standard Class,Consumer,East,Office Supplies,Binders,Columbus,2,0.1,62.11,5.77
2018-10-12,Second Class,Corporate,South,Office Supplies,Appliances,Charlotte,9,0.1,204.32,19.09
2018-10-12,Standard Class,Consumer,East,Technology,Copiers,New York City,7,0.1,1383.77,205.48
2018-10-13,First Class,Consumer,West,Office Supplies,Binders,Los Angeles,3,0.1,164.81,-2.05
2018-10-13,First Class,Consumer,Central,Furniture,Chairs,Chicago,8,0.1,1428.79,125.66
2018-10-13,Second Class,Home Office,East,Office Supplies,Art,New York City,8,0.0,791.11,183.17
2018-10-13,Second Class,Home Office,East,Office Supplies,Binders,New York City,8,0.3,175.88,3.2
2018-10-13,Standard Class,Corporate,West,Office Supplies,Supplies,Denver,2,0.05,87.94,5.29
2018-10-13,First Class,Consumer,West,Technology,Copiers,Seattle,6,0.3,925.99,-68.82
2018-10-13,Standard Class,Corporate,Central,Office Supplies,Storage,Minneapolis,4,0.4,105.18,-1.86
2018-10-13,Same Day,Consumer,West,Office Supplies,Envelopes,Seattle,8,0.2,348.17,8.94
2018-10-13,Standard Class,Consumer,East,Office Supplies,Binders,Columbus,4,0.0,234.24,15.11
2018-10-14,Second Class,Consumer,Central,Furniture,Furnishings,Chicago,4,0.4,639.43,-104.22
2018-10-14,Second Class,Corporate,East,Office Supplies,Appliances,New York City,4,0.1,215.6,34.86
2018-10-14,Standard Class,Home Office,East,Office Supplies,Envelopes,Boston,2,0.05,56.83,2.81
2018-10-14,First Class,Corporate,Central,Technology,Phones,Houston,3,0.15,397.78,44.45
2018-10-14,Second Class,Consumer,Central,Office Supplies,Appliances,Chicago,6,0.1,460.91,45.81
2018-10-14,Second Class,Consumer,West,Office Supplies,Appliances,Los Angeles,5,0.0,387.78,57.53
2018-10-14,Standard Class,Consumer,South,Technology,Accessories,Nashville,9,0.2,1010.99,91.91
2018-10-14,Second Class,Home Office,East,Technology,Machines,Philadelphia,3,0.0,1203.11,251.76
2018-10-15,Standard Class,Corporate,Central,Technology,Phones,Dallas,9,0.1,1642.75,369.9
2018-10-15,Standard Class,Consumer,Central,Office Supplies,Paper,Chicago,3,0.2,102.06,1.1
2018-10-15,Standard Class,Consumer,Central,Office Supplies,Art,Houston,5,0.05,109.09,14.51
2018-10-15,Standard Class,Corporate,Central,Office Supplies,Paper,Chicago,2,0.05,151.54,12.73
2018-10-15,First Class,Home Office,Central,Office Supplies,Art,Dallas,6,0.0,453.15,69.82
2018-10-16,First Class,Corporate,East,Office Supplies,Fasteners,Columbus,3,0.0,253.62,34.13
2018-10-16,Standard Class,Consumer,South,Office Supplies,Labels,Miami,7,0.1,407.66,74.51
2018-10-16,Second Class,Consumer,South,Office Supplies,Fasteners,Nashville,5,0.0,192.05,28.67
2018-10-16,First Class,Corporate,West,Office Supplies,Envelopes,Denver,8,0.15,363.83,21.28
2018-10-16,Second Class,Corporate,West,Office Supplies,Labels,San Francisco,6,0.15,311.95,23.77
2018-10-16,Standard Class,Consumer,East,Office Supplies,Paper,Philadelphia,3,0.0,328.76,63.73
2018-10-16,Standard Class,Corporate,East,Office Supplies,Supplies,Columbus,6,0.05,533.55,62.24
2018-10-16,Same Day,Consumer,East,Furniture,Bookcases,New York City,2,0.1,308.71,-14.14
2018-10-16,Standard Class,Home Office,South,Office Supplies,Fasteners,Charlotte,6,0.0,735.24,49.91
2018-10-16,First Class,Consumer,West,Office Supplies,Fasteners,San Francisco,7,0.05,215.1,13.22
2018-10-16,Standard Class,Consumer,West,Furniture,Tables,Seattle,6,0.05,1430.01,102.06
2018-10-16,Standard Class,Consumer,East,Office Supplies,Labels,New York City,7,0.1,442.33,39.77
2018-10-16,Standard Class,Corporate,South,Office Supplies,Paper,Charlotte,5,0.0,463.05,98.17
2018-10-16,Same Day,Home Office,East,Furniture,Bookcases,Columbus,7,0.0,1398.32,116.23
2018-10-16,Same Day,Consumer,East,Furniture,Furnishings,New York City,6,0.1,1119.18,-8.62
2018-10-17,Same Day,Consumer,West,Furniture,Tables,San Francisco,9,0.05,1777.71,-4.06
2018-10-17,Standard Class,Consumer,Central,Office Supplies,Binders,Houston,2,0.0,78.09,22.5
2018-10-17,Standard Class,Consumer,Central,Furniture,Furnishings,Houston,7,0.2,778.82,3.25
2018-10-17,Same Day,Consumer,Central,Office Supplies,Art,Minneapolis,3,0.2,100.29,5.37
2018-10-17,Standard Class,Home Office,East,Office Supplies,Envelopes,New York City,5,0.0,513.5,84.97
2018-10-17,Standard Class,Corporate,West,Office Supplies,Paper,Los Angeles,7,0.3,209.4,11.54
2018-10-17,Standard Class,Consumer,East,Technology,Machines,New York City,1,0.4,159.73,9.64
2018-10-17,Standard Class,Consumer,West,Technology,Machines,San Francisco,8,0.1,2325.28,512.53
2018-10-18,Standard Class,Corporate,East,Technology,Phones,Boston,1,0.1,519.48,85.0
2018-10-18,Standard Class,Consumer,Central,Technology,Phones,Minneapolis,9,0.0,1760.06,290.54
2018-10-18,Same Day,Home Office,Central,Furniture,Tables,Dallas,2,0.3,258.23,-23.76
2018-10-18,First Class,Consumer,West,Furniture,Chairs,Seattle,3,0.15,247.67,16.96
2018-10-18,Second Class,Consumer,Central,Office Supplies,Envelopes,Dallas,4,0.15,188.91,7.48
2018-10-18,Standard Class,Consumer,South,Technology,Copiers,Miami,7,0.0,1747.21,345.02
2018-10-18,Second Class,Consumer,Central,Office Supplies,Labels,Dallas,9,0.1,511.99,75.4
2018-10-18,Second Class,Consumer,West,Office Supplies,Labels,Denver,1,0.05,34.97,5.08
2018-10-18,Standard Class,Consumer,West,Office Supplies,Labels,Seattle,7,0.3,153.71,18.82
2018-10-18,Standard Class,Corporate,South,Furniture,Bookcases,Charlotte,4,0.2,827.32,-54.25
2018-10-19,Second Class,Home Office,South,Technology,Machines,Miami,9,0.0,3870.5,1095.63
2018-10-19,Standard Class,Home Office,East,Technology,Phones,Boston,3,0.0,540.45,83.42
2018-10-19,Standard Class,Corporate,East,Office Supplies,Envelopes,Columbus,2,0.0,48.34,7.48
2018-10-19,Standard Class,Home Office,South,Office Supplies,Envelopes,Charlotte,2,0.4,150.31,9.72
2018-10-19,Standard Class,Home Office,South,Office Supplies,Envelopes,Charlotte,9,0.0,694.26,64.24
2018-10-19,Same Day,Consumer,East,Office Supplies,Storage,Philadelphia,3,0.0,226.59,14.99
2018-10-19,Standard Class,Consumer,South,Furniture,Tables,Miami,5,0.2,457.59,27.01
2018-10-19,Second Class,Consumer,South,Office Supplies,Art,Charlotte,1,0.1,59.9,2.3
2018-10-20,Standard Class,Consumer,East,Office Supplies,Appliances,Columbus,6,0.15,179.69,14.22
2018-10-20,Standard Class,Home Office,South,Office Supplies,Envelopes,Atlanta,9,0.0,778.36,38.58
2018-10-20,Standard Class,Corporate,East,Furniture,Bookcases,New York City,7,0.2,523.79,-26.57
2018-10-20,Standard Class,Consumer,South,Office Supplies,Appliances,Atlanta,3,0.1,157.05,14.67
2018-10-20,Standard Class,Corporate,West,Office Supplies,Paper,Los Angeles,3,0.15,121.33,1.69
2018-10-20,Second Class,Consumer,West,Furniture,Furnishings,Los Angeles,5,0.2,785.98,-35.89
2018-10-21,Standard Class,Consumer,East,Furniture,Tables,Columbus,4,0.0,644.95,27.14
2018-10-21,Standard Class,Corporate,East,Furniture,Furnishings,Philadelphia,4,0.3,494.22,-74.32
2018-10-21,Standard Class,Corporate,West,Office Supplies,Appliances,Los Angeles,5,0.2,276.32,17.3
2018-10-21,Second Class,Consumer,Central,Office Supplies,Fasteners,Minneapolis,5,0.0,151.55,27.66
2018-10-21,First Class,Home Office,East,Office Supplies,Binders,Philadelphia,2,0.2,55.13,4.11
2018-10-21,Standard Class,Consumer,West,Technology,Phones,San Francisco,2,0.2,519.07,41.91
2018-10-21,Standard Class,Corporate,West,Office Supplies,Binders,Denver,7,0.4,276.64,7.71
2018-10-21,Standard Class,Home Office,Central,Office Supplies,Binders,Chicago,6,0.2,238.95,1.3
2018-10-21,Standard Class,Consumer,East,Furniture,Furnishings,Boston,1,0.2,203.32,-13.08
2018-10-22,Standard Class,Corporate,West,Technology,Phones,Seattle,7,0.1,4688.68,787.94
2018-10-22,Second Class,Consumer,East,Office Supplies,Appliances,New York City,8,0.1,432.72,69.45
2018-10-22,First Class,Consumer,Central,Furniture,Tables,Dallas,8,0.0,1192.67,196.52
2018-10-22,Standard Class,Home Office,West,Office Supplies,Appliances,Los Angeles,9,0.15,529.39,62.27
2018-10-22,Standard Class,Consumer,West,Office Supplies,Supplies,Los Angeles,7,0.3,319.04,9.88
2018-10-22,Standard Class,Consumer,West,Office Supplies,Appliances,Seattle,9,0.15,304.28,12.3
2018-10-22,Standard Class,Home Office,Central,Office Supplies,Labels,Chicago,5,0.2,177.91,-13.07
2018-10-22,Standard Class,Consumer,West,Office Supplies,Binders,Denver,1,0.2,48.02,-2.48
2018-10-22,Second Class,Corporate,East,Technology,Accessories,New York City,8,0.0,1432.99,446.11
2018-10-23,Same Day,Consumer,South,Furniture,Chairs,Nashville,2,0.1,614.18,26.7
2018-10-23,Standard Class,Home Office,West,Technology,Accessories,San Francisco,8,0.1,793.66,112.05
2018-10-23,Standard Class,Corporate,South,Furniture,Tables,Charlotte,5,0.0,840.69,83.65
2018-10-23,Standard Class,Corporate,South,Office Supplies,Binders,Charlotte,5,0.15,242.11,36.0
2018-10-23,Second Class,Consumer,West,Office Supplies,Binders,Seattle,7,0.0,184.33,23.42
2018-10-23,Standard Class,Corporate,South,Furniture,Bookcases,Charlotte,3,0.05,483.73,47.56
2018-10-23,Standard Class,Consumer,West,Furniture,Bookcases,Seattle,8,0.0,7316.03,326.08
2018-10-23,Standard Class,Home Office,Central,Office Supplies,Storage,Chicago,4,0.2,69.77,5.96
2018-10-24,Standard Class,Corporate,West,Office Supplies,Envelopes,San Francisco,7,0.0,787.49,186.07
2018-10-24,Second Class,Corporate,West,Office Supplies,Paper,San Francisco,4,0.2,243.71,-6.24
2018-10-24,Standard Class,Corporate,East,Office Supplies,Supplies,Philadelphia,5,0.2,609.34,21.43
2018-10-24,Standard Class,Home Office,West,Technology,Machines,Denver,3,0.1,322.84,43.1
2018-10-25,Standard Class,Corporate,East,Technology,Copiers,Columbus,8,0.1,1963.7,482.49
2018-10-25,Second Class,Corporate,East,Office Supplies,Paper,Boston,5,0.2,399.14,25.93
2018-10-25,Standard Class,Corporate,West,Office Supplies,Binders,San Francisco,1,0.3,44.55,-1.3
2018-10-25,First Class,Consumer,Central,Technology,Phones,Minneapolis,3,0.0,629.11,159.31
2018-10-25,Standard Class,Home Office,East,Office Supplies,Labels,Columbus,2,0.0,39.66,4.36
2018-10-26,Standard Class,Home Office,Central,Office Supplies,Envelopes,Dallas,1,0.0,45.33,9.75
2018-10-26,Standard Class,Consumer,East,Office Supplies,Appliances,Philadelphia,2,0.0,125.6,8.03
2018-10-26,Standard Class,Corporate,West,Office Supplies,Fasteners,Seattle,8,0.15,937.18,75.05
2018-10-26,Standard Class,Consumer,Central,Technology,Machines,Houston,3,0.0,440.96,52.74
2018-10-27,First Class,Consumer,East,Office Supplies,Envelopes,Columbus,5,0.1,501.01,39.53
2018-10-27,First Class,Corporate,West,Technology,Phones,San Francisco,6,0.2,1036.13,34.96
2018-10-27,Standard Class,Consumer,South,Office Supplies,Appliances,Charlotte,7,0.2,318.7,28.12
2018-10-27,Second Class,Corporate,West,Technology,Accessories,Seattle,8,0.1,2974.84,397.21
2018-10-27,Standard Class,Consumer,South,Office Supplies,Supplies,Nashville,3,0.0,156.75,24.44
2018-10-27,Standard Class,Home Office,East,Furniture,Chairs,Columbus,7,0.0,2071.74,179.68
2018-10-27,Standard Class,Home Office,South,Office Supplies,Binders,Atlanta,4,0.1,625.54,69.78
2018-10-27,Standard Class,Corporate,Central,Office Supplies,Fasteners,Houston,4,0.0,105.42,17.87
2018-10-27,Same Day,Corporate,East,Office Supplies,Binders,Columbus,7,0.0,520.39,74.99
2018-10-27,Standard Class,Consumer,South,Office Supplies,Art,Miami,1,0.0,89.16,8.34
2018-10-27,Standard Class,Consumer,East,Furniture,Furnishings,Philadelphia,7,0.1,498.99,12.22
2018-10-27,Second Class,Corporate,West,Office Supplies,Paper,San Francisco,4,0.0,160.75,24.0
2018-10-28,Second Class,Consumer,Central,Office Supplies,Fasteners,Minneapolis,5,0.4,224.6,-2.08
2018-10-28,Standard Class,Consumer,West,Office Supplies,Appliances,Denver,4,0.2,146.18,18.29
2018-10-28,Standard Class,Corporate,East,Office Supplies,Paper,Columbus,3,0.15,53.8,-2.16
2018-10-28,Standard Class,Consumer,Central,Office Supplies,Appliances,Chicago,1,0.0,49.61,8.26
2018-10-28,First Class,Consumer,West,Office Supplies,Paper,Los Angeles,1,0.0,51.55,3.02
2018-10-28,First Class,Consumer,West,Technology,Accessories,Denver,3,0.2,406.24,13.45
2018-10-28,First Class,Consumer,West,Office Supplies,Labels,Denver,1,0.1,79.77,5.48
2018-10-28,Standard Class,Consumer,East,Furniture,Bookcases,New York City,7,0.15,755.59,31.14
2018-10-28,Standard Class,Consumer,West,Office Supplies,Fasteners,Los Angeles,3,0.1,250.53,30.87
2018-10-29,Standard Class,Home Office,Central,Office Supplies,Appliances,Minneapolis,8,0.15,166.79,22.68
2018-10-29,First Class,Home Office,East,Technology,Accessories,New York City,3,0.1,999.68,111.71
2018-10-29,Second Class,Consumer,South,Furniture,Bookcases,Atlanta,2,0.1,217.58,7.74
2018-10-29,Second Class,Consumer,South,Furniture,Furnishings,Atlanta,7,0.05,747.42,58.61
2018-10-29,Standard Class,Consumer,Central,Technology,Accessories,Minneapolis,3,0.0,601.2,162.26
2018-10-29,Standard Class,Corporate,South,Office Supplies,Appliances,Miami,6,0.0,99.65,18.08
2018-10-29,Same Day,Corporate,South,Technology,Machines,Atlanta,1,0.2,111.21,13.61
2018-10-29,Standard Class,Consumer,West,Furniture,Tables,Denver,9,0.15,1087.53,-1.21
2018-10-29,Second Class,Corporate,East,Office Supplies,Supplies,New York City,5,0.0,311.35,57.97
2018-10-30,First Class,Home Office,West,Office Supplies,Art,Denver,1,0.3,34.03,0.37
2018-10-30,First Class,Consumer,South,Office Supplies,Envelopes,Miami,8,0.15,235.12,10.71
2018-10-30,Standard Class,Home Office,West,Office Supplies,Envelopes,San Francisco,3,0.0,55.57,5.78
2018-10-30,Standard Class,Consumer,East,Technology,Machines,Philadelphia,1,0.1,221.44,35.33
2018-10-30,Standard Class,Consumer,South,Office Supplies,Supplies,Charlotte,2,0.0,179.77,9.43
2018-10-30,Second Class,Consumer,South,Office Supplies,Appliances,Nashville,7,0.0,200.6,38.52
2018-10-31,Second Class,Corporate,East,Office Supplies,Fasteners,Boston,2,0.1,145.23,30.83
2018-10-31,Standard Class,Consumer,West,Office Supplies,Storage,Denver,8,0.0,456.33,59.47
2018-10-31,First Class,Consumer,West,Furniture,Bookcases,Seattle,8,0.1,2832.78,374.97
2018-10-31,Standard Class,Consumer,East,Office Supplies,Envelopes,Columbus,8,0.0,226.45,17.82
2018-10-31,First Class,Corporate,West,Office Supplies,Binders,Seattle,7,0.15,113.23,15.99
2018-10-31,Second Class,Consumer,West,Technology,Phones,Denver,7,0.3,599.82,-8.48
2018-10-31,Standard Class,Consumer,South,Furniture,Furnishings,Nashville,1,0.2,266.25,6.8
2018-11-01,Second Class,Consumer,East,Furniture,Furnishings,Boston,8,0.2,2089.13,230.08
2018-11-01,Second Class,Home Office,West,Office Supplies,Envelopes,Seattle,2,0.1,174.82,25.86
2018-11-01,Second Class,Consumer,Central,Technology,Machines,Houston,7,0.2,1734.66,88.72
2018-11-01,Same Day,Corporate,South,Office Supplies,Storage,Charlotte,6,0.15,143.11,20.66
2018-11-01,Second Class,Consumer,East,Technology,Copiers,Philadelphia,7,0.3,236.1,21.58
2018-11-01,Standard Class,Consumer,Central,Office Supplies,Labels,Minneapolis,7,0.4,191.08,17.87
2018-11-01,Standard Class,Consumer,West,Technology,Accessories,Seattle,6,0.0,481.35,65.09
2018-11-01,Standard Class,Corporate,East,Furniture,Tables,Philadelphia,6,0.0,422.81,13.96
2018-11-01,Standard Class,Consumer,West,Furniture,Chairs,San Francisco,2,0.4,565.25,-33.61
2018-11-01,First Class,Corporate,East,Office Supplies,Envelopes,Philadelphia,5,0.3,96.77,4.32
2018-11-01,Standard Class,Consumer,South,Office Supplies,Fasteners,Nashville,3,0.2,115.77,13.28
2018-11-02,Standard Class,Corporate,West,Technology,Phones,Seattle,3,0.4,138.8,2.87
2018-11-02,Same Day,Home Office,East,Office Supplies,Paper,Boston,4,0.2,246.96,35.68
2018-11-02,Standard Class,Corporate,West,Office Supplies,Binders,Denver,3,0.0,214.5,32.75
2018-11-02,Second Class,Consumer,East,Technology,Phones,New York City,8,0.2,2335.56,113.39
2018-11-02,Second Class,Consumer,West,Furniture,Furnishings,Denver,1,0.3,58.46,-5.05
2018-11-02,Standard Class,Consumer,South,Furniture,Tables,Atlanta,6,0.2,842.28,26.29
2018-11-02,Standard Class,Corporate,Central,Furniture,Tables,Chicago,1,0.3,153.23,-18.24
2018-11-02,Second Class,Corporate,West,Office Supplies,Storage,Denver,2,0.3,54.23,-1.34
2018-11-03,Standard Class,Home Office,East,Office Supplies,Labels,Philadelphia,2,0.2,69.28,0.2
2018-11-03,First Class,Corporate,South,Office Supplies,Paper,Atlanta,6,0.2,608.84,15.71
2018-11-03,Standard Class,Consumer,West,Office Supplies,Storage,San Francisco,9,0.2,295.46,-22.63
2018-11-03,Second Class,Consumer,West,Office Supplies,Fasteners,Denver,3,0.1,114.0,23.37
2018-11-04,Standard Class,Corporate,West,Office Supplies,Envelopes,Seattle,9,0.15,462.57,0.29
2018-11-04,Standard Class,Home Office,East,Office Supplies,Art,New York City,6,0.15,241.05,18.65
2018-11-04,Standard Class,Corporate,South,Furniture,Tables,Atlanta,2,0.2,129.25,15.98
2018-11-04,Same Day,Home Office,West,Office Supplies,Art,Seattle,1,0.3,19.3,-0.28
2018-11-05,Standard Class,Consumer,East,Office Supplies,Fasteners,Philadelphia,9,0.1,742.22,166.02
2018-11-05,Second Class,Home Office,West,Office Supplies,Envelopes,Los Angeles,6,0.2,234.21,20.33
2018-11-05,Second Class,Consumer,West,Furniture,Furnishings,Denver,3,0.2,1183.22,9.73
2018-11-05,Standard Class,Home Office,East,Furniture,Tables,New York City,7,0.2,602.16,-32.45
2018-11-05,Standard Class,Consumer,Central,Office Supplies,Envelopes,Minneapolis,9,0.15,338.22,37.29
2018-11-06,Standard Class,Corporate,East,Furniture,Bookcases,Boston,3,0.15,977.81,-39.63
2018-11-06,Standard Class,Home Office,South,Office Supplies,Fasteners,Miami,4,0.1,290.63,38.36
2018-11-06,Second Class,Home Office,Central,Furniture,Tables,Houston,4,0.4,201.09,-27.52
2018-11-06,Standard Class,Consumer,Central,Office Supplies,Fasteners,Minneapolis,5,0.05,519.44,64.94
2018-11-07,Standard Class,Consumer,West,Office Supplies,Binders,Denver,2,0.15,81.31,2.71
2018-11-07,Standard Class,Corporate,West,Office Supplies,Supplies,San Francisco,5,0.2,163.57,-4.87
2018-11-07,Second Class,Home Office,South,Technology,Machines,Charlotte,9,0.2,1342.43,39.17
2018-11-07,First Class,Corporate,South,Office Supplies,Labels,Atlanta,7,0.3,363.01,-5.85
2018-11-07,First Class,Home Office,East,Office Supplies,Art,Philadelphia,3,0.0,345.69,48.89
2018-11-07,Standard Class,Corporate,West,Office Supplies,Appliances,Seattle,6,0.3,251.91,-2.32
2018-11-08,Standard Class,Corporate,West,Office Supplies,Labels,Los Angeles,6,0.4,68.88,-8.89
2018-11-08,Standard Class,Home Office,Central,Furniture,Furnishings,Houston,4,0.05,1528.73,94.43
2018-11-08,Standard Class,Consumer,South,Office Supplies,Envelopes,Charlotte,7,0.1,119.33,25.13
2018-11-08,Standard Class,Corporate,South,Office Supplies,Appliances,Atlanta,1,0.1,92.03,-0.61
2018-11-08,Second Class,Consumer,West,Office Supplies,Appliances,Denver,1,0.1,42.98,6.16
2018-11-08,Second Class,Home Office,West,Office Supplies,Binders,Los Angeles,6,0.2,152.53,10.06
2018-11-08,Standard Class,Consumer,East,Office Supplies,Paper,New York City,2,0.3,207.29,8.59
2018-11-08,First Class,Corporate,West,Office Supplies,Envelopes,Denver,8,0.15,213.46,23.31
2018-11-09,Standard Class,Home Office,West,Technology,Phones,Denver,4,0.2,425.05,35.95
2018-11-09,Standard Class,Consumer,Central,Office Supplies,Art,Houston,6,0.1,397.75,28.74
2018-11-09,Standard Class,Consumer,West,Furniture,Tables,Los Angeles,8,0.0,3649.94,438.23
2018-11-09,Standard Class,Corporate,West,Furniture,Tables,Los Angeles,9,0.1,1268.07,41.56
2018-11-09,Standard Class,Corporate,West,Technology,Machines,Seattle,6,0.0,715.82,196.94
2018-11-09,Second Class,Home Office,Central,Office Supplies,Labels,Chicago,9,0.0,483.28,36.45
2018-11-10,Second Class,Consumer,Central,Furniture,Chairs,Dallas,2,0.1,714.36,-49.89
2018-11-10,Standard Class,Consumer,Central,Technology,Machines,Chicago,8,0.4,1662.9,65.85
2018-11-10,Second Class,Home Office,South,Office Supplies,Binders,Charlotte,1,0.2,35.23,2.99
2018-11-10,Standard Class,Corporate,Central,Office Supplies,Fasteners,Dallas,6,0.1,419.44,10.72
2018-11-10,Standard Class,Consumer,West,Furniture,Furnishings,Denver,9,0.2,1298.86,-101.61
2018-11-10,Standard Class,Consumer,East,Furniture,Tables,Boston,9,0.15,1260.89,162.37
2018-11-10,Standard Class,Consumer,East,Technology,Accessories,Philadelphia,3,0.15,776.17,108.04
2018-11-10,First Class,Home Office,West,Technology,Machines,Seattle,6,0.3,848.97,119.26
2018-11-10,Standard Class,Consumer,East,Technology,Machines,Columbus,1,0.1,194.34,33.67
2018-11-10,Standard Class,Corporate,South,Technology,Phones,Atlanta,4,0.1,1012.37,111.67
2018-11-11,Same Day,Consumer,Central,Office Supplies,Paper,Houston,6,0.05,329.58,42.52
2018-11-11,Second Class,Consumer,Central,Technology,Phones,Chicago,4,0.1,524.45,42.29
2018-11-11,Standard Class,Consumer,South,Office Supplies,Supplies,Atlanta,9,0.2,305.71,47.39
2018-11-12,Standard Class,Corporate,South,Technology,Phones,Charlotte,7,0.15,633.03,89.77
2018-11-12,Second Class,Consumer,East,Office Supplies,Art,Columbus,3,0.1,225.8,15.26
2018-11-12,Second Class,Consumer,West,Office Supplies,Envelopes,Denver,3,0.15,167.46,5.54
2018-11-12,Second Class,Consumer,West,Office Supplies,Paper,Los Angeles,9,0.1,528.69,78.37
2018-11-12,First Class,Corporate,West,Office Supplies,Binders,Denver,5,0.1,554.86,54.22
2018-11-12,Same Day,Consumer,Central,Furniture,Furnishings,Houston,3,0.1,712.36,15.72
2018-11-12,First Class,Corporate,West,Office Supplies,Art,Seattle,8,0.3,780.38,-86.77
2018-11-13,Standard Class,Home Office,West,Office Supplies,Paper,Denver,5,0.15,164.61,19.53
2018-11-13,Standard Class,Consumer,East,Office Supplies,Art,,8,0.0,353.05,59.15
2018-11-13,First Class,Consumer,Central,Office Supplies,Envelopes,Minneapolis,4,0.2,192.02,-4.7
2018-11-13,Second Class,Corporate,South,Office Supplies,Supplies,Nashville,1,0.15,15.45,1.52
2018-11-13,Standard Class,Home Office,Central,Office Supplies,Binders,Houston,3,0.4,127.69,-7.48
2018-11-13,Standard Class,Home Office,West,Office Supplies,Labels,Los Angeles,5,0.0,392.31,64.91
2018-11-14,Standard Class,Consumer,Central,Office Supplies,Labels,Minneapolis,6,0.05,320.29,65.27
2018-11-14,Standard Class,Home Office,East,Office Supplies,Storage,Columbus,6,0.3,149.51,5.8
2018-11-14,Standard Class,Consumer,West,Office Supplies,Binders,Denver,7,0.15,667.75,28.61
2018-11-14,Second Class,Home Office,East,Furniture,Bookcases,New York City,8,0.05,1141.59,18.49
2018-11-14,Standard Class,Consumer,West,Office Supplies,Fasteners,Seattle,8,0.1,402.58,43.73
2018-11-14,Standard Class,Corporate,South,Technology,Phones,Charlotte,4,0.4,520.22,13.73
2018-11-14,Second Class,Consumer,West,Office Supplies,Supplies,Denver,7,0.15,713.36,26.55
2018-11-14,Second Class,Corporate,West,Technology,Copiers,Denver,1,0.0,112.98,15.99
2018-11-14,Second Class,Home Office,East,Technology,Phones,Columbus,4,0.1,879.21,170.59
2018-11-14,First Class,Consumer,Central,Office Supplies,Envelopes,Minneapolis,1,0.4,27.7,-0.65
2018-11-15,Standard Class,Corporate,East,Technology,Phones,Philadelphia,6,0.2,1005.62,83.21
2018-11-15,Same Day,Consumer,West,Furniture,Chairs,Los Angeles,6,0.05,1575.88,42.5
2018-11-15,Standard Class,Consumer,West,Office Supplies,Paper,Denver,6,0.0,302.18,28.95
2018-11-15,Standard Class,Corporate,West,Technology,Accessories,Los Angeles,6,0.2,1524.06,57.08
2018-11-15,Standard Class,Consumer,South,Technology,Phones,Miami,2,0.0,347.12,76.26
2018-11-15,Standard Class,Corporate,West,Office Supplies,Fasteners,Denver,6,0.0,241.97,41.44
2018-11-15,Standard Class,Corporate,West,Office Supplies,Appliances,Denver,5,0.0,335.77,67.75
2018-11-15,Second Class,Corporate,West,Office Supplies,Fasteners,Los Angeles,6,0.1,204.48,8.82
2018-11-15,Standard Class,Consumer,Central,Office Supplies,Paper,Minneapolis,8,0.0,451.81,71.22
2018-11-16,Second Class,Consumer,West,Office Supplies,Paper,Seattle,2,0.0,63.02,8.74
2018-11-16,Standard Class,Consumer,West,Technology,Copiers,Seattle,6,0.0,2223.24,299.7
2018-11-16,Second Class,Consumer,West,Furniture,Furnishings,San Francisco,8,0.0,788.16,65.24
2018-11-16,Standard Class,Corporate,West,Office Supplies,Fasteners,San Francisco,4,0.15,175.79,35.9
2018-11-17,Standard Class,Home Office,South,Office Supplies,Fasteners,Atlanta,9,0.2,198.99,18.49
2018-11-17,Standard Class,Consumer,South,Office Supplies,Paper,Miami,7,0.05,111.83,17.42
2018-11-17,First Class,Home Office,South,Office Supplies,Appliances,Charlotte,5,0.1,350.6,40.33
2018-11-17,Second Class,Consumer,East,Office Supplies,Appliances,Columbus,6,0.15,178.52,13.89
2018-11-18,Standard Class,Consumer,East,Office Supplies,Paper,Columbus,7,0.2,282.67,12.27
2018-11-18,Same Day,Consumer,East,Office Supplies,Art,New York City,7,0.2,301.0,46.47
2018-11-18,Standard Class,Home Office,East,Office Supplies,Envelopes,New York City,9,0.1,1064.84,143.69
2018-11-18,Standard Class,Consumer,West,Technology,Machines,San Francisco,6,0.0,2161.65,585.1
2018-11-18,Standard Class,Consumer,Central,Office Supplies,Storage,Dallas,7,0.1,315.27,37.62
2018-11-18,Standard Class,Corporate,Central,Furniture,Bookcases,Minneapolis,8,0.15,1478.3,-15.41
2018-11-19,Standard Class,Corporate,West,Office Supplies,Art,Los Angeles,8,0.1,817.31,139.1
2018-11-19,First Class,Consumer,Central,Technology,Machines,Dallas,7,0.15,2218.05,426.79
2018-11-19,First Class,Corporate,East,Office Supplies,Appliances,New York City,8,0.0,609.14,140.97
2018-11-19,Standard Class,Consumer,West,Office Supplies,Envelopes,San Francisco,2,0.15,172.92,7.93
2018-11-19,Second Class,Home Office,East,Office Supplies,Labels,Philadelphia,2,0.4,169.32,-4.39
2018-11-19,Standard Class,Consumer,West,Office Supplies,Paper,Denver,7,0.0,298.38,60.95
2018-11-19,Standard Class,Consumer,Central,Office Supplies,Fasteners,Minneapolis,1,0.15,68.87,5.92
2018-11-20,Standard Class,Consumer,South,Technology,Copiers,Miami,2,0.2,248.17,11.07
2018-11-20,Standard Class,Consumer,Central,Furniture,Furnishings,Houston,9,0.4,831.29,-90.93
2018-11-20,Standard Class,Consumer,South,Technology,Phones,Charlotte,6,0.0,2572.85,662.81
2018-11-20,Standard Class,Home Office,East,Technology,Machines,Boston,2,0.2,377.31,54.88
2018-11-20,Standard Class,Corporate,South,Office Supplies,Storage,Miami,2,0.15,116.82,4.7
2018-11-20,Standard Class,Consumer,West,Technology,Machines,San Francisco,8,0.0,7427.5,1675.92
2018-11-20,Second Class,Corporate,Central,Office Supplies,Art,Minneapolis,4,0.4,133.1,-8.44
2018-11-20,Standard Class,Corporate,South,Office Supplies,Paper,Miami,3,0.2,142.22,17.27
2018-11-21,Standard Class,Corporate,East,Technology,Phones,Columbus,1,0.0,66.61,11.77
2018-11-21,Second Class,Home Office,East,Furniture,Chairs,Philadelphia,4,0.3,206.57,-22.6
2018-11-21,Second Class,Home Office,Central,Technology,Accessories,Chicago,6,0.2,890.31,77.03
2018-11-21,Second Class,Consumer,Central,Technology,Phones,Dallas,6,0.0,3338.79,493.27
2018-11-21,Second Class,Corporate,South,Furniture,Bookcases,Atlanta,2,0.15,205.68,-16.69
2018-11-22,Second Class,Home Office,West,Office Supplies,Paper,Los Angeles,1,0.2,9.92,0.08
2018-11-22,Standard Class,Home Office,West,Office Supplies,Labels,Denver,6,0.1,486.22,65.25
2018-11-22,Second Class,Consumer,West,Technology,Accessories,Denver,3,0.1,725.64,140.17
2018-11-22,Standard Class,Consumer,East,Technology,Accessories,Boston,9,0.05,1565.64,342.77
2018-11-22,Standard Class,Consumer,East,Office Supplies,Envelopes,Philadelphia,4,0.3,133.14,8.49
2018-11-22,Second Class,Consumer,West,Office Supplies,Paper,Los Angeles,1,0.2,48.08,3.78
2018-11-23,Standard Class,Consumer,West,Office Supplies,Fasteners,Seattle,6,0.2,421.19,30.15
2018-11-23,Standard Class,Consumer,South,Office Supplies,Supplies,Nashville,2,0.1,74.86,11.75
2018-11-23,Second Class,Home Office,West,Technology,Copiers,San Francisco,3,0.0,1176.65,299.26
2018-11-23,First Class,Consumer,South,Technology,Machines,Nashville,3,0.3,462.29,-3.96
2018-11-23,Standard Class,Consumer,East,Office Supplies,Fasteners,New York City,3,0.15,146.23,17.04
2018-11-23,Standard Class,Consumer,West,Office Supplies,Paper,San Francisco,5,0.2,405.1,-25.09
2018-11-23,Standard Class,Home Office,West,Office Supplies,Labels,Los Angeles,9,0.15,548.78,68.9
2018-11-23,Standard Class,Home Office,East,Office Supplies,Art,Boston,2,0.15,62.25,8.48
2018-11-23,Standard Class,Corporate,West,Furniture,Furnishings,Seattle,3,0.15,101.37,0.9
2018-11-23,Standard Class,Home Office,East,Office Supplies,Labels,Philadelphia,7,0.2,511.82,35.52
2018-11-23,Standard Class,Consumer,Central,Furniture,Chairs,Dallas,2,0.15,192.65,-4.85
2018-11-23,First Class,Consumer,East,Office Supplies,Storage,Boston,3,0.0,128.85,23.06
2018-11-24,Standard Class,Consumer,West,Office Supplies,Supplies,Denver,8,0.3,235.44,-8.42
2018-11-24,Second Class,Corporate,South,Furniture,Tables,Miami,7,0.15,904.18,-48.99
2018-11-24,Standard Class,Consumer,West,Office Supplies,Envelopes,Denver,4,0.0,262.64,49.28
2018-11-24,Standard Class,Corporate,West,Office Supplies,Art,Seattle,1,0.15,45.3,4.2
2018-11-24,Standard Class,Consumer,South,Technology,Accessories,Atlanta,9,0.2,2092.52,73.99
2018-11-24,Standard Class,Consumer,Central,Office Supplies,Supplies,Chicago,6,0.0,445.75,90.54
2018-11-25,First Class,Corporate,West,Office Supplies,Labels,Denver,6,0.2,242.07,19.17
2018-11-25,Standard Class,Corporate,Central,Furniture,Bookcases,Chicago,9,0.15,840.03,-11.13
2018-11-25,Standard Class,Corporate,Central,Office Supplies,Binders,Dallas,4,0.0,335.39,47.32
2018-11-25,Standard Class,Corporate,Central,Office Supplies,Supplies,Dallas,8,0.05,669.25,56.76
2018-11-25,Standard Class,Home Office,Central,Office Supplies,Labels,Chicago,9,0.15,182.77,10.73
2018-11-25,First Class,Consumer,Central,Technology,Accessories,Houston,4,0.0,1297.27,279.34
2018-11-25,Standard Class,Consumer,East,Office Supplies,Fasteners,Philadelphia,4,0.15,292.68,18.88
2018-11-25,Second Class,Consumer,West,Office Supplies,Labels,Denver,9,0.15,456.65,33.38
2018-11-26,Standard Class,Home Office,East,Furniture,Furnishings,New York City,4,0.2,653.87,10.93
2018-11-26,Standard Class,Consumer,West,Office Supplies,Labels,Seattle,6,0.15,618.12,37.13
2018-11-26,Standard Class,Corporate,West,Office Supplies,Envelopes,Los Angeles,2,0.2,60.14,4.19
2018-11-26,Standard Class,Consumer,East,Furniture,Tables,Boston,7,0.2,1480.47,-12.21
2018-11-27,First Class,Home Office,Central,Technology,Phones,Minneapolis,5,0.1,1099.39,212.94
2018-11-27,Second Class,Corporate,West,Office Supplies,Labels,Seattle,5,0.2,128.62,12.43
2018-11-27,First Class,Consumer,West,Office Supplies,Fasteners,Denver,6,0.1,300.93,57.24
2018-11-27,First Class,Consumer,West,Technology,Phones,Seattle,4,0.2,1536.4,259.03
2018-11-27,Second Class,Home Office,Central,Office Supplies,Art,Chicago,6,0.3,249.5,-12.88
2018-11-27,First Class,Consumer,East,Technology,Machines,Philadelphia,5,0.05,1725.39,284.51
2018-11-27,Same Day,Consumer,East,Furniture,Chairs,Boston,3,0.05,1025.92,11.85
2018-11-27,Same Day,Consumer,South,Furniture,Tables,Nashville,3,0.0,258.26,26.9
2018-11-27,Second Class,Consumer,South,Office Supplies,Appliances,Charlotte,6,0.4,120.0,-5.33
2018-11-27,Second Class,Home Office,East,Office Supplies,Fasteners,Boston,9,0.15,233.87,22.41
2018-11-28,Standard Class,Home Office,Central,Technology,Machines,Houston,5,0.0,1744.63,401.9
2018-11-28,First Class,Corporate,Central,Office Supplies,Fasteners,Chicago,7,0.3,271.08,-17.07
2018-11-28,Standard Class,Consumer,Central,Technology,Machines,Houston,7,0.2,2506.2,306.76
2018-11-28,Standard Class,Corporate,South,Office Supplies,Envelopes,Miami,5,0.0,197.58,50.17
2018-11-28,First Class,Consumer,East,Office Supplies,Art,Philadelphia,3,0.3,170.78,1.49
2018-11-29,Standard Class,Corporate,West,Office Supplies,Labels,Seattle,9,0.2,481.18,20.33
2018-11-29,Standard Class,Consumer,West,Office Supplies,Art,San Francisco,5,0.05,140.68,10.36
2018-11-29,Standard Class,Consumer,South,Office Supplies,Fasteners,Miami,4,0.1,234.56,56.11
2018-11-29,Second Class,Home Office,East,Furniture,Tables,Columbus,9,0.0,1057.12,41.03
2018-11-29,Standard Class,Home Office,East,Office Supplies,Labels,Boston,9,0.15,236.47,5.6
2018-11-30,Standard Class,Consumer,East,Office Supplies,Supplies,New York City,1,0.15,18.04,0.58
2018-11-30,Standard Class,Corporate,East,Furniture,Tables,New York City,6,0.0,848.13,27.29
2018-11-30,Standard Class,Home Office,West,Office Supplies,Envelopes,Denver,3,0.0,102.03,11.03
2018-11-30,First Class,Consumer,West,Furniture,Tables,San Francisco,5,0.0,983.63,-29.93
2018-11-30,Standard Class,Corporate,West,Office Supplies,Storage,San Francisco,9,0.1,953.28,114.83
2018-12-01,Same Day,Home Office,South,Office Supplies,Art,Miami,8,0.15,235.24,42.19
2018-12-01,Standard Class,Consumer,West,Furniture,Furnishings,Seattle,5,0.05,1189.4,70.82
2018-12-01,Standard Class,Consumer,East,Office Supplies,Storage,Boston,9,0.15,240.05,5.92
2018-12-01,Standard Class,Corporate,Central,Office Supplies,Fasteners,Dallas,2,0.1,67.7,3.84
2018-12-01,Second Class,Corporate,East,Office Supplies,Appliances,Columbus,7,0.3,185.5,1.01
2018-12-02,Same Day,Consumer,South,Technology,Accessories,Miami,4,0.1,3485.96,747.58
2018-12-02,First Class,Corporate,East,Office Supplies,Storage,Columbus,8,0.2,200.7,-1.84
2018-12-02,Second Class,Consumer,East,Technology,Machines,Boston,5,0.0,3826.65,668.9
2018-12-02,Standard Class,Corporate,Central,Office Supplies,Supplies,Houston,3,0.2,99.78,0.38
2018-12-02,Second Class,Consumer,West,Furniture,Tables,Denver,5,0.2,386.34,12.49
2018-12-03,Second Class,Consumer,West,Office Supplies,Labels,Los Angeles,6,0.0,306.01,56.14
2018-12-03,Standard Class,Home Office,East,Technology,Machines,Philadelphia,3,0.0,720.75,94.18
2018-12-03,Standard Class,Corporate,South,Office Supplies,Appliances,Miami,1,0.0,136.67,15.33
2018-12-03,Standard Class,Home Office,Central,Technology,Machines,Houston,1,0.4,320.87,-2.87
2018-12-03,Standard Class,Corporate,Central,Technology,Copiers,Minneapolis,5,0.0,1574.81,303.75
2018-12-04,First Class,Consumer,East,Furniture,Chairs,Boston,1,0.15,88.83,5.57
2018-12-04,Second Class,Consumer,West,Office Supplies,Binders,Los Angeles,2,0.15,43.52,5.39
2018-12-04,Standard Class,Consumer,Central,Office Supplies,Fasteners,Chicago,8,0.1,497.95,8.17
2018-12-04,Standard Class,Corporate,West,Office Supplies,Supplies,San Francisco,2,0.4,57.05,-5.55
2018-12-05,Standard Class,Corporate,East,Office Supplies,Art,Columbus,4,0.2,180.27,6.53
2018-12-05,Second Class,Corporate,Central,Office Supplies,Envelopes,Chicago,1,0.3,43.61,4.37
2018-12-05,First Class,Consumer,East,Office Supplies,Storage,Philadelphia,3,0.1,132.21,4.9
2018-12-05,Second Class,Consumer,West,Office Supplies,Supplies,San Francisco,8,0.05,447.43,93.74
2018-12-06,First Class,Consumer,Central,Technology,Phones,Houston,6,0.05,731.55,111.3
2018-12-06,Standard Class,Consumer,East,Office Supplies,Paper,Columbus,3,0.2,226.93,-14.02
2018-12-06,Standard Class,Corporate,Central,Office Supplies,Paper,Houston,7,0.4,306.84,-32.25
2018-12-06,Standard Class,Consumer,West,Office Supplies,Fasteners,Seattle,5,0.3,194.52,-4.94
2018-12-06,Second Class,Consumer,East,Furniture,Bookcases,Columbus,2,0.3,339.71,-56.11
2018-12-07,Second Class,Consumer,West,Office Supplies,Fasteners,Los Angeles,7,0.4,92.02,-3.71
2018-12-07,Standard Class,Consumer,West,Office Supplies,Envelopes,Los Angeles,3,0.0,223.97,44.91
2018-12-07,Standard Class,Consumer,East,Office Supplies,Appliances,Boston,6,0.0,223.79,39.03
2018-12-07,First Class,Home Office,Central,Office Supplies,Fasteners,Minneapolis,2,0.3,130.45,-7.32
2018-12-07,Standard Class,Consumer,West,Office Supplies,Labels,Seattle,4,0.4,63.95,-9.48
2018-12-07,Second Class,Home Office,West,Office Supplies,Envelopes,Seattle,9,0.0,233.89,24.47
2018-12-07,Standard Class,Consumer,West,Furniture,Bookcases,Los Angeles,7,0.0,807.75,60.75
2018-12-07,Same Day,Corporate,East,Technology,Machines,Philadelphia,6,0.0,1035.71,110.29
2018-12-07,Standard Class,Consumer,South,Office Supplies,Paper,Atlanta,9,0.2,406.4,19.78
2018-12-07,Second Class,Corporate,West,Office Supplies,Paper,San Francisco,3,0.0,111.09,17.11
2018-12-08,Standard Class,Corporate,South,Office Supplies,Fasteners,Miami,4,0.1,246.71,35.59
2018-12-08,Standard Class,Consumer,South,Office Supplies,Envelopes,Atlanta,5,0.1,39.51,5.95
2018-12-08,Standard Class,Consumer,West,Furniture,Tables,Los Angeles,4,0.0,876.85,87.24
2018-12-08,First Class,Home Office,South,Office Supplies,Fasteners,Atlanta,2,0.0,64.87,13.35
2018-12-08,Standard Class,Home Office,East,Office Supplies,Fasteners,Boston,6,0.15,204.24,13.99
2018-12-08,Standard Class,Consumer,Central,Office Supplies,Storage,Minneapolis,1,0.15,58.48,6.33
2018-12-08,First Class,Consumer,East,Office Supplies,Supplies,New York City,4,0.0,221.33,38.12
2018-12-08,Standard Class,Corporate,South,Technology,Machines,Charlotte,9,0.1,1168.78,217.59
2018-12-09,Standard Class,Corporate,East,Office Supplies,Paper,Columbus,9,0.2,573.28,2.31
2018-12-09,Standard Class,Home Office,West,Office Supplies,Fasteners,Los Angeles,5,0.1,325.15,44.38
2018-12-09,Standard Class,Consumer,West,Furniture,Chairs,Seattle,3,0.0,630.39,80.82
2018-12-09,Standard Class,Corporate,Central,Office Supplies,Storage,Dallas,6,0.1,337.78,37.56
2018-12-09,Standard Class,Corporate,West,Furniture,Chairs,Denver,7,0.0,2903.82,281.27
2018-12-09,First Class,Home Office,West,Technology,Phones,Denver,7,0.1,1458.93,3.44
2018-12-09,Same Day,Consumer,West,Technology,Accessories,San Francisco,2,0.0,707.88,98.32
2018-12-09,Standard Class,Corporate,East,Office Supplies,Supplies,New York City,2,0.0,59.57,4.64
2018-12-09,Same Day,Consumer,South,Office Supplies,Paper,Nashville,2,0.15,151.57,9.14
2018-12-10,Same Day,Home Office,South,Office Supplies,Paper,Miami,5,0.0,236.42,35.01
2018-12-10,Standard Class,Consumer,West,Furniture,Bookcases,Denver,7,0.15,861.62,33.26
2018-12-10,Standard Class,Corporate,East,Office Supplies,Art,Columbus,3,0.0,106.29,5.24
2018-12-10,Same Day,Home Office,West,Office Supplies,Fasteners,San Francisco,9,0.1,351.05,73.54
2018-12-10,First Class,Consumer,West,Technology,Machines,Los Angeles,8,0.1,861.58,169.88
2018-12-10,Standard Class,Corporate,East,Furniture,Furnishings,Columbus,9,0.15,3948.41,-68.14
2018-12-11,Standard Class,Consumer,West,Office Supplies,Paper,Los Angeles,2,0.1,180.52,25.29
2018-12-11,Second Class,Corporate,South,Office Supplies,Storage,Miami,1,0.2,57.78,7.39
2018-12-11,First Class,Consumer,Central,Technology,Phones,Chicago,6,0.05,1473.03,213.96
2018-12-11,Standard Class,Consumer,East,Office Supplies,Art,Philadelphia,4,0.2,140.06,11.37
2018-12-11,Standard Class,Consumer,East,Office Supplies,Fasteners,Philadelphia,2,0.0,55.45,12.67
2018-12-11,Standard Class,Consumer,West,Furniture,Bookcases,Seattle,2,0.1,320.91,11.36
2018-12-11,Same Day,Consumer,South,Furniture,Bookcases,Charlotte,6,0.0,1732.16,143.16
2018-12-11,First Class,Consumer,East,Furniture,Bookcases,Boston,8,0.3,1714.28,-163.29
2018-12-11,First Class,Home Office,Central,Technology,Copiers,Houston,3,0.05,537.96,86.33
2018-12-11,Standard Class,Corporate,Central,Office Supplies,Labels,Houston,4,0.2,220.58,-21.25
2018-12-11,Standard Class,Corporate,Central,Furniture,Bookcases,Chicago,4,0.0,851.97,141.83
2018-12-11,Standard Class,Consumer,South,Technology,Phones,Atlanta,7,0.05,6223.37,946.11
2018-12-11,Standard Class,Consumer,West,Office Supplies,Fasteners,Seattle,9,0.0,250.77,52.3
2018-12-11,Standard Class,Corporate,Central,Technology,Accessories,Dallas,4,0.0,1383.69,274.48
2018-12-12,First Class,Consumer,West,Office Supplies,Fasteners,San Francisco,2,0.1,91.09,10.83
2018-12-12,Standard Class,Home Office,East,Furniture,Bookcases,Philadelphia,1,0.0,285.22,10.33
2018-12-12,Standard Class,Consumer,Central,Furniture,Furnishings,Chicago,2,0.0,118.27,-2.02
2018-12-12,Standard Class,Consumer,West,Technology,Accessories,Los Angeles,3,0.0,1582.97,246.21
2018-12-12,Second Class,Home Office,Central,Office Supplies,Appliances,Houston,8,0.05,310.64,50.59
2018-12-12,Standard Class,Consumer,Central,Furniture,Bookcases,Houston,9,0.1,1385.83,67.7
2018-12-12,Standard Class,Consumer,West,Office Supplies,Binders,San Francisco,5,0.0,542.01,101.68
2018-12-13,Standard Class,Consumer,West,Office Supplies,Labels,Seattle,9,0.05,305.92,23.38
2018-12-13,Standard Class,Consumer,East,Technology,Machines,Boston,9,0.2,2335.32,488.73
2018-12-13,Standard Class,Consumer,East,Office Supplies,Envelopes,Columbus,8,0.2,657.1,-29.52
2018-12-13,Standard Class,Consumer,East,Office Supplies,Fasteners,New York City,9,0.0,279.45,23.19
2018-12-13,First Class,Consumer,Central,Furniture,Furnishings,Houston,2,0.15,241.71,4.34
2018-12-13,Standard Class,Consumer,Central,Office Supplies,Labels,Chicago,1,0.1,40.98,3.67
2018-12-13,Standard Class,Corporate,West,Technology,Machines,Los Angeles,2,0.0,402.19,62.43
2018-12-13,Second Class,Consumer,East,Technology,Phones,New York City,1,0.05,219.66,33.31
2018-12-13,Standard Class,Corporate,Central,Office Supplies,Envelopes,Dallas,1,0.05,73.4,9.92
2018-12-13,Standard Class,Corporate,Central,Office Supplies,Binders,Minneapolis,6,0.15,135.29,8.91
2018-12-13,Standard Class,Consumer,East,Technology,Phones,New York City,4,0.0,789.92,176.84
2018-12-13,Standard Class,Home Office,South,Office Supplies,Envelopes,Miami,1,0.15,80.98,13.57
2018-12-14,Second Class,Consumer,West,Office Supplies,Art,Los Angeles,5,0.1,343.66,30.0
2018-12-14,Standard Class,Corporate,Central,Office Supplies,Fasteners,Chicago,1,0.05,84.04,8.78
2018-12-14,Second Class,Consumer,West,Technology,Machines,Los Angeles,1,0.2,222.71,30.72
2018-12-14,Same Day,Home Office,East,Office Supplies,Fasteners,Philadelphia,8,0.05,460.0,38.68
2018-12-14,Standard Class,Consumer,Central,Technology,Phones,Dallas,5,0.15,1401.14,169.09
2018-12-14,Standard Class,Home Office,West,Office Supplies,Binders,Denver,8,0.05,492.68,32.3
2018-12-15,Standard Class,Consumer,South,Office Supplies,Binders,Nashville,8,0.0,222.34,58.78
2018-12-15,Second Class,Consumer,Central,Technology,Accessories,Dallas,4,0.2,1064.93,158.48
2018-12-15,First Class,Consumer,Central,Furniture,Bookcases,Houston,2,0.15,146.73,-12.91
2018-12-15,Second Class,Consumer,East,Technology,Copiers,New York City,8,0.0,5176.65,750.84
2018-12-15,Standard Class,Consumer,Central,Office Supplies,Labels,Houston,7,0.1,268.34,50.15
2018-12-15,Same Day,Home Office,Central,Technology,Copiers,Houston,9,0.2,1163.07,169.36
2018-12-15,Standard Class,Corporate,East,Furniture,Chairs,New York City,1,0.2,93.83,-0.65
2018-12-16,Standard Class,Consumer,West,Office Supplies,Supplies,Denver,1,0.0,40.89,3.07
2018-12-16,Same Day,Corporate,East,Office Supplies,Storage,Boston,4,0.2,142.69,4.52
2018-12-16,First Class,Consumer,South,Furniture,Chairs,Atlanta,8,0.0,1192.51,141.08
2018-12-16,First Class,Consumer,South,Office Supplies,Paper,Atlanta,8,0.1,354.29,-11.13
2018-12-17,First Class,Home Office,South,Office Supplies,Supplies,Nashville,6,0.0,354.41,68.87
2018-12-17,Second Class,Corporate,East,Office Supplies,Fasteners,New York City,2,0.0,155.17,22.12
2018-12-17,Standard Class,Corporate,East,Technology,Accessories,New York City,7,0.15,1697.13,110.44
2018-12-17,Second Class,Consumer,East,Office Supplies,Appliances,Philadelphia,7,0.0,208.86,7.64
2018-12-17,Standard Class,Consumer,East,Technology,Phones,Boston,4,0.2,599.33,62.88
2018-12-17,Standard Class,Corporate,Central,Technology,Machines,Houston,5,0.4,1976.37,77.5
2018-12-17,First Class,Home Office,East,Furniture,Chairs,Philadelphia,3,0.1,1202.56,62.41
2018-12-17,Standard Class,Corporate,South,Office Supplies,Storage,Charlotte,5,0.05,588.23,15.95
2018-12-17,Standard Class,Consumer,West,Technology,Copiers,San Francisco,8,0.3,1984.65,252.35
2018-12-17,Standard Class,Corporate,East,Technology,Accessories,Boston,2,0.0,261.29,74.78
2018-12-17,Standard Class,Consumer,West,Office Supplies,Supplies,Denver,7,0.0,644.67,194.68
2018-12-18,Second Class,Corporate,East,Office Supplies,Labels,Philadelphia,7,0.2,292.68,17.01
2018-12-18,Second Class,Consumer,Central,Technology,Accessories,Houston,6,0.1,1100.55,183.77
2018-12-18,Standard Class,Home Office,East,Furniture,Chairs,Columbus,2,0.0,665.89,33.38
2018-12-18,First Class,Corporate,South,Office Supplies,Art,Miami,9,0.0,397.66,60.6
2018-12-18,Standard Class,Corporate,South,Office Supplies,Envelopes,Charlotte,6,0.15,152.99,19.18
2018-12-19,Standard Class,Corporate,South,Office Supplies,Supplies,Atlanta,4,0.1,365.78,43.49
2018-12-19,Second Class,Consumer,West,Technology,Accessories,Los Angeles,6,0.4,2448.68,-257.05
2018-12-19,First Class,Corporate,West,Furniture,Furnishings,Los Angeles,3,0.15,293.31,20.58
2018-12-19,First Class,Consumer,West,Office Supplies,Art,Los Angeles,2,0.15,55.72,-3.35
2018-12-19,Standard Class,Consumer,South,Office Supplies,Fasteners,Nashville,5,0.0,151.83,25.76
2018-12-19,Standard Class,Consumer,West,Furniture,Tables,San Francisco,5,0.3,767.71,-0.06
2018-12-19,Standard Class,Home Office,West,Office Supplies,Fasteners,Seattle,1,0.05,33.75,4.69
2018-12-19,Second Class,Consumer,East,Technology,Accessories,Columbus,3,0.4,275.69,0.57
2018-12-19,Standard Class,Home Office,West,Technology,Copiers,Los Angeles,3,0.2,748.1,42.9
2018-12-20,Standard Class,Home Office,East,Office Supplies,Envelopes,Boston,9,0.15,473.89,57.04
2018-12-20,Standard Class,Consumer,West,Technology,Phones,San Francisco,7,0.2,1072.77,-99.89
2018-12-20,Standard Class,Consumer,West,Technology,Copiers,Seattle,4,0.1,1882.11,318.11
2018-12-20,Second Class,Corporate,Central,Office Supplies,Fasteners,Minneapolis,4,0.15,111.94,15.0
2018-12-20,Standard Class,Consumer,East,Technology,Phones,New York City,7,0.0,2662.86,621.96
2018-12-20,Standard Class,Home Office,Central,Office Supplies,Envelopes,Houston,9,0.4,673.93,-47.31
2018-12-20,Standard Class,Corporate,East,Office Supplies,Appliances,Columbus,4,0.0,575.27,100.9
2018-12-20,Standard Class,Consumer,Central,Office Supplies,Binders,Dallas,3,0.05,244.56,30.43
2018-12-20,Second Class,Corporate,Central,Technology,Machines,Dallas,9,0.2,1396.52,206.79
2018-12-20,Standard Class,Consumer,East,Office Supplies,Envelopes,New York City,2,0.15,112.74,-4.56
2018-12-21,Standard Class,Corporate,West,Office Supplies,Art,Los Angeles,3,0.2,577.8,30.72
2018-12-21,Standard Class,Home Office,South,Office Supplies,Storage,Nashville,8,0.0,221.76,47.34
2018-12-21,Standard Class,Corporate,West,Office Supplies,Labels,Seattle,3,0.0,120.83,20.35
2018-12-21,Standard Class,Home Office,West,Office Supplies,Labels,Seattle,1,0.15,50.43,3.2
2018-12-21,Second Class,Corporate,West,Office Supplies,Fasteners,San Francisco,6,0.0,363.59,57.61
2018-12-21,First Class,Consumer,West,Technology,Copiers,San Francisco,1,0.0,256.32,25.73
2018-12-21,Standard Class,Consumer,Central,Office Supplies,Envelopes,Dallas,8,0.1,215.08,31.5
2018-12-21,Standard Class,Consumer,South,Office Supplies,Appliances,Atlanta,7,0.3,191.0,-2.43
2018-12-22,Second Class,Consumer,West,Office Supplies,Binders,Los Angeles,4,0.2,267.86,30.49
2018-12-22,Standard Class,Home Office,Central,Office Supplies,Supplies,Dallas,3,0.1,48.43,6.17
2018-12-22,Standard Class,Consumer,West,Furniture,Chairs,Denver,6,0.2,399.63,-48.11
2018-12-22,Second Class,Home Office,Central,Office Supplies,Supplies,Chicago,8,0.15,269.3,35.55
2018-12-22,Standard Class,Consumer,West,Office Supplies,Appliances,Los Angeles,9,0.0,659.59,91.98
2018-12-22,Standard Class,Consumer,Central,Office Supplies,Appliances,Chicago,4,0.1,278.64,5.33
2018-12-23,Second Class,Consumer,South,Furniture,Furnishings,Miami,1,0.1,201.7,-6.57
2018-12-23,Standard Class,Consumer,Central,Furniture,Chairs,Minneapolis,4,0.15,784.12,-29.96
2018-12-24,Second Class,Consumer,Central,Office Supplies,Labels,Chicago,5,0.0,148.09,18.56
2018-12-24,Second Class,Consumer,South,Office Supplies,Supplies,Atlanta,9,0.2,228.99,25.05
2018-12-24,First Class,Consumer,South,Office Supplies,Labels,Nashville,6,0.05,185.12,22.37
2018-12-24,Standard Class,Consumer,East,Technology,Accessories,Boston,6,0.15,1180.53,46.04
2018-12-24,Standard Class,Consumer,East,Furniture,Furnishings,Philadelphia,3,0.1,476.01,8.62
2018-12-24,First Class,Corporate,East,Furniture,Chairs,Philadelphia,1,0.2,425.08,1.05
2018-12-25,Standard Class,Consumer,East,Technology,Accessories,New York City,5,0.0,3173.65,578.33
2018-12-25,Standard Class,Home Office,East,Office Supplies,Appliances,Boston,4,0.0,304.14,36.01
2018-12-25,Second Class,Corporate,West,Office Supplies,Labels,San Francisco,9,0.0,312.96,39.72
2018-12-25,Standard Class,Consumer,East,Office Supplies,Supplies,Boston,4,0.15,240.08,19.76
2018-12-25,First Class,Home Office,West,Office Supplies,Art,Seattle,7,0.3,237.42,-11.69
2018-12-25,First Class,Home Office,Central,Furniture,Furnishings,Dallas,2,0.2,242.47,11.12
2018-12-25,Standard Class,Consumer,West,Furniture,Chairs,Los Angeles,8,0.2,633.3,23.22
2018-12-25,Standard Class,Corporate,East,Office Supplies,Labels,Columbus,9,0.3,151.85,4.44
2018-12-25,Standard Class,Consumer,East,Office Supplies,Art,Philadelphia,4,0.0,254.07,73.52
2018-12-26,Standard Class,Corporate,West,Office Supplies,Storage,Los Angeles,4,0.0,225.04,55.83
2018-12-26,Standard Class,Consumer,West,Office Supplies,Labels,San Francisco,8,0.2,390.28,7.54
2018-12-26,Second Class,Consumer,East,Office Supplies,Art,New York City,1,0.3,26.71,0.72
2018-12-26,Standard Class,Consumer,East,Office Supplies,Supplies,New York City,3,0.15,109.53,-1.18
2018-12-26,Standard Class,Corporate,Central,Technology,Copiers,Houston,1,0.2,185.0,34.02
2018-12-26,Standard Class,Consumer,East,Technology,Phones,Philadelphia,6,0.2,1009.11,102.28
2018-12-26,First Class,Consumer,South,Furniture,Furnishings,Atlanta,3,0.0,273.99,25.07
2018-12-26,Second Class,Corporate,West,Office Supplies,Art,Seattle,4,0.2,290.25,8.36
2018-12-26,Standard Class,Consumer,West,Office Supplies,Fasteners,Seattle,7,0.0,247.32,84.36
2018-12-27,Standard Class,Consumer,South,Office Supplies,Binders,Charlotte,7,0.3,215.81,-12.6
2018-12-27,Standard Class,Corporate,East,Office Supplies,Paper,Columbus,6,0.3,213.35,2.22
2018-12-27,Standard Class,Consumer,East,Technology,Phones,Columbus,6,0.3,754.86,32.13
2018-12-27,Standard Class,Consumer,South,Office Supplies,Labels,Atlanta,2,0.1,372.24,59.65
2018-12-27,First Class,Consumer,West,Office Supplies,Paper,Los Angeles,9,0.0,236.81,39.2
2018-12-27,Standard Class,Corporate,West,Office Supplies,Appliances,Los Angeles,5,0.4,287.53,20.3
2018-12-28,Second Class,Corporate,East,Technology,Accessories,New York City,9,0.15,4390.41,542.61
2018-12-28,Standard Class,Consumer,East,Office Supplies,Binders,Columbus,2,0.4,126.48,-19.97
2018-12-28,Standard Class,Consumer,South,Technology,Phones,Atlanta,8,0.15,1796.65,326.89
2018-12-28,Standard Class,Consumer,South,Office Supplies,Art,Nashville,3,0.2,157.15,2.8
2018-12-28,First Class,Consumer,West,Office Supplies,Envelopes,San Francisco,3,0.2,107.85,9.51
2018-12-28,Standard Class,Consumer,West,Technology,Accessories,Denver,5,0.15,1083.0,198.84
2018-12-28,Standard Class,Home Office,Central,Office Supplies,Art,Minneapolis,3,0.4,148.87,-13.21
2018-12-29,Standard Class,Corporate,Central,Office Supplies,Envelopes,Chicago,3,0.15,211.94,27.36
2018-12-29,First Class,Consumer,West,Technology,Accessories,Los Angeles,1,0.2,81.75,8.34
2018-12-29,Standard Class,Consumer,Central,Furniture,Chairs,Houston,5,0.0,1438.73,123.74
2018-12-29,First Class,Consumer,East,Office Supplies,Supplies,Columbus,5,0.2,522.52,37.68
2018-12-29,Second Class,Corporate,East,Technology,Phones,Columbus,5,0.3,1376.99,44.63
2018-12-29,First Class,Consumer,East,Office Supplies,Paper,Columbus,7,0.2,403.11,41.2
2018-12-29,Standard Class,Corporate,Central,Office Supplies,Paper,Chicago,3,0.1,54.99,2.57
2018-12-30,Second Class,Consumer,South,Technology,Accessories,Charlotte,9,0.1,869.35,82.81
2018-12-30,Standard Class,Consumer,West,Furniture,Tables,Los Angeles,8,0.15,1100.41,-81.7
2018-12-30,Standard Class,Corporate,Central,Technology,Machines,Dallas,1,0.2,296.71,59.6
2018-12-31,Standard Class,Consumer,Central,Furniture,Tables,Dallas,1,0.05,133.18,-7.1
2018-12-31,First Class,Consumer,West,Office Supplies,Envelopes,Seattle,1,0.2,51.49,5.96
2018-12-31,Standard Class,Corporate,South,Office Supplies,Binders,Atlanta,4,0.0,240.86,45.83
2018-12-31,Standard Class,Consumer,East,Office Supplies,Paper,Columbus,6,0.15,498.02,28.44
2019-01-01,Standard Class,Consumer,West,Office Supplies,Fasteners,Seattle,4,0.1,125.05,8.19
2019-01-01,Second Class,Corporate,East,Technology,Machines,Philadelphia,5,0.0,405.11,108.42
2019-01-01,First Class,Corporate,East,Office Supplies,Binders,Boston,4,0.1,290.11,28.33
2019-01-01,Same Day,Consumer,East,Office Supplies,Labels,New York City,5,0.1,282.01,12.87
2019-01-01,Standard Class,Home Office,East,Office Supplies,Binders,New York City,4,0.0,443.75,66.6
2019-01-01,Second Class,Consumer,South,Office Supplies,Art,Nashville,4,0.15,379.71,48.05
2019-01-01,Standard Class,Consumer,East,Office Supplies,Fasteners,Philadelphia,4,0.1,173.65,19.61
2019-01-02,Standard Class,Corporate,East,Technology,Copiers,Philadelphia,8,0.0,3504.52,888.79
2019-01-02,Standard Class,Home Office,Central,Office Supplies,Paper,Dallas,7,0.4,529.53,-75.85
2019-01-02,Standard Class,Home Office,West,Office Supplies,Appliances,Denver,8,0.0,256.89,47.18
2019-01-02,Standard Class,Corporate,South,Technology,Accessories,Atlanta,6,0.0,1875.41,230.28
2019-01-02,Standard Class,Corporate,West,Office Supplies,Binders,Denver,9,0.15,581.84,45.82
2019-01-02,Standard Class,Corporate,West,Office Supplies,Labels,Seattle,8,0.4,504.94,-20.72
2019-01-03,First Class,Consumer,West,Office Supplies,Fasteners,Seattle,7,0.15,216.67,29.18
2019-01-03,Second Class,Consumer,West,Office Supplies,Paper,Los Angeles,1,0.0,74.15,13.47
2019-01-03,Second Class,Home Office,East,Office Supplies,Supplies,Philadelphia,7,0.0,576.07,139.93
2019-01-03,Second Class,Corporate,East,Office Supplies,Storage,Boston,8,0.1,560.79,77.87
2019-01-03,Standard Class,Consumer,East,Technology,Phones,Philadelphia,4,0.4,234.52,19.02
2019-01-03,Second Class,Corporate,Central,Furniture,Furnishings,Minneapolis,9,0.0,1829.57,147.93
2019-01-03,Standard Class,Home Office,Central,Technology,Machines,Houston,8,0.1,2984.35,476.15
2019-01-03,Second Class,Home Office,Central,Office Supplies,Appliances,Dallas,4,0.0,681.9,133.84
2019-01-04,Standard Class,Home Office,East,Technology,Copiers,Columbus,9,0.15,5053.35,727.62
2019-01-04,Standard Class,Home Office,West,Technology,Accessories,San Francisco,8,0.2,864.98,65.23
2019-01-04,Standard Class,Consumer,East,Furniture,Chairs,Boston,7,0.2,687.46,-42.41
2019-01-04,Standard Class,Home Office,South,Office Supplies,Binders,Atlanta,3,0.0,237.52,62.93
2019-01-05,Standard Class,Consumer,West,Furniture,Furnishings,Seattle,1,0.0,185.79,39.81
2019-01-05,Standard Class,Corporate,Central,Office Supplies,Binders,Houston,9,0.3,241.08,0.82
2019-01-05,Standard Class,Home Office,Central,Office Supplies,Envelopes,Houston,2,0.2,75.78,0.61
2019-01-05,Standard Class,Corporate,East,Office Supplies,Binders,Philadelphia,9,0.1,1015.72,82.81
2019-01-05,Standard Class,Corporate,Central,Office Supplies,Art,Chicago,3,0.0,145.82,25.45
2019-01-05,Same Day,Consumer,West,Technology,Accessories,Seattle,3,0.0,714.28,132.52
2019-01-06,Standard Class,Corporate,Central,Office Supplies,Supplies,Chicago,3,0.0,223.89,29.86
2019-01-06,Standard Class,Home Office,West,Furniture,Furnishings,San Francisco,9,0.2,1490.08,69.25
2019-01-06,First Class,Consumer,West,Office Supplies,Binders,Los Angeles,5,0.3,224.1,6.17
2019-01-06,Standard Class,Consumer,Central,Technology,Phones,Chicago,9,0.0,1451.45,366.57
2019-01-06,First Class,Home Office,South,Furniture,Chairs,Nashville,4,0.3,617.87,-68.53
2019-01-06,Second Class,Corporate,Central,Furniture,Chairs,Chicago,8,0.2,1472.86,-182.25
2019-01-06,Second Class,Corporate,Central,Office Supplies,Art,Dallas,6,0.0,465.14,130.56
2019-01-06,Second Class,Consumer,East,Office Supplies,Labels,Boston,5,0.0,373.72,65.88
2019-01-07,Standard Class,Consumer,Central,Office Supplies,Art,Chicago,7,0.2,524.04,2.22
2019-01-07,Standard Class,Consumer,East,Furniture,Chairs,Philadelphia,4,0.2,483.41,-18.26
2019-01-07,Second Class,Consumer,East,Furniture,Tables,New York City,2,0.2,448.31,-46.48
2019-01-07,Standard Class,Consumer,South,Office Supplies,Paper,Miami,9,0.2,261.69,30.9
2019-01-07,Standard Class,Consumer,Central,Office Supplies,Paper,Minneapolis,1,0.2,18.99,1.62
2019-01-07,Standard Class,Home Office,East,Technology,Machines,Philadelphia,2,0.15,538.37,33.3
2019-01-07,Standard Class,Corporate,East,Technology,Machines,Philadelphia,1,0.1,133.33,14.12
2019-01-07,Standard Class,Consumer,West,Office Supplies,Supplies,Seattle,4,0.05,385.11,76.89
2019-01-07,Standard Class,Corporate,South,Technology,Accessories,Nashville,4,0.05,974.85,115.33
2019-01-08,Standard Class,Consumer,Central,Office Supplies,Fasteners,Houston,8,0.15,799.6,60.35
2019-01-08,First Class,Consumer,East,Office Supplies,Paper,New York City,7,0.2,174.33,8.27
2019-01-08,Standard Class,Consumer,West,Office Supplies,Binders,San Francisco,5,0.2,255.86,44.58
2019-01-08,Standard Class,Consumer,West,Office Supplies,Paper,Los Angeles,4,0.0,254.06,38.04
2019-01-08,Second Class,Corporate,West,Technology,Accessories,Los Angeles,6,0.2,1300.57,103.8
2019-01-08,Same Day,Corporate,Central,Technology,Phones,Minneapolis,4,0.15,537.17,136.91
2019-01-08,Second Class,Corporate,East,Furniture,Chairs,Philadelphia,6,0.0,1294.67,126.99
2019-01-09,Standard Class,Consumer,East,Office Supplies,Appliances,Philadelphia,6,0.3,400.97,-59.57
2019-01-09,Standard Class,Consumer,Central,Office Supplies,Art,Houston,3,0.15,135.31,8.07
2019-01-09,First Class,Consumer,South,Office Supplies,Storage,Charlotte,8,0.0,1180.77,235.19
2019-01-09,Standard Class,Corporate,West,Technology,Phones,San Francisco,3,0.0,711.18,203.66
2019-01-09,Second Class,Consumer,South,Office Supplies,Appliances,Charlotte,3,0.0,298.76,28.02
2019-01-09,Same Day,Consumer,Central,Furniture,Furnishings,Dallas,6,0.05,960.03,52.83
2019-01-10,Standard Class,Consumer,South,Office Supplies,Envelopes,Nashville,8,0.2,439.26,-28.8
2019-01-10,First Class,Consumer,Central,Furniture,Tables,Minneapolis,7,0.0,933.27,97.02
2019-01-10,Standard Class,Consumer,West,Office Supplies,Paper,Denver,9,0.0,277.15,47.73
2019-01-10,Standard Class,Consumer,South,Office Supplies,Fasteners,Atlanta,6,0.15,419.16,29.05
2019-01-10,Same Day,Corporate,West,Office Supplies,Supplies,Denver,1,0.15,66.13,0.39
2019-01-10,Standard Class,Consumer,East,Technology,Machines,Philadelphia,6,0.0,3144.93,114.68
2019-01-10,First Class,Consumer,Central,Office Supplies,Appliances,Dallas,5,0.2,296.78,1.54
2019-01-10,Standard Class,Corporate,East,Office Supplies,Art,New York City,5,0.05,172.17,-5.55
2019-01-11,Standard Class,Consumer,East,Office Supplies,Envelopes,New York City,9,0.05,183.0,24.54
2019-01-11,Standard Class,Consumer,East,Furniture,Chairs,Philadelphia,4,0.0,635.55,56.67
2019-01-11,Standard Class,Consumer,West,Office Supplies,Supplies,Denver,7,0.0,169.54,21.37
2019-01-11,Standard Class,Corporate,East,Office Supplies,Art,Philadelphia,5,0.2,54.81,-0.48
2019-01-11,Same Day,Corporate,West,Office Supplies,Paper,San Francisco,1,0.0,50.57,14.02
2019-01-11,Standard Class,Corporate,South,Office Supplies,Paper,Atlanta,6,0.1,286.33,44.81
2019-01-11,Standard Class,Home Office,West,Technology,Machines,San Francisco,4,0.2,982.28,89.64
2019-01-11,Standard Class,Consumer,Central,Furniture,Tables,Chicago,7,0.2,1227.93,-33.48
2019-01-11,Second Class,Consumer,South,Office Supplies,Storage,Miami,9,0.0,313.9,48.81
2019-01-12,Standard Class,Consumer,West,Furniture,Furnishings,Los Angeles,8,0.2,2335.8,61.02
2019-01-12,Standard Class,Home Office,West,Furniture,Bookcases,Seattle,2,0.15,522.56,-22.74
2019-01-12,Standard Class,Consumer,South,Technology,Machines,Charlotte,6,0.0,2203.14,546.52
2019-01-12,Second Class,Consumer,South,Office Supplies,Supplies,Nashville,9,0.15,703.82,79.02
2019-01-12,Standard Class,Corporate,South,Furniture,Furnishings,Miami,8,0.0,3284.97,-15.68
2019-01-12,First Class,Consumer,South,Furniture,Furnishings,Charlotte,3,0.05,255.6,-3.84
2019-01-12,Standard Class,Corporate,Central,Office Supplies,Art,Minneapolis,4,0.15,148.5,15.95
2019-01-12,Standard Class,Corporate,Central,Office Supplies,Envelopes,Dallas,3,0.4,134.6,-12.89
2019-01-12,Second Class,Consumer,South,Technology,Machines,Charlotte,7,0.1,2139.26,123.74
2019-01-13,Standard Class,Consumer,Central,Office Supplies,Binders,Chicago,2,0.0,78.33,17.27
2019-01-13,First Class,Corporate,South,Office Supplies,Fasteners,Miami,5,0.0,78.89,12.25
2019-01-13,Standard Class,Consumer,West,Furniture,Furnishings,Denver,4,0.0,668.01,56.82
2019-01-13,Second Class,Corporate,East,Office Supplies,Supplies,New York City,4,0.15,136.62,9.3
2019-01-13,Standard Class,Consumer,Central,Technology,Copiers,Chicago,6,0.0,1143.36,205.36
2019-01-13,Standard Class,Home Office,West,Office Supplies,Binders,Denver,4,0.1,96.92,6.12
2019-01-13,First Class,Consumer,South,Office Supplies,Supplies,Nashville,6,0.0,493.09,57.2
2019-01-13,Same Day,Consumer,South,Office Supplies,Art,Miami,8,0.15,341.14,5.12
2019-01-13,Second Class,Corporate,South,Technology,Machines,Charlotte,4,0.0,1670.33,274.44
2019-01-14,Standard Class,Corporate,East,Office Supplies,Fasteners,New York City,5,0.3,364.12,1.53
2019-01-14,First Class,Corporate,East,Furniture,Furnishings,Boston,2,0.0,469.84,-22.77
2019-01-14,Standard Class,Consumer,Central,Office Supplies,Paper,Minneapolis,2,0.1,208.36,14.43
2019-01-14,Second Class,Corporate,South,Technology,Machines,Nashville,6,0.3,898.72,26.76
2019-01-14,First Class,Consumer,South,Office Supplies,Paper,Nashville,9,0.4,427.46,17.74
2019-01-14,Standard Class,Home Office,Central,Technology,Phones,Minneapolis,9,0.2,2756.35,338.37
2019-01-14,Standard Class,Consumer,Central,Office Supplies,Paper,Minneapolis,6,0.4,193.66,-11.32
2019-01-14,Second Class,Consumer,Central,Office Supplies,Binders,Chicago,6,0.1,215.74,-0.48
2019-01-15,Standard Class,Consumer,East,Furniture,Bookcases,New York City,6,0.15,747.45,43.54
2019-01-15,Standard Class,Consumer,East,Technology,Phones,New York City,8,0.3,1353.94,90.52
2019-01-15,Standard Class,Consumer,West,Furniture,Tables,San Francisco,6,0.15,620.07,11.89
2019-01-15,Second Class,Consumer,East,Furniture,Tables,Philadelphia,2,0.1,846.61,-28.54
2019-01-15,Second Class,Home Office,East,Office Supplies,Storage,Philadelphia,4,0.2,214.01,-1.76
2019-01-15,First Class,Corporate,South,Furniture,Chairs,Miami,4,0.0,693.15,119.17
2019-01-15,First Class,Corporate,West,Furniture,Furnishings,San Francisco,6,0.4,343.11,-55.72
2019-01-15,Standard Class,Consumer,Central,Office Supplies,Appliances,Chicago,5,0.15,134.37,13.95
2019-01-15,Second Class,Home Office,West,Office Supplies,Storage,Seattle,9,0.15,727.18,27.13
2019-01-16,Standard Class,Consumer,East,Office Supplies,Supplies,Boston,1,0.2,37.96,-1.03
2019-01-16,First Class,Consumer,West,Office Supplies,Labels,Seattle,8,0.0,424.41,121.25
2019-01-16,Second Class,Corporate,West,Furniture,Furnishings,Denver,7,0.1,1342.64,-22.87
2019-01-16,Standard Class,Consumer,Central,Office Supplies,Supplies,Chicago,9,0.1,729.75,84.11
2019-01-16,Standard Class,Corporate,West,Office Supplies,Supplies,Seattle,5,0.2,259.9,-2.07
2019-01-16,First Class,Consumer,South,Technology,Copiers,Miami,6,0.3,1125.1,-46.27
2019-01-16,Same Day,Consumer,Central,Technology,Accessories,Chicago,1,0.0,302.12,53.23
2019-01-17,Standard Class,Corporate,Central,Office Supplies,Envelopes,Dallas,5,0.0,311.33,66.71
2019-01-17,Standard Class,Home Office,East,Office Supplies,Paper,Philadelphia,4,0.2,101.96,0.57
2019-01-17,Standard Class,Consumer,South,Technology,Machines,Miami,8,0.1,3354.07,376.25
2019-01-17,Second Class,Corporate,West,Office Supplies,Supplies,Los Angeles,4,0.0,128.98,22.46
2019-01-17,Second Class,Home Office,South,Furniture,Furnishings,Atlanta,2,0.0,225.67,7.4
2019-01-17,Standard Class,Consumer,West,Technology,Accessories,Los Angeles,5,0.0,2881.19,623.74
2019-01-17,Standard Class,Corporate,Central,Office Supplies,Envelopes,Minneapolis,1,0.1,123.65,19.6
2019-01-17,Standard Class,Consumer,Central,Technology,Accessories,Minneapolis,5,0.15,546.89,73.86
2019-01-17,Standard Class,Consumer,West,Office Supplies,Fasteners,Seattle,3,0.0,128.7,11.02
2019-01-18,Standard Class,Consumer,East,Furniture,Furnishings,New York City,4,0.0,739.57,26.21
2019-01-18,Standard Class,Corporate,West,Office Supplies,Supplies,Denver,2,0.2,22.22,2.29
2019-01-18,Standard Class,Home Office,East,Technology,Phones,New York City,9,0.4,947.94,-9.96
2019-01-19,Standard Class,Consumer,Central,Furniture,Chairs,Chicago,7,0.0,1055.85,15.65
2019-01-19,Standard Class,Home Office,West,Office Supplies,Appliances,San Francisco,7,0.05,104.0,14.96
2019-01-19,Standard Class,Consumer,East,Office Supplies,Appliances,Columbus,7,0.1,525.26,39.46
2019-01-19,Same Day,Consumer,West,Office Supplies,Labels,Los Angeles,8,0.15,449.14,52.17
2019-01-19,First Class,Consumer,West,Technology,Machines,Seattle,4,0.05,673.33,146.53
2019-01-19,Standard Class,Consumer,East,Office Supplies,Supplies,New York City,9,0.15,302.22,13.69
2019-01-19,Same Day,Consumer,South,Office Supplies,Appliances,Nashville,1,0.1,37.82,4.59
2019-01-20,Second Class,Corporate,Central,Technology,Machines,Dallas,9,0.15,2443.5,305.35
2019-01-20,Standard Class,Corporate,West,Office Supplies,Supplies,Los Angeles,3,0.0,159.83,36.97
2019-01-20,First Class,Home Office,Central,Office Supplies,Appliances,Minneapolis,9,0.0,669.77,191.07
2019-01-20,First Class,Consumer,South,Furniture,Tables,Atlanta,3,0.15,330.71,-4.32
2019-01-20,Standard Class,Corporate,West,Office Supplies,Fasteners,San Francisco,2,0.0,132.39,33.59
2019-01-20,Standard Class,Consumer,Central,Furniture,Furnishings,Houston,5,0.1,439.75,51.11
2019-01-20,Standard Class,Consumer,East,Office Supplies,Storage,Columbus,2,0.4,35.64,-1.56
2019-01-20,Standard Class,Consumer,West,Office Supplies,Art,Los Angeles,4,0.3,249.53,-8.64
2019-01-20,Standard Class,Consumer,East,Office Supplies,Labels,Boston,8,0.1,376.26,35.46
2019-01-20,Standard Class,Corporate,Central,Office Supplies,Supplies,Chicago,6,0.1,137.14,13.11
2019-01-20,Standard Class,Consumer,East,Office Supplies,Appliances,New York City,5,0.0,472.65,37.45
2019-01-20,Standard Class,Home Office,South,Office Supplies,Appliances,Miami,9,0.0,574.17,57.57
2019-01-20,Standard Class,Consumer,West,Office Supplies,Appliances,Seattle,6,0.1,511.2,44.77
2019-01-20,Second Class,Consumer,East,Office Supplies,Storage,Columbus,9,0.0,309.16,74.19
2019-01-20,Standard Class,Corporate,Central,Office Supplies,Storage,Houston,2,0.0,205.16,36.48
2019-01-21,Standard Class,Consumer,East,Furniture,Bookcases,Columbus,9,0.05,3934.15,514.54
2019-01-21,Second Class,Home Office,West,Office Supplies,Envelopes,Denver,1,0.2,88.05,16.54
2019-01-21,Standard Class,Consumer,South,Furniture,Chairs,Miami,1,0.05,255.78,-0.04
2019-01-21,Second Class,Consumer,West,Office Supplies,Paper,San Francisco,4,0.15,146.42,-1.16
2019-01-21,Standard Class,Corporate,West,Furniture,Tables,Denver,9,0.15,1232.02,-30.1
2019-01-21,First Class,Consumer,West,Furniture,Chairs,Los Angeles,4,0.15,806.17,53.44
2019-01-21,Standard Class,Corporate,East,Office Supplies,Fasteners,Boston,3,0.05,115.42,17.37
2019-01-21,Standard Class,Home Office,Central,Office Supplies,Storage,Chicago,9,0.0,638.21,111.81
2019-01-22,Standard Class,Consumer,South,Furniture,Tables,Miami,3,0.1,936.55,74.87
2019-01-22,Standard Class,Corporate,South,Office Supplies,Fasteners,Atlanta,2,0.1,258.64,25.63
2019-01-22,Standard Class,Home Office,Central,Office Supplies,Paper,Dallas,9,0.1,176.19,17.09
2019-01-22,Second Class,Corporate,South,Office Supplies,Envelopes,Atlanta,5,0.2,53.88,5.53
2019-01-22,Standard Class,Home Office,Central,Office Supplies,Storage,Minneapolis,6,0.0,80.6,6.92
2019-01-22,Standard Class,Home Office,South,Technology,Copiers,Miami,2,0.15,325.66,54.81
2019-01-22,Standard Class,Consumer,Central,Office Supplies,Binders,Dallas,9,0.0,1038.38,198.71
2019-01-23,Second Class,Consumer,South,Technology,Copiers,Miami,3,0.1,662.89,73.51
2019-01-23,Standard Class,Consumer,Central,Office Supplies,Binders,Houston,9,0.15,305.41,2.63
2019-01-23,Standard Class,Consumer,South,Technology,Machines,Nashville,7,0.1,1470.97,229.95
2019-01-23,Standard Class,Home Office,Central,Furniture,Bookcases,Dallas,3,0.1,340.4,-13.56
2019-01-23,Standard Class,Home Office,South,Technology,Phones,Nashville,8,0.3,2367.28,180.64
2019-01-24,Standard Class,Consumer,East,Office Supplies,Appliances,New York City,8,0.4,205.52,-31.69
2019-01-24,First Class,Consumer,West,Office Supplies,Art,San Francisco,4,0.05,184.13,27.88
2019-01-24,Standard Class,Consumer,West,Office Supplies,Supplies,Denver,5,0.1,209.76,17.95
2019-01-24,First Class,Consumer,Central,Office Supplies,Labels,Houston,4,0.3,78.7,1.51
2019-01-24,Standard Class,Corporate,West,Furniture,Bookcases,San Francisco,8,0.05,1147.02,5.57
2019-01-24,Second Class,Home Office,West,Office Supplies,Labels,Seattle,4,0.2,157.9,8.0
2019-01-24,Standard Class,Consumer,West,Office Supplies,Binders,San Francisco,6,0.0,371.01,48.42
2019-01-24,Second Class,Consumer,East,Office Supplies,Supplies,Philadelphia,3,0.1,58.47,5.12
2019-01-25,Standard Class,Consumer,East,Office Supplies,Fasteners,Columbus,5,0.2,287.78,-1.32
2019-01-25,Standard Class,Consumer,South,Office Supplies,Binders,Charlotte,9,0.0,318.26,62.03
2019-01-25,Second Class,Corporate,West,Office Supplies,Labels,Los Angeles,4,0.15,62.47,7.35
2019-01-25,Standard Class,Consumer,East,Furniture,Furnishings,New York City,3,0.0,419.04,69.49
2019-01-25,Same Day,Corporate,South,Furniture,Tables,Atlanta,5,0.1,1061.17,74.5
2019-01-25,Standard Class,Consumer,East,Furniture,Tables,New York City,7,0.2,1001.35,-30.76
2019-01-25,First Class,Corporate,Central,Technology,Copiers,Dallas,4,0.0,1206.29,239.75
2019-01-25,Standard Class,Home Office,East,Office Supplies,Appliances,New York City,9,0.1,719.59,31.7
2019-01-25,First Class,Consumer,East,Office Supplies,Fasteners,Boston,3,0.3,134.03,11.4
2019-01-25,Standard Class,Consumer,South,Office Supplies,Binders,Atlanta,6,0.1,198.68,25.81
2019-01-26,Standard Class,Corporate,Central,Technology,Copiers,Minneapolis,1,0.0,346.82,73.64
2019-01-26,Second Class,Consumer,South,Technology,Copiers,Miami,1,0.0,74.68,18.22
2019-01-26,Standard Class,Corporate,East,Office Supplies,Fasteners,Boston,5,0.0,160.49,29.48
2019-01-26,Standard Class,Corporate,South,Office Supplies,Art,Atlanta,9,0.2,134.44,10.93
2019-01-26,Standard Class,Consumer,East,Office Supplies,Supplies,Columbus,5,0.2,163.09,18.01
2019-01-26,Second Class,Consumer,Central,Office Supplies,Paper,Houston,6,0.1,247.28,33.15
2019-01-26,Standard Class,Corporate,Central,Furniture,Bookcases,Houston,4,0.15,530.16,1.17
2019-01-26,Standard Class,Consumer,Central,Furniture,Furnishings,Dallas,9,0.2,2055.85,91.53
2019-01-26,Same Day,Home Office,West,Office Supplies,Binders,San Francisco,4,0.15,190.3,35.67
2019-01-26,First Class,Consumer,Central,Office Supplies,Appliances,Minneapolis,9,0.1,435.58,25.45
2019-01-27,Second Class,Corporate,South,Technology,Machines,Miami,7,0.0,2005.59,431.18
2019-01-27,Second Class,Corporate,South,Office Supplies,Envelopes,Charlotte,4,0.1,168.96,0.57
2019-01-27,Standard Class,Home Office,Central,Office Supplies,Art,Minneapolis,5,0.2,275.21,39.89
2019-01-27,Standard Class,Consumer,West,Office Supplies,Binders,Denver,2,0.0,141.67,30.71
2019-01-28,Standard Class,Consumer,South,Office Supplies,Fasteners,Miami,8,0.0,432.63,59.0
2019-01-28,Standard Class,Home Office,West,Office Supplies,Labels,Denver,3,0.15,46.83,4.21
2019-01-28,Standard Class,Corporate,West,Office Supplies,Supplies,Los Angeles,8,0.4,258.94,-33.93
2019-01-28,Standard Class,Corporate,East,Furniture,Chairs,Philadelphia,7,0.1,1346.91,-62.84
2019-01-28,Second Class,Consumer,East,Office Supplies,Fasteners,Philadelphia,6,0.15,204.82,21.21
2019-01-28,Standard Class,Consumer,West,Office Supplies,Art,Seattle,4,0.1,495.47,37.81
2019-01-28,Standard Class,Corporate,Central,Office Supplies,Paper,Chicago,4,0.05,311.95,20.66
2019-01-29,Standard Class,Consumer,East,Technology,Machines,Boston,1,0.2,301.99,39.65
2019-01-29,Second Class,Corporate,East,Office Supplies,Supplies,Boston,2,0.2,48.88,-0.18
2019-01-29,Same Day,Consumer,Central,Technology,Phones,Houston,9,0.0,1505.61,409.75
2019-01-29,Standard Class,Consumer,East,Office Supplies,Paper,Philadelphia,4,0.0,197.9,26.85
2019-01-30,Standard Class,Corporate,Central,Office Supplies,Paper,Dallas,4,0.3,103.23,-13.19
2019-01-30,Standard Class,Consumer,South,Technology,Accessories,Miami,3,0.1,1934.6,473.79
2019-01-30,Standard Class,Consumer,Central,Office Supplies,Labels,Chicago,5,0.0,255.99,31.13
2019-01-30,Second Class,Consumer,Central,Office Supplies,Supplies,Chicago,6,0.4,524.44,-16.71
2019-01-30,First Class,Consumer,Central,Furniture,Chairs,Dallas,1,0.1,223.28,3.11
2019-01-30,Same Day,Home Office,East,Office Supplies,Envelopes,Columbus,7,0.2,161.01,16.09
2019-01-30,Standard Class,Consumer,West,Office Supplies,Appliances,San Francisco,7,0.15,251.45,2.0
2019-01-30,Standard Class,Corporate,West,Technology,Copiers,Los Angeles,8,0.0,4057.06,1145.39
2019-01-30,Standard Class,Home Office,East,Office Supplies,Paper,Boston,6,0.0,967.91,146.24
2019-01-31,Same Day,Consumer,West,Office Supplies,Fasteners,San Francisco,5,0.4,211.59,-19.1
2019-01-31,Standard Class,Home Office,West,Office Supplies,Labels,Los Angeles,9,0.0,429.66,62.42
2019-01-31,Standard Class,Consumer,West,Office Supplies,Fasteners,Denver,6,0.0,175.56,19.79
2019-01-31,Standard Class,Corporate,East,Office Supplies,Envelopes,Boston,7,0.3,118.72,-6.81
2019-01-31,Second Class,Consumer,West,Furniture,Chairs,San Francisco,4,0.3,454.16,-44.17
2019-02-01,Standard Class,Home Office,West,Office Supplies,Art,Denver,4,0.1,186.73,35.93
2019-02-01,Standard Class,Consumer,Central,Office Supplies,Labels,Houston,3,0.15,229.61,24.37
2019-02-01,Standard Class,Consumer,Central,Office Supplies,Envelopes,Dallas,3,0.1,104.54,4.09
2019-02-01,Same Day,Consumer,West,Office Supplies,Paper,Los Angeles,7,0.0,167.49,43.34
2019-02-01,Standard Class,Corporate,Central,Technology,Machines,Chicago,9,0.0,1887.04,280.89
2019-02-01,Standard Class,Corporate,East,Office Supplies,Binders,New York City,1,0.0,62.97,11.83
2019-02-01,First Class,Consumer,South,Furniture,Bookcases,Miami,5,0.2,535.08,-18.07
2019-02-01,Second Class,Home Office,West,Furniture,Furnishings,Seattle,3,0.1,874.03,99.16
2019-02-01,Standard Class,Corporate,East,Furniture,Furnishings,Boston,9,0.0,791.01,43.01
2019-02-01,Same Day,Home Office,West,Office Supplies,Fasteners,Los Angeles,2,0.3,33.6,-2.42
2019-02-01,Second Class,Corporate,Central,Office Supplies,Binders,Minneapolis,7,0.0,342.17,44.9
2019-02-02,Standard Class,Consumer,East,Technology,Machines,Boston,1,0.0,147.66,35.71
2019-02-02,Standard Class,Home Office,Central,Furniture,Furnishings,Chicago,6,0.15,630.26,22.16
2019-02-02,First Class,Corporate,West,Office Supplies,Art,Los Angeles,6,0.0,190.45,31.93
2019-02-02,Standard Class,Consumer,West,Office Supplies,Binders,Denver,1,0.1,53.92,11.49
2019-02-02,Standard Class,Consumer,East,Furniture,Bookcases,Philadelphia,8,0.2,2355.71,-44.51
2019-02-02,Standard Class,Consumer,East,Technology,Copiers,New York City,2,0.1,453.01,25.02
2019-02-02,Standard Class,Consumer,East,Technology,Machines,New York City,5,0.0,844.47,159.4
2019-02-02,Standard Class,Consumer,West,Office Supplies,Binders,Los Angeles,6,0.2,253.65,8.86
2019-02-02,Standard Class,Consumer,West,Office Supplies,Art,San Francisco,3,0.1,136.24,5.53
2019-02-02,Second Class,Consumer,East,Office Supplies,Art,Columbus,9,0.1,228.61,32.09
2019-02-02,First Class,Consumer,Central,Office Supplies,Supplies,Chicago,1,0.3,20.74,0.91
2019-02-03,Standard Class,Corporate,East,Office Supplies,Binders,New York City,5,0.3,206.3,-5.84
2019-02-03,Standard Class,Home Office,South,Office Supplies,Storage,Atlanta,4,0.0,302.03,52.4
2019-02-03,First Class,Home Office,East,Furniture,Chairs,Philadelphia,2,0.4,148.43,-16.69
2019-02-03,Second Class,Consumer,East,Office Supplies,Appliances,Columbus,8,0.1,554.89,55.4
2019-02-04,Standard Class,Consumer,South,Technology,Copiers,Miami,2,0.0,288.81,50.38
2019-02-04,Second Class,Home Office,Central,Office Supplies,Storage,Minneapolis,5,0.1,215.8,43.29
2019-02-04,Standard Class,Corporate,East,Office Supplies,Envelopes,New York City,1,0.05,45.51,1.18
2019-02-04,Standard Class,Corporate,West,Office Supplies,Storage,Denver,1,0.05,54.6,6.57
2019-02-04,Standard Class,Home Office,Central,Office Supplies,Labels,Houston,2,0.1,114.16,15.94
2019-02-04,Standard Class,Consumer,East,Technology,Phones,New York City,3,0.1,416.17,98.82
2019-02-04,Standard Class,Corporate,East,Office Supplies,Envelopes,Philadelphia,6,0.3,199.71,-7.33
2019-02-04,Second Class,Consumer,East,Office Supplies,Art,Philadelphia,5,0.2,198.59,23.91
2019-02-04,Standard Class,Consumer,West,Technology,Accessories,Seattle,8,0.1,4850.52,523.98
2019-02-04,Second Class,Corporate,West,Office Supplies,Fasteners,Los Angeles,4,0.2,252.1,-9.8
2019-02-04,First Class,Consumer,West,Office Supplies,Binders,Seattle,7,0.0,298.53,78.08
2019-02-05,Standard Class,Consumer,Central,Furniture,Bookcases,Minneapolis,7,0.2,1187.81,35.83
2019-02-05,Standard Class,Home Office,West,Office Supplies,Appliances,Los Angeles,9,0.2,735.84,58.27
2019-02-05,Second Class,Consumer,West,Furniture,Furnishings,Denver,6,0.0,1619.34,9.36
2019-02-05,Second Class,Consumer,West,Technology,Phones,Seattle,3,0.15,1719.35,402.07
2019-02-05,Same Day,Corporate,Central,Office Supplies,Art,Minneapolis,5,0.15,156.6,19.11
2019-02-05,Standard Class,Corporate,East,Furniture,Furnishings,Columbus,4,0.3,768.38,-79.44
2019-02-05,Second Class,Corporate,Central,Office Supplies,Appliances,Dallas,3,0.1,170.71,26.92
2019-02-05,Standard Class,Home Office,West,Office Supplies,Envelopes,Seattle,6,0.2,155.91,3.92
2019-02-05,Standard Class,Consumer,West,Office Supplies,Supplies,San Francisco,3,0.1,144.92,14.11
2019-02-05,Standard Class,Home Office,West,Furniture,Tables,Los Angeles,3,0.0,396.87,33.53
2019-02-06,First Class,Home Office,South,Office Supplies,Art,Miami,2,0.0,177.82,47.63
2019-02-06,Standard Class,Corporate,West,Office Supplies,Binders,Denver,4,0.15,244.1,6.59
2019-02-06,First Class,Consumer,East,Office Supplies,Fasteners,Columbus,8,0.15,134.22,14.27
2019-02-06,Standard Class,Corporate,South,Technology,Phones,Charlotte,4,0.0,1833.8,171.67
2019-02-06,First Class,Corporate,West,Office Supplies,Binders,San Francisco,1,0.0,117.31,24.66
2019-02-06,Standard Class,Consumer,West,Technology,Machines,Denver,2,0.1,1264.15,250.19
2019-02-07,Standard Class,Consumer,East,Office Supplies,Appliances,Boston,7,0.15,353.36,45.99
2019-02-07,Second Class,Consumer,West,Office Supplies,Fasteners,Seattle,9,0.0,478.84,51.56
2019-02-07,Standard Class,Corporate,Central,Office Supplies,Paper,Chicago,1,0.0,46.21,8.48
2019-02-08,Standard Class,Home Office,South,Technology,Machines,Charlotte,5,0.3,1361.23,132.55
2019-02-08,Standard Class,Home Office,Central,Office Supplies,Binders,Chicago,7,0.1,329.08,34.12
2019-02-08,First Class,Consumer,East,Office Supplies,Fasteners,New York City,3,0.05,142.2,32.96
2019-02-08,Second Class,Home Office,South,Office Supplies,Labels,Miami,2,0.0,91.49,21.96
2019-02-08,Standard Class,Consumer,East,Office Supplies,Appliances,Boston,9,0.1,267.95,23.95
2019-02-08,Standard Class,Corporate,Central,Office Supplies,Supplies,Minneapolis,3,0.1,158.27,15.72
2019-02-09,First Class,Consumer,West,Furniture,Tables,San Francisco,6,0.1,1466.77,62.93
2019-02-09,Standard Class,Home Office,Central,Office Supplies,Binders,Chicago,6,0.2,186.26,5.55
2019-02-09,Second Class,Consumer,East,Furniture,Bookcases,Columbus,5,0.2,770.85,99.77
2019-02-09,Second Class,Corporate,Central,Furniture,Chairs,Chicago,2,0.0,228.14,47.72
2019-02-09,Standard Class,Corporate,West,Office Supplies,Appliances,San Francisco,2,0.3,85.79,-4.76
2019-02-09,Standard Class,Corporate,West,Technology,Accessories,Los Angeles,8,0.15,1226.0,73.31
2019-02-09,Second Class,Consumer,Central,Technology,Phones,Houston,4,0.15,640.28,101.28
2019-02-09,Standard Class,Consumer,West,Furniture,Furnishings,Denver,7,0.3,506.65,1.55
2019-02-09,Standard Class,Consumer,West,Furniture,Bookcases,Seattle,5,0.3,591.95,-74.49
2019-02-09,Standard Class,Consumer,East,Office Supplies,Appliances,Philadelphia,2,0.0,68.65,7.63
2019-02-09,Standard Class,Consumer,Central,Office Supplies,Binders,Dallas,6,0.0,160.61,16.49
2019-02-10,Standard Class,Consumer,East,Office Supplies,Storage,Columbus,9,0.0,369.16,16.41
2019-02-10,Standard Class,Home Office,South,Office Supplies,Supplies,Charlotte,8,0.15,574.61,22.72
2019-02-10,Second Class,Consumer,South,Office Supplies,Appliances,Charlotte,8,0.15,368.05,16.46
2019-02-10,First Class,Home Office,East,Office Supplies,Envelopes,Columbus,4,0.15,137.54,13.03
2019-02-10,Standard Class,Corporate,East,Office Supplies,Appliances,Philadelphia,3,0.0,97.54,17.75
2019-02-10,Standard Class,Consumer,South,Technology,Copiers,Nashville,3,0.0,554.33,94.71
2019-02-10,Standard Class,Corporate,East,Office Supplies,Storage,Columbus,4,0.1,172.03,8.99
2019-02-11,Standard Class,Home Office,East,Office Supplies,Fasteners,New York City,5,0.0,249.45,38.43
2019-02-11,First Class,Corporate,East,Office Supplies,Binders,Philadelphia,5,0.15,75.79,11.27
2019-02-11,Standard Class,Home Office,Central,Furniture,Bookcases,Dallas,9,0.2,871.84,-104.44
2019-02-11,Second Class,Consumer,Central,Furniture,Bookcases,Dallas,4,0.1,460.96,22.46
2019-02-11,Standard Class,Consumer,Central,Furniture,Bookcases,Dallas,3,0.15,731.24,-108.55
2019-02-11,Second Class,Consumer,East,Office Supplies,Envelopes,New York City,6,0.05,319.97,7.43
2019-02-11,Standard Class,Consumer,South,Furniture,Furnishings,Atlanta,7,0.2,904.1,-71.81
2019-02-11,Standard Class,Corporate,Central,Office Supplies,Binders,Minneapolis,7,0.1,281.15,38.38
2019-02-11,Standard Class,Consumer,East,Office Supplies,Appliances,New York City,5,0.3,145.15,1.69
2019-02-11,Second Class,Corporate,Central,Furniture,Furnishings,Chicago,5,0.0,1120.1,79.81
2019-02-12,Standard Class,Consumer,South,Technology,Copiers,Miami,1,0.4,67.87,-3.71
2019-02-12,Standard Class,Corporate,Central,Technology,Accessories,Houston,5,0.2,1928.14,109.38
2019-02-12,Second Class,Home Office,East,Office Supplies,Art,Philadelphia,7,0.3,149.22,3.7
2019-02-12,Standard Class,Corporate,South,Office Supplies,Art,Charlotte,8,0.2,362.39,14.03
2019-02-12,Second Class,Consumer,Central,Office Supplies,Storage,Houston,1,0.15,25.14,3.77
2019-02-12,Standard Class,Corporate,East,Furniture,Tables,Boston,8,0.1,747.7,-5.19
2019-02-12,Standard Class,Consumer,West,Technology,Phones,Seattle,3,0.1,627.84,151.57
2019-02-13,Standard Class,Corporate,South,Office Supplies,Paper,Miami,4,0.1,402.83,59.06
2019-02-13,Standard Class,Corporate,West,Office Supplies,Envelopes,Los Angeles,9,0.1,407.55,75.16
2019-02-13,Standard Class,Consumer,West,Technology,Machines,Denver,3,0.3,1414.72,-34.97
2019-02-13,Standard Class,Corporate,West,Office Supplies,Binders,Seattle,8,0.1,369.66,73.45
2019-02-13,Standard Class,Consumer,West,Technology,Copiers,San Francisco,3,0.0,350.9,80.61
2019-02-14,Standard Class,Corporate,South,Technology,Accessories,Atlanta,1,0.15,354.93,39.55
2019-02-14,Second Class,Corporate,East,Furniture,Furnishings,Columbus,5,0.2,1112.2,-97.27
2019-02-15,First Class,Home Office,South,Office Supplies,Labels,Nashville,6,0.2,183.69,14.09
2019-02-15,First Class,Home Office,East,Office Supplies,Labels,Columbus,9,0.15,365.45,18.92
2019-02-15,Standard Class,Home Office,West,Office Supplies,Labels,Seattle,9,0.3,616.59,9.34
2019-02-15,Second Class,Consumer,West,Office Supplies,Storage,Seattle,2,0.0,31.04,3.46
2019-02-16,Standard Class,Home Office,West,Office Supplies,Art,San Francisco,9,0.0,297.77,57.16
2019-02-16,Standard Class,Corporate,Central,Office Supplies,Labels,Dallas,4,0.05,115.34,19.23
2019-02-16,Standard Class,Consumer,East,Office Supplies,Storage,Boston,7,0.0,212.83,21.85
2019-02-16,Same Day,Corporate,East,Furniture,Bookcases,Columbus,1,0.1,62.63,-2.35
2019-02-16,Second Class,Consumer,West,Technology,Phones,Denver,6,0.0,1212.05,295.61
2019-02-16,Standard Class,Corporate,Central,Office Supplies,Storage,Chicago,8,0.1,459.0,48.78
2019-02-16,Standard Class,Corporate,Central,Furniture,Bookcases,Houston,2,0.0,553.86,-12.68
2019-02-16,First Class,Home Office,South,Technology,Copiers,Atlanta,5,0.15,343.79,40.1
2019-02-16,First Class,Corporate,South,Technology,Copiers,Charlotte,2,0.15,1300.53,139.13
2019-02-17,Second Class,Consumer,East,Technology,Copiers,Philadelphia,4,0.1,2241.17,397.91
2019-02-17,Second Class,Consumer,West,Furniture,Tables,San Francisco,4,0.2,1307.2,-53.63
2019-02-17,Standard Class,Consumer,East,Office Supplies,Paper,Philadelphia,9,0.05,2015.82,492.48
2019-02-17,Standard Class,Consumer,Central,Technology,Copiers,Minneapolis,9,0.4,1713.89,-67.73
2019-02-17,Standard Class,Corporate,Central,Office Supplies,Storage,Dallas,3,0.0,330.54,47.15
2019-02-17,Second Class,Consumer,East,Technology,Accessories,Boston,9,0.0,4474.16,630.96
2019-02-17,Same Day,Consumer,South,Furniture,Chairs,Atlanta,6,0.0,914.64,30.45
2019-02-18,First Class,Consumer,Central,Office Supplies,Paper,Chicago,6,0.2,253.16,23.36
2019-02-18,First Class,Home Office,West,Office Supplies,Supplies,Los Angeles,1,0.4,43.77,-5.68
2019-02-18,Standard Class,Consumer,East,Office Supplies,Fasteners,Philadelphia,2,0.05,547.59,39.05
2019-02-18,Standard Class,Consumer,East,Office Supplies,Storage,New York City,2,0.2,166.87,10.6
2019-02-18,First Class,Consumer,Central,Office Supplies,Storage,Chicago,5,0.1,280.23,31.52
2019-02-19,Standard Class,Consumer,West,Technology,Phones,San Francisco,9,0.2,2408.48,51.77
2019-02-19,Standard Class,Consumer,South,Office Supplies,Appliances,Atlanta,3,0.0,533.3,67.55
2019-02-19,Standard Class,Corporate,Central,Office Supplies,Labels,Houston,9,0.0,908.2,209.31
2019-02-19,Second Class,Consumer,Central,Furniture,Bookcases,Dallas,4,0.1,570.87,48.39
2019-02-19,Standard Class,Consumer,Central,Technology,Machines,Minneapolis,6,0.05,1947.18,323.87
2019-02-19,Standard Class,Home Office,Central,Furniture,Chairs,Chicago,5,0.0,746.94,41.96
2019-02-19,Same Day,Corporate,East,Furniture,Bookcases,New York City,5,0.2,1093.46,-42.82
2019-02-19,Standard Class,Corporate,Central,Technology,Phones,Chicago,3,0.15,1068.33,24.98
2019-02-19,Standard Class,Consumer,East,Technology,Machines,Columbus,3,0.0,342.63,70.85
2019-02-19,Second Class,Corporate,East,Furniture,Bookcases,Columbus,5,0.1,1077.96,90.3
2019-02-20,Second Class,Consumer,South,Office Supplies,Supplies,Miami,3,0.1,251.26,34.48
2019-02-20,First Class,Consumer,South,Office Supplies,Paper,Nashville,3,0.15,71.65,8.48
2019-02-20,Standard Class,Consumer,Central,Office Supplies,Supplies,Dallas,1,0.0,48.41,6.78
2019-02-20,Second Class,Consumer,East,Office Supplies,Paper,Boston,8,0.2,513.57,64.37
2019-02-21,Second Class,Consumer,South,Technology,Machines,Nashville,5,0.05,897.59,107.58
2019-02-21,Standard Class,Consumer,South,Office Supplies,Fasteners,Nashville,5,0.0,372.27,26.38
2019-02-21,Standard Class,Consumer,Central,Technology,Accessories,Minneapolis,3,0.15,264.9,31.99
2019-02-21,Standard Class,Consumer,East,Furniture,Chairs,Philadelphia,1,0.0,244.36,26.82
2019-02-21,First Class,Corporate,East,Furniture,Bookcases,Boston,8,0.0,1066.43,52.57
2019-02-21,Standard Class,Consumer,Central,Office Supplies,Labels,Chicago,6,0.15,701.71,51.74
2019-02-21,Standard Class,Corporate,West,Office Supplies,Storage,Seattle,1,0.3,109.41,3.2
2019-02-21,Standard Class,Consumer,South,Office Supplies,Paper,Atlanta,5,0.1,123.09,12.07
2019-02-21,Standard Class,Consumer,East,Furniture,Furnishings,Boston,8,0.3,883.15,-19.95
2019-02-21,Standard Class,Home Office,Central,Furniture,Chairs,Chicago,4,0.3,191.51,-23.93
2019-02-22,First Class,Consumer,East,Office Supplies,Envelopes,Boston,6,0.0,203.63,10.63
2019-02-22,Second Class,Corporate,Central,Office Supplies,Labels,Houston,1,0.0,54.9,9.81
2019-02-22,Standard Class,Consumer,East,Furniture,Tables,Philadelphia,8,0.15,1089.28,-38.69
2019-02-22,Second Class,Consumer,East,Office Supplies,Fasteners,New York City,4,0.15,275.1,25.99
2019-02-22,Standard Class,Home Office,South,Technology,Machines,Atlanta,3,0.05,464.16,73.55
2019-02-22,Standard Class,Consumer,Central,Office Supplies,Art,Dallas,4,0.0,516.4,73.93
2019-02-22,First Class,Corporate,East,Office Supplies,Supplies,Columbus,6,0.05,825.95,116.53
2019-02-22,Standard Class,Consumer,Central,Office Supplies,Storage,Dallas,8,0.15,633.27,122.56
2019-02-22,Second Class,Consumer,South,Office Supplies,Appliances,Atlanta,5,0.15,123.27,17.02
2019-02-22,Standard Class,Consumer,West,Office Supplies,Envelopes,Los Angeles,5,0.15,505.67,75.4
2019-02-23,Standard Class,Consumer,West,Office Supplies,Art,Los Angeles,7,0.0,303.87,34.21
2019-02-23,Standard Class,Consumer,South,Office Supplies,Storage,Nashville,8,0.1,412.22,48.34
2019-02-23,Standard Class,Consumer,West,Office Supplies,Art,Seattle,7,0.3,154.37,4.43
2019-02-23,Standard Class,Home Office,West,Furniture,Chairs,Seattle,4,0.05,324.97,8.47
2019-02-23,Second Class,Consumer,West,Office Supplies,Art,Denver,4,0.0,182.78,32.44
2019-02-23,First Class,Corporate,Central,Technology,Phones,Houston,6,0.0,3269.37,532.29
2019-02-23,Standard Class,Home Office,South,Furniture,Tables,Atlanta,6,0.15,1019.03,34.57
2019-02-23,First Class,Consumer,Central,Office Supplies,Binders,Houston,4,0.1,133.73,19.14
2019-02-23,Second Class,Corporate,South,Technology,Phones,Miami,6,0.15,1310.75,271.27
2019-02-23,First Class,Consumer,East,Furniture,Furnishings,Boston,3,0.0,415.71,44.52
2019-02-23,Second Class,Consumer,East,Furniture,Chairs,Philadelphia,9,0.2,2101.58,-138.15
2019-02-24,Second Class,Consumer,West,Office Supplies,Labels,Los Angeles,7,0.15,197.36,6.18
2019-02-24,Standard Class,Consumer,Central,Office Supplies,Art,Dallas,8,0.0,354.02,51.34
2019-02-24,Same Day,Home Office,Central,Office Supplies,Paper,Minneapolis,5,0.2,241.77,13.56
2019-02-24,Standard Class,Consumer,Central,Office Supplies,Art,Houston,8,0.1,259.29,14.43
2019-02-25,First Class,Corporate,East,Office Supplies,Binders,Philadelphia,5,0.1,85.12,14.02
2019-02-25,Standard Class,Corporate,West,Furniture,Bookcases,San Francisco,2,0.15,131.2,-0.18
2019-02-25,Standard Class,Consumer,East,Office Supplies,Storage,Philadelphia,4,0.1,97.24,13.19
2019-02-25,Standard Class,Corporate,East,Office Supplies,Supplies,Philadelphia,7,0.05,240.96,33.16
2019-02-25,Standard Class,Consumer,West,Furniture,Tables,Seattle,1,0.15,241.99,1.9
2019-02-25,Standard Class,Consumer,South,Technology,Accessories,Atlanta,7,0.05,2307.73,516.89
2019-02-25,First Class,Home Office,West,Office Supplies,Paper,Los Angeles,6,0.2,893.4,-36.96
2019-02-26,Standard Class,Consumer,West,Furniture,Tables,Los Angeles,4,0.15,870.06,-29.31
2019-02-26,Second Class,Consumer,West,Office Supplies,Storage,Denver,8,0.1,464.46,45.08
2019-02-26,Same Day,Consumer,South,Office Supplies,Supplies,Miami,5,0.0,109.85,17.8
2019-02-26,Standard Class,Consumer,South,Furniture,Chairs,Charlotte,3,0.15,681.1,59.42
2019-02-26,Second Class,Consumer,East,Furniture,Chairs,New York City,7,0.1,2307.57,-38.62
2019-02-26,Standard Class,Home Office,East,Technology,Accessories,Philadelphia,7,0.2,2652.44,335.2
2019-02-27,Standard Class,Consumer,West,Technology,Phones,San Francisco,7,0.0,1794.76,328.32
2019-02-27,Standard Class,Corporate,East,Technology,Phones,Boston,6,0.0,584.46,94.04
2019-02-27,Standard Class,Home Office,Central,Office Supplies,Storage,Dallas,8,0.2,708.55,15.41
2019-02-27,Standard Class,Home Office,West,Furniture,Chairs,Los Angeles,1,0.05,153.82,-3.41
2019-02-28,Standard Class,Consumer,Central,Technology,Copiers,Chicago,7,0.2,1055.13,137.66
2019-02-28,First Class,Home Office,East,Office Supplies,Supplies,Boston,3,0.0,157.9,14.07
2019-02-28,Standard Class,Corporate,South,Office Supplies,Supplies,Atlanta,5,0.2,978.41,133.46
2019-02-28,First Class,Consumer,South,Office Supplies,Art,Nashville,9,0.1,221.56,6.66
2019-02-28,Standard Class,Home Office,East,Technology,Phones,Boston,2,0.15,288.53,23.61
2019-02-28,Standard Class,Home Office,South,Furniture,Furnishings,Miami,2,0.0,279.76,29.54
2019-02-28,Standard Class,Corporate,Central,Office Supplies,Fasteners,Minneapolis,2,0.1,75.66,6.95
2019-02-28,Standard Class,Corporate,South,Office Supplies,Art,Charlotte,1,0.0,27.96,3.77
2019-03-01,Standard Class,Consumer,South,Office Supplies,Paper,Miami,7,0.1,486.49,69.85
2019-03-01,Standard Class,Corporate,East,Office Supplies,Binders,Boston,4,0.15,278.86,29.49
2019-03-01,Standard Class,Consumer,South,Office Supplies,Art,Miami,8,0.2,332.56,35.62
2019-03-01,Standard Class,Consumer,South,Furniture,Furnishings,Nashville,8,0.1,795.94,-11.11
2019-03-01,Standard Class,Corporate,East,Technology,Phones,Philadelphia,9,0.0,1232.79,298.95
2019-03-01,Second Class,Home Office,East,Office Supplies,Supplies,New York City,7,0.0,386.8,54.37
2019-03-01,First Class,Corporate,South,Office Supplies,Fasteners,Atlanta,1,0.05,63.7,7.04
2019-03-01,First Class,Home Office,East,Technology,Copiers,Philadelphia,7,0.2,1181.45,130.45
2019-03-01,Same Day,Consumer,Central,Office Supplies,Paper,Chicago,2,0.2,133.72,12.32
2019-03-01,First Class,Consumer,West,Office Supplies,Appliances,Seattle,2,0.0,35.54,4.0
2019-03-01,Same Day,Consumer,West,Technology,Machines,Los Angeles,6,0.1,956.67,12.31
2019-03-01,Standard Class,Consumer,East,Office Supplies,Supplies,Boston,2,0.0,102.98,18.18
2019-03-02,Second Class,Corporate,East,Office Supplies,Art,Columbus,2,0.2,34.11,1.94
2019-03-02,Second Class,Consumer,East,Office Supplies,Fasteners,New York City,3,0.0,92.14,15.04
2019-03-02,Standard Class,Consumer,East,Furniture,Tables,New York City,4,0.2,571.29,-73.15
2019-03-02,Second Class,Home Office,Central,Technology,Machines,Minneapolis,4,0.2,253.7,19.23
2019-03-02,First Class,Corporate,East,Furniture,Furnishings,Philadelphia,6,0.15,594.19,7.21
2019-03-02,Second Class,Consumer,South,Technology,Machines,Nashville,4,0.2,1089.62,163.19
2019-03-02,Second Class,Corporate,Central,Office Supplies,Art,Houston,8,0.2,277.33,28.75
2019-03-03,Standard Class,Corporate,East,Technology,Machines,Columbus,1,0.0,216.59,29.89
2019-03-03,Standard Class,Consumer,West,Furniture,Bookcases,San Francisco,6,0.2,1583.4,-12.56
2019-03-03,Second Class,Home Office,Central,Office Supplies,Art,Chicago,6,0.15,423.11,35.23
2019-03-03,Standard Class,Consumer,South,Furniture,Tables,Atlanta,4,0.0,469.57,47.89
2019-03-04,Standard Class,Consumer,East,Office Supplies,Supplies,New York City,6,0.0,326.11,54.05
2019-03-04,First Class,Home Office,East,Office Supplies,Binders,Boston,9,0.15,384.58,74.76
2019-03-04,Standard Class,Consumer,South,Office Supplies,Binders,Miami,5,0.0,206.3,31.1
2019-03-04,First Class,Consumer,West,Furniture,Bookcases,San Francisco,2,0.15,478.29,-1.17
2019-03-05,Second Class,Corporate,West,Office Supplies,Art,Seattle,5,0.0,195.77,22.59
2019-03-05,Standard Class,Consumer,Central,Furniture,Furnishings,Chicago,9,0.2,392.42,7.19
2019-03-05,Standard Class,Consumer,West,Technology,Phones,Denver,8,0.0,1308.08,416.39
2019-03-05,Standard Class,Home Office,East,Office Supplies,Labels,Columbus,8,0.0,171.25,22.92
2019-03-05,Standard Class,Consumer,West,Office Supplies,Binders,Seattle,3,0.1,90.02,8.76
2019-03-05,Second Class,Consumer,Central,Technology,Phones,Chicago,9,0.0,1476.01,291.17
2019-03-05,Standard Class,Consumer,East,Office Supplies,Binders,New York City,9,0.0,479.14,93.29
2019-03-06,First Class,Corporate,East,Furniture,Furnishings,Columbus,7,0.0,1057.18,94.58
2019-03-06,Standard Class,Consumer,West,Technology,Copiers,Seattle,8,0.3,1148.52,10.07
2019-03-06,Same Day,Consumer,West,Office Supplies,Storage,Seattle,5,0.0,288.02,92.42
2019-03-06,Standard Class,Consumer,Central,Furniture,Bookcases,Houston,8,0.1,728.85,33.78
2019-03-06,Same Day,Corporate,South,Technology,Copiers,Miami,6,0.3,829.91,83.21
2019-03-06,Standard Class,Consumer,South,Office Supplies,Fasteners,Atlanta,8,0.0,469.75,69.17
2019-03-06,Standard Class,Consumer,West,Office Supplies,Appliances,Seattle,5,0.2,224.68,19.24
2019-03-06,Standard Class,Consumer,West,Office Supplies,Binders,Denver,6,0.0,578.58,59.79
2019-03-06,Standard Class,Consumer,South,Technology,Copiers,Charlotte,6,0.0,3158.54,918.54
2019-03-06,Standard Class,Consumer,East,Technology,Machines,New York City,7,0.0,3883.89,789.19
2019-03-06,Standard Class,Consumer,East,Office Supplies,Art,Boston,6,0.0,329.07,49.71
2019-03-07,Second Class,Consumer,West,Technology,Accessories,Los Angeles,4,0.2,829.78,152.33
2019-03-07,Standard Class,Consumer,Central,Office Supplies,Fasteners,Houston,4,0.4,60.68,-2.25
2019-03-07,First Class,Consumer,Central,Furniture,Chairs,Dallas,6,0.2,1099.17,-52.97
2019-03-07,Standard Class,Home Office,South,Office Supplies,Envelopes,Atlanta,5,0.0,248.43,46.78
2019-03-07,First Class,Home Office,East,Office Supplies,Supplies,Boston,2,0.3,51.43,5.85
2019-03-08,Standard Class,Consumer,Central,Office Supplies,Storage,Dallas,2,0.2,56.8,-2.82
2019-03-08,Second Class,Consumer,East,Technology,Machines,Philadelphia,6,0.05,916.28,125.41
2019-03-08,Standard Class,Corporate,Central,Office Supplies,Appliances,Minneapolis,9,0.0,1124.9,160.09
2019-03-08,Second Class,Home Office,West,Furniture,Chairs,San Francisco,9,0.15,1574.16,127.36
2019-03-09,Standard Class,Corporate,East,Office Supplies,Labels,Boston,7,0.05,1018.4,229.48
2019-03-09,Standard Class,Corporate,West,Office Supplies,Supplies,San Francisco,5,0.0,468.22,27.62
2019-03-09,Standard Class,Corporate,West,Technology,Copiers,Los Angeles,3,0.15,1155.37,104.39
2019-03-09,Standard Class,Home Office,Central,Office Supplies,Fasteners,Dallas,7,0.2,244.69,-6.86
2019-03-09,Standard Class,Home Office,West,Office Supplies,Supplies,Denver,9,0.0,1972.31,352.91
2019-03-09,Standard Class,Consumer,East,Furniture,Furnishings,Columbus,4,0.0,996.39,169.78
2019-03-09,Standard Class,Corporate,East,Office Supplies,Appliances,Philadelphia,1,0.1,59.72,9.8
2019-03-09,Standard Class,Consumer,East,Technology,Accessories,Boston,2,0.2,288.5,19.43
2019-03-09,Standard Class,Consumer,South,Technology,Accessories,Miami,1,0.1,146.98,23.48
2019-03-10,Standard Class,Consumer,West,Office Supplies,Labels,Seattle,2,0.0,78.92,10.21
2019-03-10,Standard Class,Corporate,South,Office Supplies,Supplies,Miami,4,0.0,248.73,51.2
2019-03-10,First Class,Consumer,West,Office Supplies,Labels,Denver,9,0.4,794.46,-5.41
2019-03-10,Second Class,Corporate,East,Office Supplies,Supplies,New York City,9,0.05,2195.27,191.09
2019-03-10,Standard Class,Consumer,Central,Office Supplies,Paper,Minneapolis,3,0.15,212.48,15.49
2019-03-11,Standard Class,Corporate,Central,Office Supplies,Fasteners,Dallas,7,0.3,372.66,41.16
2019-03-11,Standard Class,Consumer,Central,Office Supplies,Paper,Houston,5,0.3,241.05,18.52
2019-03-11,First Class,Corporate,South,Office Supplies,Supplies,Charlotte,3,0.2,632.46,37.45
2019-03-11,First Class,Consumer,West,Office Supplies,Appliances,Denver,3,0.0,311.54,79.98
2019-03-12,Standard Class,Consumer,East,Office Supplies,Storage,Columbus,2,0.05,167.13,28.26
2019-03-12,Second Class,Corporate,West,Office Supplies,Supplies,Los Angeles,9,0.15,387.84,57.14
2019-03-12,Second Class,Consumer,South,Office Supplies,Art,Nashville,1,0.3,30.17,3.34
2019-03-12,Standard Class,Consumer,Central,Furniture,Furnishings,Dallas,5,0.0,519.29,-42.99
2019-03-12,Second Class,Consumer,East,Office Supplies,Appliances,Columbus,1,0.4,48.35,-2.05
2019-03-12,Standard Class,Corporate,East,Office Supplies,Supplies,Philadelphia,9,0.2,97.05,1.23
2019-03-12,Standard Class,Consumer,West,Furniture,Chairs,San Francisco,8,0.0,961.46,46.44
2019-03-12,Standard Class,Home Office,East,Technology,Phones,Philadelphia,9,0.0,1809.33,272.76
2019-03-12,Second Class,Consumer,West,Office Supplies,Fasteners,Seattle,7,0.0,686.27,141.79
2019-03-12,Standard Class,Home Office,West,Office Supplies,Supplies,Denver,1,0.2,40.34,1.05
2019-03-13,Second Class,Consumer,East,Furniture,Furnishings,Boston,6,0.3,529.27,-39.97
2019-03-13,Standard Class,Consumer,East,Office Supplies,Fasteners,Boston,6,0.05,170.15,9.34
2019-03-13,Second Class,Corporate,West,Furniture,Bookcases,Denver,2,0.15,230.83,-12.35
2019-03-13,Second Class,Consumer,South,Office Supplies,Envelopes,Atlanta,7,0.0,287.13,50.37
2019-03-13,Second Class,Home Office,East,Office Supplies,Envelopes,Columbus,6,0.0,328.23,27.63
2019-03-13,Second Class,Consumer,Central,Furniture,Chairs,Minneapolis,3,0.4,360.28,-42.15
2019-03-14,Second Class,Consumer,Central,Office Supplies,Paper,Houston,5,0.15,331.78,29.55
2019-03-14,Standard Class,Corporate,South,Office Supplies,Storage,Miami,4,0.0,359.54,85.45
2019-03-14,Standard Class,Consumer,West,Office Supplies,Appliances,Seattle,9,0.0,545.08,104.85
2019-03-14,Standard Class,Consumer,Central,Office Supplies,Storage,Minneapolis,4,0.2,294.84,19.06
2019-03-14,Standard Class,Home Office,East,Office Supplies,Fasteners,New York City,4,0.1,154.49,41.61
2019-03-14,Second Class,Consumer,East,Technology,Copiers,Boston,4,0.0,600.93,97.47
2019-03-14,Standard Class,Home Office,South,Furniture,Chairs,Miami,1,0.1,59.02,3.65
2019-03-14,Standard Class,Corporate,South,Technology,Phones,Miami,9,0.4,1356.98,48.05
2019-03-15,Standard Class,Consumer,East,Technology,Phones,Columbus,3,0.0,1271.63,296.44
2019-03-15,Standard Class,Corporate,South,Office Supplies,Paper,Nashville,8,0.2,713.05,35.45
2019-03-15,First Class,Home Office,West,Furniture,Tables,Los Angeles,7,0.15,1234.45,-1.02
2019-03-15,Standard Class,Corporate,East,Office Supplies,Fasteners,New York City,5,0.4,152.89,2.57
2019-03-15,Second Class,Consumer,East,Furniture,Furnishings,Columbus,3,0.2,455.3,-121.42
2019-03-15,Second Class,Home Office,East,Technology,Machines,Columbus,7,0.1,1693.92,293.51
2019-03-15,Standard Class,Home Office,West,Office Supplies,Supplies,Seattle,3,0.4,62.08,-5.72
2019-03-15,First Class,Consumer,Central,Office Supplies,Paper,Dallas,4,0.3,138.34,3.46
2019-03-16,First Class,Consumer,West,Technology,Copiers,Seattle,7,0.0,3407.45,844.42
2019-03-16,Standard Class,Corporate,West,Office Supplies,Envelopes,Denver,6,0.2,216.58,6.61
2019-03-16,Standard Class,Consumer,East,Technology,Copiers,Boston,1,0.0,274.43,56.89
2019-03-16,Second Class,Corporate,West,Furniture,Bookcases,San Francisco,9,0.2,1057.86,-42.15
2019-03-17,Standard Class,Corporate,West,Office Supplies,Paper,Los Angeles,5,0.1,252.15,-1.64
2019-03-17,First Class,Consumer,East,Office Supplies,Envelopes,Columbus,8,0.0,732.27,106.03
2019-03-17,Standard Class,Corporate,West,Furniture,Chairs,Denver,5,0.2,646.66,-91.28
2019-03-17,Standard Class,Corporate,East,Technology,Phones,Philadelphia,2,0.0,583.0,123.84
2019-03-17,Standard Class,Consumer,South,Technology,Accessories,Nashville,6,0.1,1064.68,165.77
2019-03-17,Standard Class,Home Office,West,Office Supplies,Binders,Seattle,7,0.0,531.1,67.87
2019-03-18,First Class,Consumer,West,Technology,Phones,Los Angeles,4,0.0,573.4,93.03
2019-03-18,First Class,Consumer,South,Office Supplies,Appliances,,1,0.2,31.07,5.0
2019-03-18,Standard Class,Consumer,West,Furniture,Bookcases,Los Angeles,5,0.15,1105.38,-20.59
2019-03-18,Standard Class,Home Office,East,Furniture,Tables,Boston,7,0.15,1349.53,53.79
2019-03-18,First Class,Corporate,West,Technology,Phones,Los Angeles,6,0.0,1274.66,213.71
2019-03-18,Standard Class,Consumer,West,Furniture,Furnishings,Los Angeles,2,0.2,314.75,-36.39
2019-03-19,Standard Class,Consumer,West,Office Supplies,Appliances,Los Angeles,4,0.15,141.72,16.76
2019-03-19,Standard Class,Corporate,East,Technology,Copiers,Philadelphia,3,0.0,945.31,232.65
2019-03-20,Standard Class,Corporate,Central,Office Supplies,Labels,Chicago,4,0.1,146.09,18.1
2019-03-20,Standard Class,Home Office,Central,Office Supplies,Art,Minneapolis,2,0.15,51.37,-0.83
2019-03-20,Standard Class,Consumer,Central,Office Supplies,Art,Houston,2,0.05,181.27,25.08
2019-03-20,First Class,Home Office,West,Office Supplies,Paper,Seattle,3,0.15,191.25,24.03
2019-03-20,Second Class,Consumer,East,Office Supplies,Storage,New York City,5,0.1,412.32,82.79
2019-03-20,Standard Class,Consumer,Central,Technology,Machines,Chicago,5,0.4,277.7,13.25
2019-03-20,First Class,Corporate,East,Office Supplies,Envelopes,New York City,6,0.0,262.44,66.77
2019-03-20,Standard Class,Consumer,East,Furniture,Bookcases,New York City,6,0.0,1088.3,-14.99
2019-03-20,Same Day,Consumer,Central,Technology,Accessories,Minneapolis,4,0.0,624.81,106.21
2019-03-20,Standard Class,Consumer,East,Office Supplies,Storage,Philadelphia,9,0.3,520.13,-8.65
2019-03-21,Standard Class,Consumer,West,Technology,Phones,San Francisco,6,0.2,1201.71,116.91
2019-03-21,Standard Class,Corporate,West,Office Supplies,Supplies,Seattle,6,0.4,231.94,-12.94
2019-03-21,First Class,Consumer,West,Furniture,Tables,Seattle,7,0.2,1731.26,-63.5
2019-03-21,Second Class,Consumer,West,Office Supplies,Envelopes,Seattle,4,0.1,574.06,2.61
2019-03-21,Second Class,Consumer,East,Office Supplies,Storage,Boston,4,0.1,212.46,44.97
2019-03-21,Standard Class,Consumer,Central,Office Supplies,Fasteners,Chicago,3,0.0,259.91,-5.2
2019-03-22,Second Class,Corporate,South,Furniture,Furnishings,Nashville,5,0.1,1548.69,134.33
2019-03-22,First Class,Corporate,West,Technology,Phones,San Francisco,4,0.4,1473.98,-22.55
2019-03-22,Second Class,Consumer,South,Technology,Machines,Nashville,5,0.15,826.21,105.54
2019-03-22,Standard Class,Corporate,East,Office Supplies,Storage,New York City,2,0.05,78.72,12.31
2019-03-22,First Class,Home Office,West,Technology,Accessories,San Francisco,3,0.0,737.61,138.36
2019-03-22,Standard Class,Home Office,South,Office Supplies,Fasteners,Atlanta,6,0.0,303.92,61.69
2019-03-22,Second Class,Home Office,South,Office Supplies,Paper,Miami,8,0.4,141.49,-0.72
2019-03-23,Standard Class,Home Office,West,Office Supplies,Supplies,Denver,7,0.15,339.9,34.12
2019-03-23,First Class,Consumer,South,Technology,Machines,Charlotte,6,0.0,1243.06,172.24
2019-03-23,Standard Class,Home Office,West,Technology,Copiers,Los Angeles,3,0.05,402.12,84.49
2019-03-23,Second Class,Consumer,South,Office Supplies,Envelopes,Miami,1,0.1,49.22,4.8
2019-03-23,Standard Class,Consumer,Central,Technology,Machines,Houston,4,0.1,2081.2,352.72
2019-03-23,Same Day,Consumer,East,Office Supplies,Labels,Philadelphia,6,0.15,332.26,45.2
2019-03-23,Standard Class,Consumer,Central,Technology,Machines,Houston,2,0.15,402.76,69.13
2019-03-23,Second Class,Consumer,Central,Office Supplies,Binders,Chicago,7,0.2,226.45,10.24
2019-03-23,Standard Class,Consumer,East,Office Supplies,Binders,New York City,2,0.4,43.11,-2.36
2019-03-24,Standard Class,Corporate,West,Office Supplies,Appliances,Seattle,1,0.2,46.34,-1.63
2019-03-24,Standard Class,Corporate,West,Furniture,Chairs,San Francisco,4,0.0,277.95,16.54
2019-03-24,Second Class,Corporate,East,Technology,Machines,New York City,9,0.1,5212.87,800.58
2019-03-24,Second Class,Consumer,East,Office Supplies,Envelopes,New York City,5,0.0,300.54,49.41
2019-03-24,Standard Class,Consumer,West,Office Supplies,Paper,Los Angeles,5,0.1,197.86,22.48
2019-03-24,First Class,Corporate,West,Furniture,Tables,Seattle,8,0.2,3021.65,-130.88
2019-03-24,Second Class,Consumer,Central,Technology,Machines,Dallas,5,0.0,877.38,167.62
2019-03-24,Standard Class,Home Office,East,Furniture,Tables,Philadelphia,7,0.0,903.35,118.43
2019-03-25,Standard Class,Corporate,Central,Office Supplies,Fasteners,Minneapolis,4,0.0,201.78,45.59
2019-03-25,Standard Class,Consumer,East,Office Supplies,Appliances,Columbus,9,0.2,1153.48,58.61
2019-03-25,Standard Class,Corporate,West,Furniture,Furnishings,Denver,7,0.4,480.88,-105.25
2019-03-26,Standard Class,Consumer,East,Technology,Machines,New York City,8,0.1,6984.25,1066.29
2019-03-26,Second Class,Consumer,West,Technology,Copiers,San Francisco,2,0.3,478.7,71.34
2019-03-26,Second Class,Consumer,Central,Office Supplies,Appliances,Dallas,2,0.0,43.47,8.89
2019-03-27,First Class,Corporate,East,Office Supplies,Paper,Boston,8,0.0,591.95,105.89
2019-03-27,Standard Class,Home Office,East,Furniture,Tables,Philadelphia,9,0.1,1035.1,53.88
2019-03-27,Standard Class,Home Office,South,Office Supplies,Fasteners,Miami,9,0.0,841.38,143.33
2019-03-27,Second Class,Home Office,South,Office Supplies,Paper,Atlanta,6,0.3,702.61,-33.05
2019-03-27,Standard Class,Consumer,West,Office Supplies,Binders,Los Angeles,3,0.0,154.83,30.09
2019-03-27,Standard Class,Consumer,East,Office Supplies,Paper,Boston,9,0.0,313.35,37.54
2019-03-27,Standard Class,Consumer,Central,Office Supplies,Envelopes,Minneapolis,1,0.0,53.33,1.83
2019-03-27,Second Class,Consumer,South,Office Supplies,Binders,Nashville,5,0.15,378.13,68.54
2019-03-27,First Class,Consumer,South,Technology,Machines,Nashville,5,0.2,1514.52,171.0
2019-03-27,Second Class,Corporate,East,Technology,Phones,Boston,6,0.2,763.32,127.02
2019-03-27,Standard Class,Consumer,East,Office Supplies,Supplies,Boston,3,0.0,181.98,17.08
2019-03-28,First Class,Corporate,East,Office Supplies,Supplies,Boston,9,0.0,357.23,69.53
2019-03-28,Standard Class,Consumer,East,Office Supplies,Storage,Boston,9,0.1,338.44,3.92
2019-03-28,First Class,Consumer,East,Technology,Machines,Columbus,7,0.0,1926.96,421.77
2019-03-29,Standard Class,Consumer,Central,Office Supplies,Envelopes,Chicago,6,0.0,652.89,51.56
2019-03-29,Second Class,Corporate,Central,Office Supplies,Paper,Minneapolis,9,0.2,275.88,6.65
2019-03-29,Standard Class,Home Office,West,Office Supplies,Storage,Seattle,7,0.0,260.2,21.1
2019-03-29,Second Class,Consumer,East,Furniture,Bookcases,New York City,3,0.05,299.24,-2.04
2019-03-29,Standard Class,Home Office,West,Furniture,Furnishings,Denver,3,0.1,920.73,-58.29
2019-03-29,Second Class,Corporate,West,Technology,Machines,Los Angeles,1,0.0,249.39,52.27
2019-03-30,Standard Class,Home Office,Central,Furniture,Chairs,Minneapolis,6,0.0,604.23,50.26
2019-03-30,Standard Class,Consumer,West,Furniture,Chairs,Seattle,1,0.1,68.32,4.63
2019-03-30,Second Class,Corporate,West,Office Supplies,Supplies,Seattle,2,0.3,97.04,-2.61
2019-03-30,Standard Class,Home Office,West,Technology,Copiers,Seattle,5,0.05,602.41,103.69
2019-03-30,Standard Class,Consumer,Central,Furniture,Tables,Chicago,9,0.2,1781.61,-194.22
2019-03-30,Same Day,Corporate,Central,Office Supplies,Appliances,Chicago,4,0.2,179.51,27.62
2019-03-30,Second Class,Consumer,West,Office Supplies,Envelopes,Denver,8,0.2,289.85,15.33
2019-03-31,Standard Class,Consumer,Central,Office Supplies,Art,Dallas,3,0.0,109.89,12.18
2019-03-31,Second Class,Corporate,West,Technology,Copiers,Seattle,4,0.1,1493.95,211.44
2019-03-31,Standard Class,Consumer,East,Furniture,Furnishings,Philadelphia,7,0.15,1669.52,55.73
2019-03-31,First Class,Consumer,East,Office Supplies,Storage,New York City,8,0.1,153.85,18.76
2019-03-31,Standard Class,Corporate,Central,Furniture,Bookcases,Chicago,3,0.15,581.04,18.91
2019-04-01,Standard Class,Consumer,East,Office Supplies,Paper,Columbus,6,0.0,255.86,22.14
2019-04-01,Standard Class,Corporate,South,Furniture,Bookcases,Miami,3,0.2,410.93,-6.61
2019-04-01,Standard Class,Corporate,West,Office Supplies,Supplies,Los Angeles,9,0.2,268.83,13.8
2019-04-01,Second Class,Corporate,West,Furniture,Bookcases,Denver,4,0.3,214.3,-25.43
2019-04-01,Second Class,Consumer,East,Furniture,Furnishings,Columbus,3,0.3,275.22,-29.82
2019-04-02,Standard Class,Corporate,West,Furniture,Bookcases,Seattle,8,0.15,867.62,-8.01
2019-04-02,Standard Class,Corporate,West,Office Supplies,Supplies,Denver,8,0.3,597.76,-30.66
2019-04-02,Second Class,Consumer,East,Office Supplies,Envelopes,New York City,2,0.1,65.31,3.71
2019-04-02,Standard Class,Corporate,East,Office Supplies,Envelopes,Philadelphia,7,0.0,721.54,34.02
2019-04-02,Standard Class,Corporate,East,Office Supplies,Supplies,Philadelphia,9,0.1,320.27,20.69
2019-04-02,First Class,Home Office,South,Furniture,Furnishings,Nashville,4,0.1,422.85,-18.99
2019-04-03,Standard Class,Consumer,West,Office Supplies,Fasteners,Los Angeles,1,0.15,47.0,1.2
2019-04-03,Standard Class,Corporate,West,Office Supplies,Storage,Los Angeles,6,0.0,300.43,59.74
2019-04-03,Second Class,Corporate,East,Technology,Accessories,Columbus,7,0.2,2320.85,403.7
2019-04-03,Standard Class,Corporate,Central,Furniture,Tables,Dallas,8,0.1,885.58,13.05
2019-04-03,Standard Class,Home Office,West,Office Supplies,Art,San Francisco,1,0.0,78.38,13.28
2019-04-03,Standard Class,Consumer,East,Office Supplies,Paper,Columbus,9,0.3,462.86,20.15
2019-04-03,Standard Class,Consumer,West,Technology,Accessories,Los Angeles,7,0.0,2586.15,594.74
2019-04-04,Standard Class,Consumer,Central,Office Supplies,Labels,Houston,1,0.3,25.23,0.03
2019-04-04,Standard Class,Consumer,South,Office Supplies,Labels,Nashville,7,0.05,705.68,90.65
2019-04-04,Standard Class,Corporate,West,Office Supplies,Binders,Los Angeles,8,0.2,437.47,45.61
2019-04-04,Same Day,Consumer,West,Office Supplies,Storage,Los Angeles,6,0.15,416.92,14.52
2019-04-04,Standard Class,Consumer,West,Office Supplies,Envelopes,Denver,4,0.0,189.09,30.21
2019-04-04,Standard Class,Consumer,Central,Furniture,Chairs,Houston,9,0.0,1938.1,231.58
2019-04-04,Second Class,Consumer,South,Furniture,Bookcases,Nashville,4,0.1,598.37,47.99
2019-04-05,Standard Class,Corporate,West,Office Supplies,Supplies,Los Angeles,2,0.4,57.68,-5.25
2019-04-05,Standard Class,Corporate,Central,Office Supplies,Labels,Houston,6,0.2,1663.7,100.92
2019-04-05,Standard Class,Consumer,Central,Office Supplies,Labels,Houston,7,0.1,252.34,43.89
2019-04-05,Second Class,Corporate,West,Furniture,Chairs,Seattle,9,0.1,1817.82,-29.2
2019-04-05,Standard Class,Consumer,West,Technology,Phones,Denver,1,0.0,244.67,39.47
2019-04-05,Standard Class,Consumer,West,Office Supplies,Art,San Francisco,9,0.2,657.42,107.62
2019-04-05,Standard Class,Corporate,West,Office Supplies,Appliances,Seattle,1,0.0,67.47,13.97
2019-04-05,Second Class,Corporate,South,Technology,Copiers,Nashville,7,0.2,854.5,130.6
2019-04-06,Standard Class,Corporate,West,Office Supplies,Fasteners,Los Angeles,6,0.0,173.76,-0.87
2019-04-06,Standard Class,Consumer,West,Office Supplies,Storage,Seattle,3,0.0,225.51,18.05
2019-04-06,Second Class,Home Office,South,Furniture,Chairs,Atlanta,9,0.05,2624.07,405.92
2019-04-06,Second Class,Corporate,Central,Office Supplies,Appliances,Chicago,5,0.1,46.32,4.44
2019-04-06,Second Class,Home Office,Central,Office Supplies,Art,Chicago,5,0.2,76.3,7.69
2019-04-06,Standard Class,Consumer,West,Technology,Machines,Denver,4,0.15,1021.38,174.55
2019-04-06,Standard Class,Corporate,East,Office Supplies,Fasteners,Boston,7,0.0,445.43,51.89
2019-04-07,Standard Class,Consumer,East,Furniture,Furnishings,Columbus,1,0.3,210.08,-24.81
2019-04-07,Standard Class,Corporate,East,Furniture,Bookcases,Columbus,8,0.2,992.86,17.61
2019-04-07,First Class,Consumer,West,Office Supplies,Appliances,San Francisco,1,0.0,102.93,19.61
2019-04-07,Standard Class,Consumer,South,Office Supplies,Art,Charlotte,3,0.0,95.68,13.83
2019-04-07,Same Day,Corporate,West,Furniture,Chairs,Denver,2,0.0,245.63,15.13
2019-04-07,Standard Class,Consumer,East,Technology,Accessories,New York City,4,0.2,1393.11,202.43
2019-04-07,Standard Class,Corporate,South,Furniture,Bookcases,Miami,1,0.0,230.14,11.9
2019-04-07,Second Class,Consumer,East,Furniture,Furnishings,Columbus,2,0.15,319.24,11.96
2019-04-08,Standard Class,Home Office,South,Furniture,Bookcases,Charlotte,8,0.15,1598.82,142.76
2019-04-08,First Class,Home Office,Central,Furniture,Chairs,Houston,1,0.2,119.06,-3.28
2019-04-08,Standard Class,Consumer,Central,Technology,Phones,Dallas,7,0.15,2189.74,171.85
2019-04-08,Standard Class,Corporate,South,Office Supplies,Envelopes,Charlotte,9,0.1,707.69,62.01
2019-04-08,First Class,Home Office,East,Technology,Machines,Boston,1,0.0,237.71,46.51
2019-04-08,Standard Class,Consumer,East,Technology,Machines,Boston,1,0.1,287.12,55.35
2019-04-08,Standard Class,Consumer,South,Furniture,Bookcases,Miami,9,0.15,1084.24,45.45
2019-04-08,Standard Class,Home Office,South,Office Supplies,Binders,Nashville,5,0.0,516.65,153.31
2019-04-08,Standard Class,Consumer,East,Office Supplies,Storage,Philadelphia,7,0.0,368.06,39.15
2019-04-08,Standard Class,Consumer,West,Office Supplies,Binders,Seattle,7,0.1,507.06,-13.44
2019-04-09,Standard Class,Home Office,West,Office Supplies,Supplies,Seattle,7,0.15,833.79,70.29
2019-04-09,Second Class,Corporate,West,Office Supplies,Binders,Seattle,8,0.15,566.76,3.27
2019-04-09,Standard Class,Consumer,Central,Technology,Phones,Houston,1,0.4,99.82,12.76
2019-04-09,Standard Class,Corporate,West,Technology,Machines,Denver,8,0.0,2385.54,460.65
2019-04-09,Standard Class,Consumer,Central,Office Supplies,Supplies,Minneapolis,7,0.1,452.13,67.3
2019-04-09,Standard Class,Corporate,Central,Technology,Phones,Dallas,5,0.15,2302.52,145.01
2019-04-09,Standard Class,Consumer,West,Office Supplies,Art,Seattle,8,0.4,268.35,-10.6
2019-04-10,Standard Class,Corporate,South,Office Supplies,Envelopes,Charlotte,3,0.0,112.92,22.53
2019-04-10,Standard Class,Home Office,West,Office Supplies,Appliances,Seattle,3,0.0,234.34,42.78
2019-04-10,Second Class,Consumer,South,Office Supplies,Envelopes,Charlotte,1,0.05,62.3,9.82
2019-04-10,Second Class,Home Office,Central,Furniture,Furnishings,Minneapolis,5,0.2,761.98,-77.04
2019-04-10,Standard Class,Consumer,East,Office Supplies,Binders,Philadelphia,7,0.15,301.86,29.08
2019-04-10,Same Day,Consumer,West,Office Supplies,Paper,San Francisco,9,0.0,631.24,79.3
2019-04-11,First Class,Consumer,East,Furniture,Tables,Columbus,1,0.0,142.01,18.45
2019-04-11,Standard Class,Consumer,Central,Office Supplies,Fasteners,Houston,4,0.2,197.4,-1.88
2019-04-11,Standard Class,Corporate,Central,Office Supplies,Supplies,Houston,5,0.3,133.31,6.81
2019-04-12,Standard Class,Home Office,East,Office Supplies,Storage,Philadelphia,5,0.0,339.9,58.46
2019-04-12,Second Class,Corporate,East,Office Supplies,Labels,Columbus,6,0.05,235.48,29.02
2019-04-13,Second Class,Consumer,Central,Technology,Machines,Houston,2,0.1,563.59,20.32
2019-04-13,Standard Class,Consumer,West,Furniture,Furnishings,San Francisco,5,0.0,687.41,71.27
2019-04-13,Standard Class,Corporate,West,Office Supplies,Binders,Seattle,8,0.15,305.3,17.49
2019-04-13,First Class,Consumer,Central,Office Supplies,Binders,Chicago,9,0.0,511.36,88.55
2019-04-14,Standard Class,Consumer,East,Office Supplies,Supplies,Columbus,6,0.2,424.43,22.33
2019-04-14,First Class,Corporate,Central,Office Supplies,Binders,Chicago,8,0.0,129.59,19.79
2019-04-15,Second Class,Consumer,West,Office Supplies,Fasteners,Los Angeles,7,0.0,147.63,40.85
2019-04-15,Standard Class,Home Office,East,Office Supplies,Fasteners,Boston,1,0.0,93.87,8.78
2019-04-15,First Class,Consumer,West,Furniture,Furnishings,Los Angeles,9,0.2,1153.36,-29.52
2019-04-16,Standard Class,Consumer,South,Office Supplies,Supplies,Miami,3,0.15,145.03,5.45
2019-04-16,Second Class,Home Office,West,Office Supplies,Supplies,Seattle,3,0.2,114.01,17.44
2019-04-16,Second Class,Consumer,West,Office Supplies,Binders,Los Angeles,7,0.1,519.96,64.8
2019-04-17,Standard Class,Consumer,Central,Technology,Accessories,Minneapolis,7,0.0,3392.65,1064.86
2019-04-17,Second Class,Consumer,East,Furniture,Furnishings,Philadelphia,3,0.0,230.07,21.6
2019-04-17,Standard Class,Home Office,West,Furniture,Bookcases,Denver,1,0.0,229.86,40.97
2019-04-17,First Class,Consumer,East,Office Supplies,Art,Philadelphia,3,0.0,401.35,99.54
2019-04-17,Standard Class,Consumer,East,Furniture,Bookcases,Boston,5,0.3,522.57,-44.95
2019-04-17,Standard Class,Consumer,East,Technology,Copiers,Boston,5,0.2,571.97,21.82
2019-04-18,First Class,Consumer,West,Technology,Accessories,San Francisco,6,0.3,3252.92,-50.75
2019-04-18,First Class,Consumer,West,Furniture,Furnishings,Seattle,5,0.1,1996.37,105.09
2019-04-18,Standard Class,Consumer,South,Office Supplies,Art,Atlanta,4,0.1,97.68,13.04
2019-04-18,Standard Class,Consumer,Central,Furniture,Furnishings,Dallas,2,0.15,395.42,1.74
2019-04-18,Standard Class,Consumer,South,Furniture,Tables,Nashville,3,0.2,663.63,-27.44
2019-04-19,Standard Class,Consumer,East,Office Supplies,Storage,Boston,8,0.15,181.24,23.58
2019-04-19,Standard Class,Consumer,East,Office Supplies,Labels,Columbus,4,0.0,96.25,8.71
2019-04-19,Standard Class,Consumer,West,Office Supplies,Storage,San Francisco,9,0.0,539.71,92.42
2019-04-19,Standard Class,Corporate,West,Office Supplies,Paper,San Francisco,8,0.0,513.05,86.03
2019-04-19,Standard Class,Corporate,West,Office Supplies,Art,San Francisco,7,0.0,131.29,23.16
2019-04-19,Standard Class,Consumer,East,Office Supplies,Envelopes,New York City,4,0.2,206.36,-2.06
2019-04-19,Second Class,Corporate,East,Furniture,Bookcases,Boston,1,0.1,192.61,-16.2
2019-04-19,Standard Class,Corporate,East,Furniture,Furnishings,Columbus,9,0.2,335.8,-3.54
2019-04-20,Standard Class,Corporate,East,Office Supplies,Fasteners,Boston,8,0.2,205.95,3.59
2019-04-20,Standard Class,Consumer,East,Office Supplies,Envelopes,Philadelphia,5,0.4,100.78,-0.51
2019-04-20,Standard Class,Consumer,East,Office Supplies,Art,Philadelphia,2,0.1,121.79,18.91
2019-04-20,Second Class,Consumer,West,Office Supplies,Fasteners,Seattle,4,0.0,189.62,38.18
2019-04-20,Standard Class,Home Office,Central,Office Supplies,Storage,Minneapolis,7,0.15,343.94,45.21
2019-04-20,Standard Class,Consumer,South,Office Supplies,Storage,Atlanta,7,0.2,293.12,2.55
2019-04-20,Second Class,Corporate,Central,Office Supplies,Labels,Minneapolis,6,0.1,397.92,56.54
2019-04-21,Standard Class,Home Office,West,Office Supplies,Labels,Los Angeles,8,0.1,104.83,21.24
2019-04-21,First Class,Consumer,South,Furniture,Furnishings,Charlotte,1,0.0,344.23,32.71
2019-04-21,Standard Class,Corporate,East,Office Supplies,Fasteners,Boston,5,0.05,355.31,74.87
2019-04-22,First Class,Consumer,East,Office Supplies,Appliances,Boston,6,0.15,146.75,11.19
2019-04-22,Standard Class,Consumer,East,Office Supplies,Paper,Columbus,9,0.0,1099.22,318.09
2019-04-22,Second Class,Consumer,East,Office Supplies,Paper,New York City,3,0.05,351.31,62.98
2019-04-22,Second Class,Consumer,West,Office Supplies,Envelopes,Denver,6,0.0,429.09,89.87
2019-04-22,First Class,Consumer,West,Office Supplies,Labels,Los Angeles,1,0.0,55.02,7.47
2019-04-22,Standard Class,Corporate,East,Office Supplies,Supplies,Philadelphia,4,0.15,124.38,3.5
2019-04-22,Second Class,Consumer,Central,Office Supplies,Supplies,Dallas,4,0.1,271.27,12.84
2019-04-22,First Class,Corporate,East,Office Supplies,Art,Philadelphia,7,0.1,816.3,155.63
2019-04-22,Standard Class,Home Office,South,Office Supplies,Supplies,Atlanta,5,0.0,117.85,12.37
2019-04-22,Standard Class,Home Office,Central,Office Supplies,Fasteners,Dallas,9,0.15,269.01,49.28
2019-04-23,Standard Class,Home Office,Central,Technology,Phones,Minneapolis,9,0.1,1243.48,118.27
2019-04-23,Standard Class,Consumer,Central,Office Supplies,Appliances,Chicago,1,0.2,45.16,2.67
2019-04-23,Second Class,Consumer,South,Office Supplies,Art,Miami,1,0.1,33.92,4.94
2019-04-23,Standard Class,Corporate,Central,Furniture,Chairs,Dallas,4,0.0,1175.47,113.84
2019-04-24,Second Class,Corporate,West,Office Supplies,Binders,Seattle,1,0.05,52.71,5.94
2019-04-24,Standard Class,Consumer,East,Office Supplies,Art,Columbus,2,0.1,116.82,6.88
2019-04-24,Standard Class,Home Office,West,Office Supplies,Art,Denver,1,0.05,40.71,7.9
2019-04-24,Standard Class,Consumer,Central,Office Supplies,Binders,Chicago,1,0.3,67.92,-2.92
2019-04-24,Standard Class,Consumer,East,Office Supplies,Fasteners,Columbus,8,0.3,386.95,-11.43
2019-04-24,Second Class,Consumer,Central,Office Supplies,Art,Minneapolis,5,0.1,803.3,102.67
2019-04-24,First Class,Consumer,West,Office Supplies,Appliances,Los Angeles,3,0.05,101.27,16.97
2019-04-24,Second Class,Consumer,South,Office Supplies,Appliances,Atlanta,9,0.0,254.15,52.53
2019-04-24,Standard Class,Corporate,West,Office Supplies,Labels,Denver,7,0.15,114.48,19.76
2019-04-25,Standard Class,Corporate,East,Office Supplies,Art,Columbus,3,0.1,65.09,11.27
2019-04-26,Standard Class,Consumer,West,Furniture,Furnishings,San Francisco,8,0.0,4358.99,769.86
2019-04-26,Standard Class,Consumer,West,Technology,Accessories,San Francisco,8,0.15,1781.45,73.4
2019-04-26,Same Day,Consumer,West,Office Supplies,Art,Denver,2,0.0,71.11,10.37
2019-04-26,Standard Class,Consumer,East,Office Supplies,Labels,New York City,6,0.0,165.82,5.48
2019-04-26,Standard Class,Corporate,South,Office Supplies,Paper,Miami,3,0.4,146.01,-1.21
2019-04-26,First Class,Corporate,East,Technology,Phones,Columbus,3,0.15,250.86,58.71
2019-04-26,Standard Class,Consumer,East,Office Supplies,Binders,Philadelphia,8,0.15,384.65,46.39
2019-04-27,First Class,Consumer,West,Technology,Machines,Seattle,5,0.1,2399.49,211.5
2019-04-27,Second Class,Consumer,East,Office Supplies,Storage,New York City,5,0.2,173.04,1.86
2019-04-27,Standard Class,Consumer,East,Office Supplies,Storage,Columbus,1,0.0,119.71,12.41
2019-04-27,Standard Class,Consumer,West,Office Supplies,Binders,San Francisco,1,0.0,77.18,20.24
2019-04-27,Standard Class,Corporate,East,Furniture,Tables,New York City,4,0.1,326.13,-12.67
2019-04-27,Second Class,Corporate,West,Office Supplies,Labels,San Francisco,4,0.15,193.45,14.48
2019-04-27,Standard Class,Corporate,West,Office Supplies,Storage,Seattle,2,0.2,74.02,4.99
2019-04-27,Standard Class,Corporate,Central,Office Supplies,Appliances,Minneapolis,7,0.15,163.16,14.07
2019-04-27,Standard Class,Consumer,South,Technology,Phones,Miami,1,0.05,169.49,32.06
2019-04-27,Second Class,Home Office,Central,Office Supplies,Binders,Chicago,5,0.1,202.05,10.65
2019-04-27,Standard Class,Consumer,West,Office Supplies,Paper,Los Angeles,5,0.0,486.63,101.06
2019-04-28,Standard Class,Corporate,South,Furniture,Tables,Nashville,4,0.2,310.27,-12.41
2019-04-28,First Class,Corporate,Central,Furniture,Tables,Minneapolis,7,0.05,1157.69,104.6
2019-04-28,Second Class,Consumer,West,Office Supplies,Envelopes,San Francisco,2,0.1,90.9,4.18
2019-04-28,Standard Class,Consumer,Central,Office Supplies,Labels,Chicago,9,0.1,295.31,42.94
2019-04-28,Standard Class,Consumer,Central,Office Supplies,Supplies,Houston,1,0.05,50.48,10.43
2019-04-28,Standard Class,Corporate,East,Office Supplies,Binders,New York City,1,0.0,51.61,8.63
2019-04-28,Second Class,Consumer,South,Office Supplies,Storage,Charlotte,8,0.0,711.53,104.08
2019-04-28,Standard Class,Consumer,East,Technology,Machines,Philadelphia,7,0.05,1947.34,613.78
2019-04-28,First Class,Corporate,East,Office Supplies,Binders,Boston,5,0.3,482.22,-18.47
2019-04-28,Standard Class,Corporate,West,Furniture,Bookcases,Los Angeles,6,0.0,1988.48,257.31
2019-04-29,Second Class,Corporate,West,Furniture,Furnishings,San Francisco,2,0.2,365.61,-26.37
2019-04-29,First Class,Consumer,West,Office Supplies,Fasteners,San Francisco,6,0.1,402.13,35.6
2019-04-29,Standard Class,Home Office,South,Office Supplies,Labels,Miami,2,0.0,199.12,14.63
2019-04-29,Second Class,Consumer,West,Office Supplies,Storage,San Francisco,9,0.05,590.07,77.79
2019-04-29,First Class,Consumer,West,Office Supplies,Envelopes,San Francisco,3,0.0,331.32,34.74
2019-04-29,Standard Class,Corporate,East,Office Supplies,Fasteners,Boston,4,0.0,238.16,39.02
2019-04-29,Standard Class,Corporate,Central,Office Supplies,Supplies,Minneapolis,3,0.15,239.21,10.38
2019-04-29,Standard Class,Consumer,West,Office Supplies,Envelopes,Seattle,9,0.0,211.32,46.93
2019-04-29,Standard Class,Consumer,West,Office Supplies,Art,Seattle,9,0.0,977.66,182.86
2019-04-29,Standard Class,Consumer,South,Office Supplies,Appliances,Nashville,2,0.3,146.73,4.6
2019-04-29,First Class,Corporate,Central,Office Supplies,Labels,Minneapolis,9,0.1,504.8,17.79
2019-04-29,Second Class,Consumer,West,Furniture,Bookcases,Los Angeles,2,0.1,485.36,-24.58
2019-04-29,Same Day,Consumer,East,Furniture,Chairs,Philadelphia,5,0.2,568.03,16.02
2019-04-29,First Class,Consumer,Central,Furniture,Tables,Houston,1,0.2,113.94,-2.5
2019-04-29,Standard Class,Corporate,West,Furniture,Chairs,Denver,2,0.2,147.82,4.39
2019-04-29,First Class,Corporate,West,Office Supplies,Labels,San Francisco,4,0.2,129.58,2.14
2019-04-29,Standard Class,Home Office,East,Furniture,Chairs,Philadelphia,7,0.0,738.72,32.99
2019-04-30,Standard Class,Consumer,South,Technology,Machines,Nashville,2,0.1,729.17,68.9
2019-04-30,Same Day,Consumer,South,Furniture,Furnishings,Charlotte,7,0.0,1158.52,16.43
2019-04-30,Second Class,Home Office,West,Office Supplies,Art,San Francisco,6,0.2,298.51,29.09
2019-04-30,Second Class,Corporate,West,Office Supplies,Appliances,Los Angeles,8,0.15,515.9,16.86
2019-04-30,Second Class,Consumer,West,Technology,Phones,Seattle,2,0.1,1180.81,213.41
2019-04-30,Standard Class,Consumer,West,Technology,Phones,Los Angeles,2,0.0,216.87,33.36
2019-04-30,Standard Class,Consumer,South,Office Supplies,Supplies,Miami,4,0.1,220.12,34.75
2019-04-30,Standard Class,Corporate,East,Office Supplies,Supplies,Columbus,8,0.15,473.88,-5.18
2019-05-01,First Class,Corporate,South,Office Supplies,Paper,Miami,3,0.3,147.58,-14.15
2019-05-01,Standard Class,Home Office,East,Technology,Machines,New York City,3,0.15,480.92,116.47
2019-05-01,Second Class,Corporate,East,Office Supplies,Labels,Boston,7,0.15,442.46,-6.36
2019-05-01,Standard Class,Consumer,West,Office Supplies,Paper,San Francisco,7,0.0,484.36,64.21
2019-05-01,First Class,Corporate,Central,Office Supplies,Binders,Dallas,8,0.2,832.71,37.15
2019-05-02,Second Class,Home Office,South,Technology,Machines,Atlanta,7,0.0,1654.08,441.0
2019-05-02,Standard Class,Corporate,Central,Office Supplies,Fasteners,Minneapolis,8,0.0,496.95,84.33
2019-05-02,Standard Class,Consumer,West,Office Supplies,Labels,Los Angeles,6,0.1,169.49,18.52
2019-05-02,First Class,Consumer,Central,Technology,Copiers,Minneapolis,3,0.0,1204.76,244.3
2019-05-02,First Class,Consumer,West,Technology,Phones,Seattle,1,0.05,204.04,37.98
2019-05-02,First Class,Consumer,South,Technology,Copiers,Miami,1,0.05,479.47,38.56
2019-05-02,Same Day,Home Office,Central,Technology,Accessories,Houston,1,0.15,231.11,25.03
2019-05-03,Standard Class,Home Office,Central,Office Supplies,Paper,Houston,4,0.2,150.5,11.34
2019-05-03,Standard Class,Consumer,East,Furniture,Chairs,Boston,3,0.4,116.32,-21.63
2019-05-03,Standard Class,Home Office,East,Furniture,Chairs,New York City,2,0.0,1157.18,43.72
2019-05-04,Standard Class,Consumer,West,Office Supplies,Binders,Los Angeles,3,0.2,143.24,-8.32
2019-05-04,Standard Class,Corporate,West,Furniture,Chairs,San Francisco,5,0.15,1242.15,100.51
2019-05-04,Standard Class,Consumer,Central,Office Supplies,Storage,Dallas,2,0.2,90.83,3.04
2019-05-05,Standard Class,Consumer,Central,Technology,Machines,Dallas,1,0.1,269.19,49.96
2019-05-05,Standard Class,Consumer,East,Office Supplies,Labels,Philadelphia,9,0.0,227.32,21.89
2019-05-05,Standard Class,Consumer,Central,Technology,Accessories,Dallas,4,0.0,2444.25,348.66
2019-05-05,Standard Class,Consumer,East,Office Supplies,Appliances,Columbus,6,0.1,257.65,48.86
2019-05-05,Standard Class,Home Office,Central,Office Supplies,Appliances,Chicago,3,0.0,71.86,10.52
2019-05-05,Second Class,Corporate,West,Office Supplies,Labels,Denver,4,0.0,153.32,19.69
2019-05-05,Standard Class,Consumer,West,Furniture,Chairs,San Francisco,3,0.0,1654.66,165.54
2019-05-06,First Class,Corporate,South,Office Supplies,Envelopes,Nashville,6,0.0,244.92,36.32
2019-05-06,Second Class,Corporate,Central,Office Supplies,Fasteners,Chicago,4,0.0,418.66,81.52
2019-05-06,Standard Class,Corporate,East,Office Supplies,Labels,Philadelphia,4,0.05,258.78,43.15
2019-05-06,Standard Class,Consumer,East,Furniture,Chairs,Columbus,9,0.0,973.96,77.64
2019-05-06,Same Day,Consumer,West,Technology,Phones,San Francisco,7,0.4,599.06,16.77
2019-05-06,Same Day,Consumer,East,Office Supplies,Supplies,New York City,2,0.0,127.75,16.19
2019-05-06,Standard Class,Consumer,East,Office Supplies,Art,New York City,3,0.0,104.77,16.15
2019-05-07,Standard Class,Corporate,East,Technology,Phones,Boston,8,0.1,519.25,-9.86
2019-05-07,Standard Class,Consumer,East,Furniture,Furnishings,Columbus,7,0.0,3250.76,700.13
2019-05-07,Standard Class,Consumer,East,Furniture,Furnishings,Columbus,9,0.2,2239.39,-83.47
2019-05-07,Standard Class,Consumer,West,Office Supplies,Fasteners,Los Angeles,8,0.15,713.9,56.74
2019-05-07,First Class,Home Office,West,Office Supplies,Paper,Seattle,9,0.2,373.29,14.2
2019-05-07,Standard Class,Consumer,West,Office Supplies,Envelopes,Los Angeles,8,0.05,281.58,57.69
2019-05-07,Standard Class,Consumer,East,Office Supplies,Storage,New York City,9,0.05,130.58,9.14
2019-05-07,Standard Class,Consumer,Central,Office Supplies,Paper,Houston,5,0.0,142.14,27.41
2019-05-07,Standard Class,Corporate,Central,Technology,Phones,Dallas,4,0.15,684.46,68.38
2019-05-07,Standard Class,Consumer,West,Technology,Machines,San Francisco,9,0.0,4584.37,803.14
2019-05-08,Standard Class,Consumer,East,Office Supplies,Labels,Philadelphia,1,0.0,20.31,3.83
2019-05-08,Standard Class,Corporate,South,Office Supplies,Fasteners,Atlanta,9,0.1,1014.65,48.2
2019-05-08,Same Day,Consumer,South,Furniture,Furnishings,Nashville,1,0.15,123.81,11.37
2019-05-08,Standard Class,Corporate,East,Technology,Phones,Boston,6,0.0,1500.51,315.84
2019-05-08,Standard Class,Home Office,East,Technology,Phones,New York City,6,0.2,1072.91,185.59
2019-05-08,Second Class,Corporate,South,Furniture,Tables,Nashville,4,0.2,502.41,32.39
2019-05-09,Standard Class,Consumer,East,Furniture,Furnishings,Philadelphia,3,0.3,417.4,-20.2
2019-05-09,Standard Class,Corporate,Central,Furniture,Tables,Chicago,9,0.05,1930.91,70.76
2019-05-09,Standard Class,Consumer,South,Office Supplies,Storage,Miami,3,0.2,153.57,17.86
2019-05-09,Second Class,Consumer,East,Office Supplies,Appliances,New York City,4,0.0,405.55,91.78
2019-05-09,Standard Class,Home Office,East,Furniture,Bookcases,Boston,9,0.1,2418.85,-64.2
2019-05-10,Standard Class,Corporate,East,Office Supplies,Appliances,New York City,1,0.0,34.74,5.37
2019-05-10,Same Day,Corporate,West,Office Supplies,Binders,Los Angeles,8,0.3,481.45,-45.69
2019-05-10,Second Class,Consumer,South,Technology,Machines,Miami,5,0.1,2701.04,296.79
2019-05-10,Same Day,Home Office,West,Furniture,Bookcases,Denver,3,0.0,345.91,50.77
2019-05-10,Second Class,Home Office,Central,Office Supplies,Labels,Houston,5,0.05,491.86,111.11
2019-05-11,Standard Class,Consumer,South,Furniture,Furnishings,Charlotte,6,0.3,290.84,-2.2
2019-05-11,First Class,Corporate,West,Office Supplies,Envelopes,San Francisco,7,0.3,166.5,11.87
2019-05-11,Standard Class,Corporate,East,Furniture,Tables,Columbus,6,0.2,563.93,-53.27
2019-05-11,Same Day,Consumer,East,Office Supplies,Storage,New York City,5,0.0,234.89,28.67
2019-05-11,First Class,Corporate,West,Office Supplies,Appliances,Denver,2,0.15,183.99,14.59
2019-05-11,Standard Class,Consumer,West,Office Supplies,Supplies,Los Angeles,9,0.1,615.87,89.56
2019-05-11,Second Class,Corporate,Central,Office Supplies,Fasteners,Minneapolis,5,0.1,329.32,6.21
2019-05-11,Standard Class,Consumer,South,Office Supplies,Art,Atlanta,6,0.1,507.57,31.34
2019-05-12,Standard Class,Corporate,Central,Office Supplies,Paper,Minneapolis,2,0.15,122.26,2.97
2019-05-12,Standard Class,Consumer,West,Office Supplies,Supplies,Seattle,2,0.0,197.19,41.77
2019-05-12,First Class,Consumer,Central,Technology,Accessories,Chicago,9,0.1,1385.74,216.62
2019-05-12,Standard Class,Consumer,East,Office Supplies,Paper,New York City,6,0.0,341.13,43.4
2019-05-12,Standard Class,Consumer,South,Furniture,Bookcases,Atlanta,7,0.0,727.34,147.11
2019-05-12,First Class,Home Office,South,Furniture,Tables,Atlanta,4,0.4,1829.67,-388.49
2019-05-13,First Class,Consumer,Central,Technology,Copiers,Dallas,6,0.1,1039.19,42.55
2019-05-13,Second Class,Consumer,Central,Furniture,Bookcases,Minneapolis,9,0.3,580.46,-67.35
2019-05-13,Standard Class,Consumer,West,Technology,Machines,Seattle,3,0.15,847.25,96.57
2019-05-13,Second Class,Consumer,East,Office Supplies,Labels,Philadelphia,5,0.15,303.74,-6.79
2019-05-13,First Class,Corporate,Central,Office Supplies,Art,Minneapolis,2,0.1,159.29,20.22
2019-05-13,Standard Class,Corporate,South,Office Supplies,Art,Nashville,2,0.2,117.5,15.21
2019-05-13,Second Class,Consumer,Central,Office Supplies,Labels,Minneapolis,1,0.2,21.07,1.31
2019-05-14,Standard Class,Consumer,West,Furniture,Furnishings,Denver,8,0.1,319.02,13.71
2019-05-14,Standard Class,Home Office,West,Technology,Machines,Los Angeles,1,0.15,215.62,39.19
2019-05-14,Same Day,Consumer,Central,Office Supplies,Supplies,Dallas,3,0.15,105.47,1.8
2019-05-14,Standard Class,Corporate,Central,Office Supplies,Art,Chicago,5,0.05,359.95,42.42
2019-05-14,Same Day,Consumer,Central,Office Supplies,Art,Chicago,6,0.05,566.87,97.41
2019-05-14,Standard Class,Consumer,West,Office Supplies,Supplies,Denver,6,0.1,488.85,17.35
2019-05-14,Standard Class,Consumer,West,Office Supplies,Paper,Los Angeles,8,0.0,169.3,31.72
2019-05-14,Second Class,Consumer,Central,Office Supplies,Art,Houston,3,0.2,131.45,9.32
2019-05-15,Standard Class,Corporate,West,Furniture,Furnishings,Denver,5,0.0,2744.12,24.35
2019-05-15,First Class,Corporate,Central,Furniture,Chairs,Minneapolis,3,0.0,282.15,9.64
2019-05-15,Standard Class,Consumer,West,Office Supplies,Appliances,Los Angeles,9,0.4,678.35,-60.3
2019-05-16,Second Class,Consumer,South,Office Supplies,Binders,Atlanta,4,0.2,369.09,-9.92
2019-05-16,Standard Class,Home Office,Central,Office Supplies,Binders,Houston,8,0.3,214.73,5.42
2019-05-16,Second Class,Home Office,West,Office Supplies,Fasteners,San Francisco,6,0.0,168.25,10.03
2019-05-16,Standard Class,Corporate,East,Office Supplies,Binders,Columbus,6,0.2,406.41,31.99
2019-05-16,Standard Class,Consumer,West,Technology,Copiers,Denver,8,0.1,3635.08,447.14
2019-05-17,Standard Class,Consumer,East,Office Supplies,Labels,New York City,5,0.05,178.99,19.67
2019-05-17,Standard Class,Corporate,Central,Office Supplies,Storage,Chicago,2,0.05,84.19,11.65
2019-05-17,Standard Class,Corporate,South,Furniture,Tables,Charlotte,3,0.2,700.28,32.37
2019-05-17,Second Class,Home Office,West,Furniture,Furnishings,Denver,6,0.1,1349.72,45.5
2019-05-17,Standard Class,Consumer,West,Furniture,Tables,San Francisco,4,0.0,467.95,76.1
2019-05-17,Standard Class,Corporate,Central,Office Supplies,Binders,Minneapolis,3,0.4,169.19,-10.17
2019-05-17,Standard Class,Home Office,East,Office Supplies,Art,New York City,7,0.1,371.8,71.83
2019-05-17,First Class,Consumer,East,Technology,Phones,Philadelphia,6,0.4,1825.73,-31.99
2019-05-17,Standard Class,Consumer,South,Furniture,Furnishings,Nashville,4,0.1,631.56,-87.91
2019-05-18,Standard Class,Corporate,South,Office Supplies,Art,Atlanta,7,0.2,565.2,36.03
2019-05-18,Standard Class,Corporate,South,Furniture,Furnishings,Miami,7,0.1,1857.86,-81.17
2019-05-18,Standard Class,Consumer,Central,Technology,Accessories,Dallas,4,0.05,891.89,259.85
2019-05-18,Standard Class,Consumer,West,Office Supplies,Labels,Los Angeles,4,0.1,261.16,31.95
2019-05-18,Standard Class,Consumer,West,Furniture,Furnishings,San Francisco,8,0.2,1010.2,22.64
2019-05-18,First Class,Consumer,South,Office Supplies,Binders,Atlanta,1,0.2,25.27,-1.59
2019-05-18,First Class,Corporate,East,Technology,Machines,Boston,8,0.0,3388.61,996.98
2019-05-18,Standard Class,Consumer,West,Office Supplies,Storage,San Francisco,8,0.1,1114.52,109.45
2019-05-18,Standard Class,Corporate,East,Office Supplies,Fasteners,Boston,6,0.0,382.78,59.86
2019-05-18,Standard Class,Home Office,East,Furniture,Bookcases,Philadelphia,8,0.3,362.68,-17.33
2019-05-18,Second Class,Corporate,East,Technology,Phones,Boston,3,0.0,647.13,148.73
2019-05-19,Standard Class,Consumer,West,Office Supplies,Paper,Seattle,5,0.4,104.43,-10.34
2019-05-19,Standard Class,Corporate,West,Office Supplies,Fasteners,San Francisco,1,0.0,76.26,16.2
2019-05-19,Standard Class,Consumer,Central,Furniture,Tables,Minneapolis,1,0.0,405.74,11.36
2019-05-19,Standard Class,Consumer,South,Office Supplies,Storage,Miami,9,0.0,643.53,99.5
2019-05-20,Standard Class,Corporate,West,Office Supplies,Labels,Denver,7,0.2,628.12,58.96
2019-05-20,Standard Class,Corporate,Central,Technology,Accessories,Houston,6,0.0,1104.21,208.99
2019-05-20,Standard Class,Consumer,East,Office Supplies,Fasteners,Philadelphia,7,0.0,229.77,29.02
2019-05-20,First Class,Consumer,West,Office Supplies,Supplies,Denver,8,0.4,202.77,-33.43
2019-05-20,Standard Class,Consumer,Central,Furniture,Bookcases,Houston,3,0.15,957.93,38.24
2019-05-20,First Class,Consumer,Central,Office Supplies,Art,Minneapolis,7,0.05,360.04,62.96
2019-05-20,Same Day,Consumer,East,Office Supplies,Binders,New York City,6,0.15,225.34,7.61
2019-05-21,First Class,Corporate,East,Office Supplies,Storage,Columbus,3,0.1,271.14,16.99
2019-05-21,Standard Class,Consumer,South,Technology,Machines,Atlanta,3,0.1,910.89,62.37
2019-05-21,Second Class,Corporate,West,Office Supplies,Art,Seattle,1,0.4,50.09,-2.6
2019-05-21,Second Class,Home Office,Central,Office Supplies,Supplies,Dallas,2,0.3,66.28,3.68
2019-05-22,First Class,Consumer,West,Office Supplies,Envelopes,Seattle,1,0.15,114.55,6.14
2019-05-22,Standard Class,Home Office,South,Technology,Machines,Atlanta,5,0.3,1372.71,94.74
2019-05-22,Standard Class,Home Office,East,Office Supplies,Labels,Philadelphia,8,0.0,963.26,53.63
2019-05-22,Standard Class,Corporate,East,Office Supplies,Paper,Philadelphia,2,0.0,335.77,65.98
2019-05-22,Standard Class,Corporate,South,Office Supplies,Binders,Nashville,4,0.3,156.01,-0.6
2019-05-22,Second Class,Home Office,West,Office Supplies,Fasteners,San Francisco,6,0.3,338.21,-15.28
2019-05-22,First Class,Consumer,West,Office Supplies,Labels,Denver,8,0.3,145.71,-4.34
2019-05-22,First Class,Consumer,South,Furniture,Tables,Charlotte,2,0.1,466.88,13.44
2019-05-22,First Class,Corporate,West,Office Supplies,Binders,Seattle,3,0.1,135.91,18.14
2019-05-23,Standard Class,Consumer,West,Technology,Accessories,Los Angeles,8,0.2,688.42,109.77
2019-05-23,Same Day,Consumer,East,Furniture,Furnishings,Columbus,2,0.2,419.95,-5.06
2019-05-23,Standard Class,Consumer,West,Office Supplies,Fasteners,San Francisco,8,0.05,404.58,37.15
2019-05-23,Standard Class,Home Office,Central,Office Supplies,Storage,Minneapolis,5,0.2,245.24,11.3
2019-05-23,First Class,Consumer,West,Furniture,Furnishings,Seattle,7,0.15,1082.14,140.61
2019-05-23,Standard Class,Home Office,West,Office Supplies,Art,Denver,6,0.05,211.34,39.95
2019-05-23,Standard Class,Home Office,South,Furniture,Furnishings,Miami,3,0.15,1001.54,-115.52
2019-05-23,Standard Class,Corporate,East,Office Supplies,Binders,Columbus,2,0.1,135.79,23.96
2019-05-24,Second Class,Corporate,South,Furniture,Tables,Nashville,8,0.1,962.18,8.94
2019-05-24,Standard Class,Corporate,South,Furniture,Bookcases,Charlotte,5,0.0,884.13,-1.54
2019-05-24,Standard Class,Corporate,South,Office Supplies,Art,Miami,3,0.3,62.8,-2.87
2019-05-24,Standard Class,Consumer,East,Office Supplies,Supplies,New York City,7,0.0,236.48,29.17
2019-05-25,Standard Class,Consumer,South,Technology,Machines,Miami,1,0.15,125.8,13.65
2019-05-25,Standard Class,Corporate,Central,Office Supplies,Fasteners,Chicago,2,0.4,51.94,-4.1
2019-05-25,First Class,Corporate,South,Technology,Copiers,Miami,1,0.05,309.03,30.84
2019-05-25,Standard Class,Consumer,West,Office Supplies,Envelopes,San Francisco,5,0.0,528.33,40.44
2019-05-25,First Class,Consumer,South,Office Supplies,Supplies,Charlotte,3,0.05,159.16,30.23
2019-05-25,Standard Class,Corporate,East,Office Supplies,Binders,Philadelphia,8,0.0,335.51,48.17
2019-05-25,Standard Class,Corporate,East,Office Supplies,Fasteners,Philadelphia,5,0.0,784.52,-5.17
2019-05-25,Standard Class,Consumer,Central,Technology,Phones,Minneapolis,5,0.0,860.54,141.83
2019-05-25,Second Class,Corporate,East,Office Supplies,Fasteners,Philadelphia,5,0.05,323.23,23.7
2019-05-26,Standard Class,Home Office,Central,Office Supplies,Supplies,Houston,2,0.05,133.38,26.91
2019-05-26,Standard Class,Consumer,East,Technology,Machines,New York City,8,0.3,743.57,-34.12
2019-05-26,Standard Class,Corporate,West,Office Supplies,Appliances,Los Angeles,1,0.05,36.72,7.42
2019-05-26,Standard Class,Consumer,Central,Office Supplies,Art,Minneapolis,7,0.2,191.92,28.7
2019-05-26,Second Class,Consumer,West,Office Supplies,Binders,Seattle,7,0.1,216.89,13.26
2019-05-26,Standard Class,Consumer,South,Office Supplies,Storage,Nashville,7,0.0,465.17,95.73
2019-05-26,First Class,Consumer,South,Office Supplies,Envelopes,Miami,6,0.15,521.05,-32.58
2019-05-26,First Class,Consumer,West,Technology,Copiers,Los Angeles,9,0.1,1193.31,213.58
2019-05-26,First Class,Consumer,East,Office Supplies,Binders,Boston,5,0.4,185.58,-23.82
2019-05-26,Second Class,Consumer,East,Furniture,Chairs,Columbus,2,0.3,500.96,-84.24
2019-05-27,Second Class,Consumer,South,Office Supplies,Storage,Atlanta,1,0.2,45.39,-1.51
2019-05-27,First Class,Consumer,West,Office Supplies,Supplies,San Francisco,8,0.0,404.39,91.18
2019-05-27,Standard Class,Consumer,South,Office Supplies,Paper,Charlotte,4,0.1,219.03,17.25
2019-05-27,Standard Class,Home Office,East,Furniture,Furnishings,New York City,3,0.05,893.63,7.11
2019-05-27,First Class,Consumer,West,Office Supplies,Binders,Seattle,5,0.15,169.5,13.09
2019-05-27,Standard Class,Consumer,South,Office Supplies,Binders,Miami,7,0.0,471.82,80.92
2019-05-27,First Class,Consumer,West,Furniture,Furnishings,Seattle,6,0.1,485.39,12.85
2019-05-28,First Class,Home Office,Central,Office Supplies,Paper,Chicago,5,0.1,292.8,23.36
2019-05-28,Standard Class,Consumer,West,Office Supplies,Supplies,Seattle,1,0.1,49.0,5.53
2019-05-28,Second Class,Consumer,West,Office Supplies,Labels,Los Angeles,3,0.1,149.2,25.62
2019-05-28,Standard Class,Home Office,East,Office Supplies,Appliances,Boston,7,0.2,371.32,-3.46
2019-05-28,Standard Class,Corporate,Central,Furniture,Furnishings,Minneapolis,6,0.0,584.05,61.24
2019-05-28,Standard Class,Home Office,West,Office Supplies,Binders,Seattle,4,0.2,310.35,0.78
2019-05-29,First Class,Corporate,West,Office Supplies,Art,Seattle,4,0.15,170.74,16.19
2019-05-29,Standard Class,Corporate,South,Furniture,Tables,Miami,1,0.0,183.09,8.46
2019-05-29,Same Day,Home Office,West,Technology,Copiers,Seattle,1,0.15,210.89,-1.99
2019-05-29,Standard Class,Corporate,East,Office Supplies,Art,Philadelphia,8,0.0,170.69,5.52
2019-05-29,First Class,Home Office,West,Technology,Accessories,Denver,9,0.1,1938.5,207.45
2019-05-29,Standard Class,Corporate,South,Technology,Copiers,Charlotte,3,0.15,472.3,8.62
2019-05-30,Standard Class,Consumer,Central,Furniture,Tables,Dallas,2,0.1,360.34,27.5
2019-05-30,Standard Class,Consumer,South,Office Supplies,Storage,Charlotte,8,0.05,204.17,19.04
2019-05-30,Standard Class,Consumer,East,Office Supplies,Appliances,Columbus,6,0.3,658.54,-8.48
2019-05-30,Standard Class,Consumer,Central,Office Supplies,Appliances,Chicago,9,0.0,351.72,41.01
2019-05-30,First Class,Consumer,East,Office Supplies,Paper,Boston,8,0.0,504.84,83.42
2019-05-31,Standard Class,Corporate,West,Office Supplies,Appliances,Los Angeles,4,0.1,142.19,14.91
2019-05-31,Second Class,Consumer,Central,Office Supplies,Binders,Houston,4,0.15,204.85,43.11
2019-05-31,Second Class,Consumer,East,Technology,Accessories,New York City,8,0.1,2790.2,175.46
2019-05-31,Standard Class,Consumer,South,Office Supplies,Fasteners,Atlanta,5,0.2,277.27,0.77
2019-05-31,Standard Class,Home Office,East,Technology,Accessories,Philadelphia,2,0.1,473.21,61.28
2019-06-01,First Class,Consumer,West,Office Supplies,Paper,Seattle,9,0.3,752.84,37.29
2019-06-01,Same Day,Consumer,Central,Office Supplies,Appliances,Chicago,7,0.2,627.27,3.19
2019-06-01,Second Class,Home Office,East,Office Supplies,Art,Philadelphia,3,0.0,160.64,16.58
2019-06-01,Standard Class,Consumer,East,Technology,Phones,New York City,1,0.3,127.2,9.08
2019-06-01,First Class,Corporate,East,Office Supplies,Appliances,Columbus,2,0.1,67.91,6.47
2019-06-01,Standard Class,Corporate,West,Office Supplies,Appliances,Denver,6,0.15,306.57,35.91
2019-06-01,Standard Class,Home Office,West,Office Supplies,Envelopes,Denver,7,0.0,217.46,38.69
2019-06-01,Standard Class,Corporate,West,Furniture,Chairs,Denver,5,0.2,631.86,16.51
2019-06-01,First Class,Corporate,East,Office Supplies,Paper,Boston,6,0.1,219.24,0.11
2019-06-02,Standard Class,Corporate,West,Technology,Phones,Denver,1,0.15,291.76,37.18
2019-06-02,First Class,Consumer,South,Office Supplies,Appliances,Nashville,2,0.2,169.72,6.05
2019-06-02,Standard Class,Consumer,West,Office Supplies,Appliances,Seattle,5,0.0,405.73,43.63
2019-06-02,Standard Class,Home Office,East,Furniture,Chairs,Columbus,3,0.0,919.88,98.96
2019-06-03,Second Class,Corporate,South,Office Supplies,Appliances,Charlotte,4,0.3,77.02,1.65
2019-06-03,Standard Class,Consumer,South,Office Supplies,Fasteners,Atlanta,5,0.15,180.0,21.48
2019-06-03,Standard Class,Home Office,Central,Furniture,Chairs,Chicago,8,0.0,2301.48,297.75
2019-06-03,Same Day,Consumer,South,Office Supplies,Storage,Miami,2,0.2,52.0,0.41
2019-06-03,Standard Class,Consumer,Central,Office Supplies,Appliances,Minneapolis,2,0.0,257.98,32.78
2019-06-04,Standard Class,Home Office,South,Furniture,Chairs,Miami,1,0.2,78.23,-6.11
2019-06-04,Standard Class,Consumer,East,Office Supplies,Envelopes,Boston,1,0.1,134.88,7.0
2019-06-04,Standard Class,Consumer,West,Technology,Accessories,Denver,4,0.0,3558.29,718.31
2019-06-04,Second Class,Home Office,East,Office Supplies,Art,Philadelphia,2,0.15,181.97,-7.08
2019-06-04,Standard Class,Corporate,East,Furniture,Bookcases,New York City,5,0.1,908.17,61.51
2019-06-04,Standard Class,Corporate,West,Furniture,Tables,Los Angeles,9,0.1,835.46,23.92
2019-06-04,Standard Class,Consumer,East,Office Supplies,Storage,Philadelphia,7,0.15,196.93,17.34
2019-06-04,Standard Class,Home Office,South,Office Supplies,Fasteners,Charlotte,4,0.0,177.8,28.75
2019-06-04,First Class,Home Office,Central,Furniture,Furnishings,Dallas,5,0.0,596.26,9.29
2019-06-04,Second Class,Corporate,West,Office Supplies,Paper,Denver,8,0.2,160.02,7.85
2019-06-05,First Class,Consumer,East,Office Supplies,Storage,New York City,1,0.05,56.62,15.06
2019-06-05,Standard Class,Consumer,South,Office Supplies,Appliances,Charlotte,9,0.0,2563.32,406.63
2019-06-05,Second Class,Consumer,East,Office Supplies,Storage,Philadelphia,5,0.4,266.43,-7.02
2019-06-05,Standard Class,Consumer,West,Furniture,Bookcases,Denver,8,0.2,1982.73,28.61
2019-06-05,Standard Class,Consumer,East,Furniture,Bookcases,New York City,1,0.05,142.3,0.75
2019-06-05,Standard Class,Consumer,South,Office Supplies,Storage,Charlotte,9,0.05,1341.48,252.8
2019-06-05,Second Class,Consumer,South,Office Supplies,Envelopes,Nashville,4,0.0,146.82,42.44
2019-06-05,Same Day,Home Office,East,Office Supplies,Appliances,Columbus,7,0.3,537.63,-31.22
2019-06-05,Standard Class,Consumer,Central,Office Supplies,Binders,Houston,5,0.2,291.46,19.23
2019-06-05,Standard Class,Consumer,West,Office Supplies,Art,Seattle,7,0.0,189.37,12.63
2019-06-05,Second Class,Consumer,Central,Office Supplies,Appliances,Chicago,3,0.0,82.44,13.0
2019-06-06,Same Day,Consumer,Central,Office Supplies,Binders,Houston,5,0.0,271.88,44.1
2019-06-06,First Class,Corporate,West,Office Supplies,Supplies,Los Angeles,1,0.1,52.92,8.85
2019-06-06,First Class,Consumer,East,Office Supplies,Art,Columbus,1,0.0,83.28,17.21
2019-06-06,First Class,Consumer,East,Technology,Accessories,Boston,7,0.0,1569.31,323.27
2019-06-06,First Class,Consumer,South,Technology,Accessories,Atlanta,2,0.1,457.33,81.71
2019-06-06,Standard Class,Consumer,East,Furniture,Bookcases,Columbus,9,0.2,1139.2,-172.96
2019-06-06,Standard Class,Consumer,South,Office Supplies,Storage,Miami,1,0.0,27.64,6.88
2019-06-07,Second Class,Corporate,Central,Technology,Accessories,Dallas,2,0.0,193.46,43.43
2019-06-07,First Class,Consumer,South,Office Supplies,Paper,Nashville,1,0.15,48.84,3.46
2019-06-07,Standard Class,Consumer,West,Furniture,Bookcases,San Francisco,9,0.2,1066.64,15.51
2019-06-08,First Class,Consumer,South,Office Supplies,Art,Nashville,5,0.1,179.76,-7.35
2019-06-08,Second Class,Consumer,West,Furniture,Chairs,Denver,5,0.4,825.52,-128.3
2019-06-08,Second Class,Home Office,South,Office Supplies,Labels,Atlanta,6,0.1,424.67,51.04
2019-06-08,Second Class,Corporate,West,Furniture,Chairs,San Francisco,1,0.1,45.12,-1.81
2019-06-08,First Class,Consumer,West,Furniture,Furnishings,Los Angeles,4,0.3,227.12,-12.0
2019-06-08,Standard Class,Consumer,East,Office Supplies,Labels,Philadelphia,1,0.15,68.76,3.97
2019-06-09,Standard Class,Home Office,Central,Technology,Copiers,Chicago,4,0.1,567.46,94.03
2019-06-09,Second Class,Corporate,South,Office Supplies,Storage,Atlanta,8,0.0,376.56,94.77
2019-06-09,Second Class,Corporate,West,Office Supplies,Supplies,Denver,5,0.05,160.29,2.95
2019-06-09,Second Class,Consumer,South,Office Supplies,Binders,Nashville,3,0.1,120.95,35.93
2019-06-09,Standard Class,Consumer,South,Office Supplies,Art,Atlanta,4,0.0,246.95,1.28
2019-06-09,Second Class,Consumer,East,Furniture,Furnishings,Columbus,9,0.1,1177.82,64.58
2019-06-09,Standard Class,Home Office,West,Furniture,Furnishings,Seattle,2,0.0,182.49,2.46
2019-06-10,Standard Class,Corporate,East,Office Supplies,Supplies,Columbus,4,0.05,217.17,30.06
2019-06-10,First Class,Consumer,Central,Office Supplies,Supplies,Chicago,7,0.2,271.83,17.82
2019-06-10,Standard Class,Consumer,West,Office Supplies,Envelopes,Los Angeles,3,0.0,375.07,89.82
2019-06-10,Second Class,Corporate,West,Office Supplies,Appliances,Seattle,8,0.1,282.96,36.04
2019-06-10,First Class,Corporate,South,Office Supplies,Binders,Atlanta,3,0.0,213.17,25.16
2019-06-11,Standard Class,Corporate,Central,Furniture,Chairs,Chicago,5,0.0,778.55,60.85
2019-06-11,First Class,Corporate,West,Office Supplies,Appliances,Los Angeles,7,0.0,260.24,38.65
2019-06-11,Standard Class,Consumer,South,Office Supplies,Paper,Nashville,3,0.2,93.79,9.62
2019-06-11,Standard Class,Corporate,East,Office Supplies,Appliances,New York City,2,0.15,176.89,19.35
2019-06-11,First Class,Consumer,West,Office Supplies,Fasteners,Los Angeles,3,0.15,50.18,8.48
2019-06-11,Same Day,Consumer,East,Furniture,Chairs,Boston,6,0.1,1190.3,-9.1
2019-06-11,Standard Class,Home Office,West,Technology,Phones,Seattle,7,0.4,1140.92,-55.35
2019-06-12,Standard Class,Home Office,East,Office Supplies,Supplies,Philadelphia,7,0.1,492.47,37.9
2019-06-12,Standard Class,Corporate,West,Furniture,Chairs,Seattle,2,0.0,327.33,-5.37
2019-06-12,Standard Class,Home Office,South,Furniture,Tables,Nashville,1,0.15,113.89,5.52
2019-06-13,Second Class,Consumer,West,Office Supplies,Labels,San Francisco,3,0.05,96.41,10.25
2019-06-13,First Class,Home Office,East,Furniture,Tables,New York City,6,0.4,969.24,-152.93
2019-06-13,Standard Class,Home Office,West,Office Supplies,Supplies,San Francisco,9,0.15,418.71,-7.43
2019-06-13,Second Class,Consumer,Central,Office Supplies,Envelopes,Chicago,9,0.0,783.37,157.36
2019-06-13,Same Day,Home Office,West,Office Supplies,Appliances,Seattle,2,0.1,55.95,4.5
2019-06-13,Standard Class,Consumer,South,Office Supplies,Appliances,Charlotte,8,0.2,445.58,-50.14
2019-06-14,Standard Class,Consumer,West,Furniture,Furnishings,San Francisco,9,0.1,990.88,-98.7
2019-06-14,Standard Class,Home Office,West,Furniture,Furnishings,Denver,2,0.15,216.06,-7.03
2019-06-14,Standard Class,Corporate,Central,Technology,Phones,Chicago,8,0.15,1429.61,174.56
2019-06-15,Standard Class,Corporate,East,Office Supplies,Envelopes,New York City,2,0.0,59.46,6.32
2019-06-15,Standard Class,Corporate,West,Office Supplies,Storage,Denver,8,0.2,263.94,33.59
2019-06-15,Standard Class,Corporate,South,Furniture,Bookcases,Nashville,5,0.1,691.55,8.23
2019-06-15,Standard Class,Consumer,West,Office Supplies,Appliances,Seattle,4,0.15,189.31,13.86
2019-06-15,First Class,Corporate,West,Office Supplies,Paper,Denver,8,0.1,239.42,20.17
2019-06-15,First Class,Corporate,Central,Office Supplies,Envelopes,Minneapolis,5,0.05,356.3,16.17
2019-06-15,Standard Class,Home Office,East,Office Supplies,Fasteners,New York City,5,0.2,224.39,39.7
2019-06-15,Standard Class,Corporate,East,Office Supplies,Paper,Boston,3,0.1,444.6,34.36
2019-06-15,Standard Class,Consumer,Central,Furniture,Furnishings,Dallas,1,0.15,33.0,-3.37
2019-06-15,Second Class,Consumer,South,Technology,Machines,Miami,7,0.2,713.66,156.36
2019-06-15,Second Class,Consumer,East,Office Supplies,Supplies,Philadelphia,5,0.1,449.93,17.96
2019-06-15,Standard Class,Corporate,West,Office Supplies,Fasteners,San Francisco,5,0.1,203.98,26.3
2019-06-15,Standard Class,Consumer,West,Technology,Accessories,Los Angeles,7,0.15,865.7,153.61
2019-06-16,Standard Class,Consumer,South,Office Supplies,Supplies,Nashville,6,0.0,72.68,14.32
2019-06-16,Standard Class,Consumer,East,Technology,Machines,Philadelphia,2,0.05,242.32,30.49
2019-06-16,Second Class,Corporate,West,Office Supplies,Paper,Los Angeles,9,0.0,364.5,5.44
2019-06-16,Standard Class,Corporate,South,Office Supplies,Art,Miami,3,0.1,208.41,33.13
2019-06-16,Standard Class,Corporate,East,Office Supplies,Envelopes,Columbus,6,0.1,366.13,24.69
2019-06-16,Standard Class,Corporate,East,Office Supplies,Art,Boston,6,0.0,340.49,41.78
2019-06-16,Standard Class,Consumer,East,Technology,Copiers,Philadelphia,8,0.1,824.19,108.75
2019-06-16,Standard Class,Corporate,South,Office Supplies,Binders,Nashville,8,0.3,211.38,8.91
2019-06-16,Standard Class,Corporate,East,Office Supplies,Paper,Columbus,9,0.05,298.57,39.98
2019-06-16,Same Day,Corporate,South,Office Supplies,Binders,Atlanta,8,0.05,443.87,28.99
2019-06-17,Second Class,Corporate,East,Furniture,Chairs,Philadelphia,1,0.3,176.74,-4.49
2019-06-17,Standard Class,Corporate,East,Technology,Phones,Boston,7,0.15,1244.43,227.9
2019-06-17,Standard Class,Corporate,East,Office Supplies,Storage,Philadelphia,4,0.05,258.44,28.76
2019-06-17,Standard Class,Corporate,Central,Furniture,Tables,Minneapolis,6,0.0,1284.9,163.39
2019-06-18,First Class,Corporate,East,Furniture,Tables,Columbus,9,0.1,651.39,129.21
2019-06-18,First Class,Corporate,West,Furniture,Tables,Los Angeles,8,0.05,1864.17,85.06
2019-06-18,Standard Class,Consumer,South,Technology,Machines,Miami,2,0.3,486.36,19.9
2019-06-18,Standard Class,Home Office,East,Furniture,Bookcases,Philadelphia,8,0.0,1125.16,85.29
2019-06-18,Second Class,Home Office,East,Office Supplies,Storage,New York City,7,0.0,698.96,28.07
2019-06-18,First Class,Consumer,West,Office Supplies,Binders,Denver,8,0.1,241.78,39.67
2019-06-18,Standard Class,Consumer,Central,Office Supplies,Appliances,Chicago,2,0.0,298.98,34.53
2019-06-19,Standard Class,Corporate,South,Furniture,Tables,Atlanta,2,0.4,484.96,-49.8
2019-06-19,Second Class,Consumer,East,Office Supplies,Fasteners,Columbus,6,0.2,141.97,9.31
2019-06-19,Standard Class,Consumer,Central,Furniture,Chairs,Dallas,5,0.3,549.33,-41.09
2019-06-19,Standard Class,Home Office,West,Office Supplies,Labels,Denver,4,0.1,97.11,10.75
2019-06-19,Standard Class,Consumer,West,Furniture,Bookcases,Denver,2,0.05,268.56,44.91
2019-06-20,Second Class,Corporate,East,Office Supplies,Envelopes,Boston,4,0.15,361.52,23.73
2019-06-20,Standard Class,Consumer,Central,Office Supplies,Envelopes,Minneapolis,9,0.0,972.38,174.56
2019-06-20,Second Class,Consumer,West,Office Supplies,Envelopes,Los Angeles,9,0.3,209.02,2.42
2019-06-20,Standard Class,Home Office,West,Office Supplies,Storage,San Francisco,4,0.15,225.1,-0.39
2019-06-21,Second Class,Corporate,West,Office Supplies,Art,Denver,8,0.1,416.97,65.74
2019-06-21,Standard Class,Consumer,East,Furniture,Chairs,Boston,2,0.2,152.92,-10.21
2019-06-21,Standard Class,Consumer,East,Furniture,Furnishings,Philadelphia,5,0.2,955.51,-62.12
2019-06-21,First Class,Corporate,East,Office Supplies,Art,Boston,2,0.15,203.94,36.02
2019-06-21,Standard Class,Consumer,East,Office Supplies,Art,New York City,1,0.3,68.63,5.17
2019-06-21,First Class,Corporate,West,Technology,Accessories,San Francisco,4,0.05,1105.86,293.6
2019-06-22,Standard Class,Corporate,Central,Office Supplies,Storage,Houston,9,0.0,503.83,27.26
2019-06-22,Second Class,Consumer,East,Technology,Machines,Boston,1,0.0,373.46,91.17
2019-06-22,Standard Class,Consumer,East,Office Supplies,Labels,Columbus,7,0.15,362.74,18.9
2019-06-22,First Class,Corporate,West,Office Supplies,Fasteners,San Francisco,6,0.3,194.36,4.06
2019-06-22,First Class,Consumer,West,Office Supplies,Supplies,Denver,6,0.15,218.6,4.95
2019-06-22,Standard Class,Home Office,East,Furniture,Furnishings,Philadelphia,8,0.1,1686.06,86.94
2019-06-22,Standard Class,Consumer,Central,Furniture,Furnishings,Houston,8,0.05,1075.41,35.69
2019-06-22,Standard Class,Consumer,West,Technology,Accessories,Seattle,2,0.15,506.5,48.01
2019-06-22,Standard Class,Consumer,West,Technology,Machines,Denver,7,0.1,700.61,81.99
2019-06-22,Standard Class,Consumer,West,Technology,Machines,San Francisco,3,0.0,1299.65,283.34
2019-06-23,Standard Class,Corporate,South,Office Supplies,Fasteners,Atlanta,9,0.1,292.75,51.2
2019-06-23,Second Class,Corporate,West,Office Supplies,Storage,Seattle,5,0.4,296.29,-14.38
2019-06-23,Second Class,Corporate,East,Technology,Accessories,Columbus,5,0.15,891.8,33.92
2019-06-23,Standard Class,Consumer,South,Office Supplies,Art,Atlanta,5,0.3,121.04,-7.09
2019-06-23,Standard Class,Corporate,West,Office Supplies,Art,Los Angeles,2,0.0,66.65,11.97
2019-06-23,First Class,Consumer,Central,Office Supplies,Storage,Dallas,8,0.4,148.47,0.07
2019-06-23,Standard Class,Home Office,East,Office Supplies,Fasteners,Philadelphia,8,0.0,486.65,108.51
2019-06-24,Standard Class,Consumer,Central,Office Supplies,Storage,Minneapolis,5,0.0,334.79,57.5
2019-06-24,Second Class,Home Office,Central,Office Supplies,Fasteners,Minneapolis,6,0.1,421.78,21.46
2019-06-24,Second Class,Corporate,Central,Furniture,Chairs,Houston,9,0.2,1434.05,-81.91
2019-06-24,First Class,Home Office,West,Office Supplies,Supplies,San Francisco,1,0.1,55.09,3.96
2019-06-24,Standard Class,Consumer,West,Office Supplies,Supplies,Seattle,3,0.3,179.83,7.17
2019-06-24,Standard Class,Consumer,West,Technology,Machines,San Francisco,9,0.3,2019.3,-110.39
2019-06-24,Standard Class,Corporate,West,Furniture,Chairs,Los Angeles,4,0.0,791.49,97.5
2019-06-24,Standard Class,Corporate,Central,Office Supplies,Art,Houston,4,0.3,110.65,-7.32
2019-06-24,Standard Class,Consumer,West,Office Supplies,Storage,San Francisco,9,0.1,435.6,33.57
2019-06-24,Second Class,Consumer,West,Technology,Phones,Los Angeles,3,0.1,930.83,70.32
2019-06-25,Standard Class,Consumer,East,Office Supplies,Art,New York City,7,0.15,244.3,11.1
2019-06-25,Standard Class,Consumer,East,Technology,Accessories,Philadelphia,9,0.15,1595.78,406.47
2019-06-25,Standard Class,Corporate,West,Technology,Copiers,Los Angeles,9,0.1,1306.28,128.53
2019-06-25,Second Class,Home Office,West,Furniture,Furnishings,Denver,5,0.2,526.32,-15.35
2019-06-25,Second Class,Consumer,Central,Office Supplies,Art,Chicago,3,0.2,118.14,0.09
2019-06-25,Second Class,Consumer,West,Technology,Copiers,Seattle,1,0.3,213.86,21.69
2019-06-26,Standard Class,Consumer,East,Technology,Phones,Philadelphia,6,0.15,1131.15,147.74
2019-06-26,Standard Class,Corporate,East,Technology,Accessories,Philadelphia,7,0.15,1796.67,168.9
2019-06-26,First Class,Consumer,West,Furniture,Furnishings,Denver,2,0.2,322.38,-23.79
2019-06-26,Standard Class,Corporate,East,Office Supplies,Appliances,New York City,6,0.2,104.08,3.26
2019-06-27,Standard Class,Consumer,West,Furniture,Bookcases,Los Angeles,7,0.0,2315.31,115.78
2019-06-27,Second Class,Home Office,East,Office Supplies,Appliances,Boston,1,0.0,42.61,3.19
2019-06-27,Standard Class,Consumer,East,Technology,Accessories,New York City,4,0.0,1414.11,394.12
2019-06-27,First Class,Consumer,West,Furniture,Chairs,Los Angeles,5,0.0,1130.6,35.47
2019-06-27,Same Day,Corporate,Central,Office Supplies,Labels,Minneapolis,3,0.0,80.13,16.05
2019-06-27,First Class,Corporate,South,Office Supplies,Art,Atlanta,7,0.15,485.95,62.58
2019-06-27,Second Class,Corporate,East,Office Supplies,Binders,New York City,4,0.0,376.33,71.18
2019-06-27,Standard Class,Home Office,East,Office Supplies,Paper,Philadelphia,8,0.3,149.21,12.6
2019-06-28,First Class,Consumer,East,Office Supplies,Binders,Boston,5,0.2,61.83,-1.54
2019-06-28,Standard Class,Consumer,Central,Office Supplies,Binders,Minneapolis,1,0.05,82.24,9.85
2019-06-28,First Class,Home Office,South,Office Supplies,Supplies,Atlanta,2,0.1,59.08,9.58
2019-06-28,Second Class,Consumer,West,Furniture,Chairs,Denver,6,0.15,648.34,-42.78
2019-06-28,Standard Class,Consumer,South,Office Supplies,Supplies,Atlanta,7,0.2,229.17,-4.35
2019-06-28,Standard Class,Corporate,Central,Office Supplies,Fasteners,Minneapolis,2,0.0,164.04,33.68
2019-06-28,Standard Class,Consumer,West,Office Supplies,Paper,Denver,8,0.2,432.88,-17.42
2019-06-28,Standard Class,Consumer,West,Office Supplies,Supplies,Denver,7,0.3,320.94,6.75
2019-06-28,Standard Class,Corporate,East,Furniture,Bookcases,New York City,4,0.15,645.41,-5.29
2019-06-28,Second Class,Consumer,East,Office Supplies,Fasteners,Philadelphia,8,0.0,414.04,33.38
2019-06-28,Standard Class,Consumer,West,Furniture,Chairs,Seattle,5,0.2,218.82,-19.98
2019-06-29,Second Class,Corporate,Central,Office Supplies,Storage,Minneapolis,9,0.2,849.96,-15.27
2019-06-29,Standard Class,Consumer,West,Furniture,Bookcases,San Francisco,4,0.0,945.7,89.25
2019-06-29,Standard Class,Corporate,West,Office Supplies,Art,San Francisco,1,0.2,34.25,0.33
2019-06-30,Standard Class,Corporate,East,Office Supplies,Supplies,New York City,9,0.0,349.71,70.76
2019-06-30,Second Class,Consumer,East,Technology,Machines,Boston,8,0.3,1353.22,156.68
2019-06-30,First Class,Consumer,Central,Office Supplies,Storage,Houston,6,0.1,358.64,-16.8
2019-06-30,Standard Class,Consumer,South,Office Supplies,Supplies,Charlotte,5,0.0,138.2,26.66
2019-06-30,Standard Class,Consumer,Central,Technology,Machines,Houston,8,0.1,1103.84,141.56
2019-06-30,First Class,Consumer,West,Office Supplies,Binders,Denver,1,0.0,56.81,11.19
2019-06-30,Second Class,Home Office,West,Office Supplies,Storage,Los Angeles,4,0.2,227.03,2.88
2019-06-30,Standard Class,Consumer,Central,Technology,Machines,Houston,1,0.15,508.01,112.52
2019-06-30,Standard Class,Consumer,West,Office Supplies,Envelopes,Denver,6,0.0,285.23,27.03
2019-07-01,Standard Class,Consumer,East,Technology,Phones,Philadelphia,6,0.2,4009.87,457.7
2019-07-01,Second Class,Home Office,East,Office Supplies,Supplies,New York City,5,0.05,244.09,20.24
2019-07-01,Standard Class,Home Office,West,Furniture,Bookcases,Denver,8,0.0,2292.15,38.61
2019-07-01,Second Class,Corporate,East,Office Supplies,Envelopes,Boston,8,0.0,768.75,61.69
2019-07-01,Second Class,Home Office,East,Office Supplies,Supplies,New York City,6,0.1,224.89,16.06
2019-07-01,Standard Class,Home Office,Central,Office Supplies,Storage,Houston,2,0.1,154.55,25.82
2019-07-01,Standard Class,Corporate,Central,Furniture,Bookcases,Dallas,9,0.4,2071.08,-142.67
2019-07-02,Standard Class,Consumer,Central,Furniture,Furnishings,Dallas,3,0.0,503.99,24.61
2019-07-02,First Class,Corporate,East,Office Supplies,Appliances,New York City,4,0.1,217.26,36.49
2019-07-02,Standard Class,Consumer,East,Office Supplies,Supplies,Columbus,3,0.2,250.52,15.19
2019-07-02,Second Class,Consumer,West,Office Supplies,Art,Seattle,6,0.15,1276.68,15.32
2019-07-03,Standard Class,Corporate,East,Office Supplies,Paper,Columbus,9,0.0,345.8,56.89
2019-07-03,Standard Class,Consumer,West,Technology,Copiers,Los Angeles,7,0.0,893.85,190.27
2019-07-03,Standard Class,Consumer,South,Furniture,Furnishings,Atlanta,1,0.0,311.15,8.85
2019-07-03,Standard Class,Consumer,West,Technology,Accessories,San Francisco,1,0.0,147.0,27.68
2019-07-03,Standard Class,Corporate,Central,Technology,Machines,Minneapolis,5,0.0,1161.79,233.04
2019-07-03,First Class,Consumer,East,Office Supplies,Appliances,Columbus,8,0.3,377.69,-1.69
2019-07-03,Standard Class,Corporate,West,Office Supplies,Binders,Seattle,6,0.2,174.32,22.67
2019-07-03,Second Class,Corporate,South,Furniture,Chairs,Atlanta,5,0.2,1008.17,-45.86
2019-07-03,Standard Class,Corporate,West,Furniture,Chairs,San Francisco,3,0.15,239.19,13.32
2019-07-04,Standard Class,Consumer,West,Technology,Phones,Los Angeles,1,0.05,129.58,20.15
2019-07-04,Standard Class,Consumer,West,Office Supplies,Supplies,Denver,8,0.3,509.95,-28.71
2019-07-04,Second Class,Home Office,Central,Technology,Copiers,Minneapolis,5,0.0,3465.57,634.52
2019-07-04,Standard Class,Consumer,South,Office Supplies,Art,Nashville,5,0.1,381.81,-30.44
2019-07-04,Same Day,Consumer,West,Office Supplies,Storage,Seattle,8,0.05,295.58,28.82
2019-07-04,Second Class,Consumer,Central,Office Supplies,Supplies,Dallas,2,0.15,156.4,17.64
2019-07-04,Standard Class,Consumer,East,Office Supplies,Supplies,New York City,6,0.3,263.14,23.2
2019-07-04,First Class,Consumer,Central,Technology,Accessories,Dallas,3,0.0,683.39,81.07
2019-07-04,First Class,Corporate,East,Office Supplies,Appliances,Columbus,3,0.05,235.85,18.59
2019-07-05,Standard Class,Consumer,Central,Furniture,Chairs,Chicago,8,0.2,2341.53,164.69
2019-07-05,Standard Class,Corporate,East,Furniture,Tables,Columbus,5,0.1,1346.58,-67.95
2019-07-05,Standard Class,Consumer,South,Technology,Copiers,Nashville,1,0.1,1074.88,150.89
2019-07-05,Standard Class,Corporate,West,Furniture,Tables,Denver,6,0.1,832.73,37.21
2019-07-05,Standard Class,Home Office,South,Furniture,Chairs,Nashville,8,0.3,1447.76,-96.06
2019-07-05,Standard Class,Corporate,West,Office Supplies,Envelopes,Los Angeles,9,0.05,834.29,121.29
2019-07-05,Standard Class,Consumer,Central,Technology,Machines,Chicago,5,0.15,426.62,88.36
2019-07-05,Standard Class,Home Office,West,Office Supplies,Labels,San Francisco,8,0.0,141.5,24.45
2019-07-05,Standard Class,Consumer,West,Office Supplies,Fasteners,San Francisco,5,0.0,491.7,24.84
2019-07-05,Second Class,Corporate,West,Technology,Phones,Seattle,3,0.15,798.27,143.72
2019-07-06,Standard Class,Consumer,Central,Office Supplies,Supplies,Minneapolis,8,0.3,436.68,88.36
2019-07-06,Second Class,Corporate,West,Office Supplies,Art,Denver,8,0.0,676.78,54.89
2019-07-06,Standard Class,Home Office,South,Office Supplies,Supplies,Nashville,6,0.05,236.49,34.06
2019-07-06,Standard Class,Corporate,Central,Technology,Phones,Minneapolis,2,0.3,453.42,6.55
2019-07-06,Standard Class,Consumer,Central,Technology,Copiers,Houston,6,0.1,1415.38,118.65
2019-07-07,First Class,Consumer,East,Office Supplies,Appliances,Boston,3,0.0,282.6,41.07
2019-07-07,Standard Class,Consumer,West,Office Supplies,Binders,Seattle,4,0.2,221.21,13.31
2019-07-08,Second Class,Consumer,West,Furniture,Furnishings,Seattle,5,0.1,586.43,-2.97
2019-07-08,Standard Class,Home Office,West,Technology,Accessories,Seattle,9,0.2,860.93,62.13
2019-07-08,Standard Class,Consumer,South,Office Supplies,Art,Miami,5,0.4,50.5,-2.6
2019-07-08,Standard Class,Home Office,South,Office Supplies,Appliances,Charlotte,4,0.1,308.8,53.28
2019-07-09,Standard Class,Corporate,West,Technology,Accessories,Denver,3,0.2,807.96,129.65
2019-07-09,Standard Class,Consumer,Central,Technology,Accessories,Chicago,6,0.0,685.65,191.68
2019-07-09,Standard Class,Consumer,East,Office Supplies,Binders,Philadelphia,5,0.0,73.35,15.43
2019-07-09,Second Class,Consumer,East,Office Supplies,Binders,Columbus,5,0.05,144.16,31.29
2019-07-10,Standard Class,Consumer,Central,Furniture,Bookcases,Houston,3,0.0,491.38,56.62
2019-07-10,Standard Class,Consumer,Central,Office Supplies,Appliances,Chicago,4,0.4,83.95,-0.91
2019-07-10,Second Class,Consumer,West,Office Supplies,Paper,Los Angeles,9,0.1,420.4,26.06
2019-07-10,Second Class,Corporate,Central,Office Supplies,Fasteners,Houston,4,0.1,330.21,54.08
2019-07-11,Standard Class,Consumer,West,Office Supplies,Art,San Francisco,4,0.05,237.99,9.57
2019-07-11,Standard Class,Consumer,East,Office Supplies,Labels,Boston,2,0.2,347.17,-21.38
2019-07-11,Second Class,Corporate,East,Office Supplies,Paper,Boston,1,0.0,55.54,1.33
2019-07-11,Second Class,Corporate,Central,Office Supplies,Binders,Houston,5,0.0,497.9,49.88
2019-07-11,Standard Class,Consumer,East,Office Supplies,Fasteners,Boston,9,0.0,566.92,80.93
2019-07-11,Standard Class,Corporate,West,Technology,Accessories,San Francisco,1,0.2,199.97,19.01
2019-07-11,Second Class,Corporate,East,Office Supplies,Envelopes,Columbus,5,0.2,92.7,3.29
2019-07-11,Standard Class,Corporate,South,Technology,Copiers,Miami,3,0.0,1654.53,440.47
2019-07-12,Second Class,Corporate,West,Office Supplies,Storage,Seattle,5,0.15,210.26,31.05
2019-07-12,Second Class,Consumer,West,Technology,Machines,San Francisco,6,0.1,2563.39,268.43
2019-07-12,Standard Class,Home Office,West,Office Supplies,Fasteners,Denver,8,0.0,475.85,100.66
2019-07-12,Standard Class,Consumer,West,Technology,Machines,San Francisco,8,0.05,1634.6,286.25
2019-07-12,Second Class,Consumer,East,Office Supplies,Appliances,Boston,4,0.2,240.5,3.45
2019-07-12,Standard Class,Consumer,East,Office Supplies,Storage,Boston,1,0.05,118.96,21.28
2019-07-12,Standard Class,Consumer,South,Office Supplies,Appliances,Charlotte,2,0.15,85.5,11.13
2019-07-12,Standard Class,Consumer,South,Furniture,Chairs,Nashville,9,0.15,1268.2,-29.09
2019-07-12,Standard Class,Consumer,West,Furniture,Bookcases,Seattle,4,0.1,699.58,5.5
2019-07-12,Second Class,Home Office,East,Office Supplies,Storage,New York City,5,0.1,156.97,7.29
2019-07-12,Standard Class,Consumer,West,Office Supplies,Fasteners,Seattle,6,0.2,340.88,15.51
2019-07-12,Second Class,Corporate,East,Furniture,Tables,Boston,9,0.2,1742.77,-165.71
2019-07-12,Standard Class,Consumer,Central,Office Supplies,Paper,Dallas,3,0.15,245.27,27.46
2019-07-13,Second Class,Consumer,Central,Furniture,Bookcases,Chicago,2,0.2,231.53,2.32
2019-07-13,First Class,Home Office,South,Office Supplies,Supplies,Nashville,5,0.1,367.28,19.5
2019-07-13,Second Class,Corporate,Central,Furniture,Furnishings,Dallas,1,0.0,157.44,-2.89
2019-07-13,Standard Class,Home Office,East,Office Supplies,Art,New York City,3,0.4,74.17,-9.64
2019-07-14,Standard Class,Consumer,Central,Office Supplies,Paper,Houston,9,0.0,730.09,93.09
2019-07-14,Standard Class,Home Office,West,Office Supplies,Labels,Los Angeles,1,0.15,116.97,10.94
2019-07-14,Standard Class,Consumer,South,Furniture,Chairs,Miami,2,0.4,342.84,-69.39
2019-07-14,Standard Class,Corporate,Central,Office Supplies,Envelopes,Minneapolis,9,0.15,130.61,15.12
2019-07-14,Second Class,Consumer,East,Office Supplies,Fasteners,Philadelphia,3,0.2,123.31,1.22
2019-07-14,Standard Class,Home Office,East,Technology,Machines,New York City,7,0.05,1907.0,320.47
2019-07-14,Second Class,Corporate,East,Office Supplies,Envelopes,New York City,7,0.2,132.5,13.89
2019-07-14,Standard Class,Corporate,West,Office Supplies,Fasteners,San Francisco,2,0.2,319.25,43.8
2019-07-14,Standard Class,Consumer,West,Office Supplies,Art,San Francisco,3,0.3,83.84,-7.54
2019-07-14,Same Day,Consumer,West,Office Supplies,Art,Seattle,8,0.15,581.94,92.23
2019-07-15,Second Class,Home Office,South,Furniture,Furnishings,Miami,1,0.0,576.42,100.5
2019-07-15,Standard Class,Consumer,West,Office Supplies,Fasteners,Seattle,6,0.0,450.61,54.26
2019-07-15,First Class,Consumer,Central,Office Supplies,Paper,Minneapolis,4,0.0,137.66,7.89
2019-07-15,First Class,Home Office,West,Office Supplies,Appliances,San Francisco,6,0.1,278.55,14.97
2019-07-15,Second Class,Corporate,East,Furniture,Furnishings,Philadelphia,7,0.0,1987.42,381.64
2019-07-15,Second Class,Consumer,West,Office Supplies,Paper,Los Angeles,4,0.15,140.9,6.4
2019-07-16,Second Class,Consumer,South,Technology,Phones,Miami,8,0.1,1751.6,224.54
2019-07-16,First Class,Home Office,South,Technology,Accessories,Nashville,1,0.1,239.22,40.81
2019-07-16,Standard Class,Home Office,West,Furniture,Bookcases,Seattle,7,0.0,3011.87,370.01
2019-07-16,Same Day,Consumer,Central,Office Supplies,Paper,Chicago,7,0.0,298.05,33.81
2019-07-16,Standard Class,Consumer,East,Office Supplies,Fasteners,Boston,6,0.15,115.63,-3.0
2019-07-16,Second Class,Home Office,South,Office Supplies,Supplies,Nashville,9,0.3,535.63,12.51
2019-07-17,Second Class,Home Office,West,Office Supplies,Fasteners,Seattle,9,0.15,996.55,40.71
2019-07-17,Standard Class,Consumer,West,Technology,Phones,Denver,7,0.05,1491.95,298.02
2019-07-17,Standard Class,Corporate,West,Office Supplies,Art,Los Angeles,5,0.3,201.1,2.81
2019-07-17,Standard Class,Consumer,West,Technology,Accessories,Denver,5,0.2,551.26,35.39
2019-07-17,Standard Class,Consumer,South,Office Supplies,Paper,Miami,1,0.15,29.45,4.0
2019-07-17,First Class,Consumer,South,Technology,Phones,Charlotte,4,0.15,577.15,73.86
2019-07-17,First Class,Corporate,Central,Furniture,Bookcases,Minneapolis,5,0.0,436.75,66.13
2019-07-17,Standard Class,Home Office,East,Technology,Phones,Philadelphia,9,0.2,1652.49,131.35
2019-07-17,Standard Class,Consumer,South,Furniture,Tables,Atlanta,1,0.1,117.15,8.76
2019-07-17,Standard Class,Consumer,West,Furniture,Tables,Seattle,8,0.2,784.33,27.75
2019-07-17,First Class,Consumer,West,Technology,Accessories,Denver,5,0.0,1792.55,284.21
2019-07-17,Standard Class,Consumer,West,Office Supplies,Labels,San Francisco,2,0.3,66.78,4.22
2019-07-18,Standard Class,Corporate,West,Office Supplies,Envelopes,San Francisco,1,0.2,39.83,3.75
2019-07-18,Standard Class,Consumer,East,Office Supplies,Fasteners,Philadelphia,9,0.1,802.2,103.06
2019-07-18,Standard Class,Consumer,East,Technology,Phones,New York City,4,0.0,819.01,115.85
2019-07-18,Second Class,Corporate,South,Office Supplies,Appliances,Atlanta,6,0.15,485.52,94.61
2019-07-18,Standard Class,Consumer,East,Office Supplies,Fasteners,Philadelphia,1,0.15,46.48,5.44
2019-07-18,First Class,Consumer,West,Office Supplies,Binders,Denver,7,0.4,165.36,-8.15
2019-07-19,First Class,Consumer,West,Office Supplies,Envelopes,San Francisco,6,0.0,191.29,23.58
2019-07-19,Second Class,Consumer,West,Office Supplies,Appliances,Seattle,8,0.2,171.46,4.85
2019-07-19,Standard Class,Consumer,East,Office Supplies,Labels,Philadelphia,5,0.2,407.32,-16.6
2019-07-19,Second Class,Consumer,East,Office Supplies,Fasteners,Philadelphia,5,0.2,489.15,35.68
2019-07-19,Same Day,Consumer,Central,Office Supplies,Art,Minneapolis,4,0.2,100.59,1.72
2019-07-19,Standard Class,Consumer,West,Office Supplies,Labels,Seattle,7,0.2,400.17,43.47
2019-07-19,Second Class,Home Office,Central,Office Supplies,Paper,Chicago,3,0.2,235.75,0.77
2019-07-20,Standard Class,Consumer,East,Furniture,Chairs,Boston,2,0.0,507.86,23.69
2019-07-20,Standard Class,Corporate,West,Furniture,Chairs,San Francisco,1,0.15,183.05,-2.33
2019-07-20,Standard Class,Consumer,Central,Office Supplies,Labels,Houston,3,0.05,225.42,62.14
2019-07-20,Standard Class,Home Office,East,Office Supplies,Envelopes,Boston,8,0.0,2533.82,495.78
2019-07-21,Standard Class,Consumer,Central,Office Supplies,Binders,Houston,5,0.2,330.8,-1.13
2019-07-21,Second Class,Consumer,Central,Office Supplies,Supplies,Minneapolis,5,0.2,160.17,13.4
2019-07-21,Second Class,Consumer,South,Office Supplies,Envelopes,Nashville,7,0.0,393.2,71.1
2019-07-21,Standard Class,Corporate,West,Furniture,Furnishings,Seattle,8,0.1,1490.03,134.16
2019-07-21,Standard Class,Home Office,South,Office Supplies,Fasteners,Miami,8,0.0,243.18,55.34
2019-07-21,Second Class,Consumer,South,Office Supplies,Supplies,Atlanta,3,0.2,195.16,14.02
2019-07-21,Second Class,Corporate,Central,Furniture,Furnishings,Dallas,8,0.15,723.15,13.47
2019-07-22,Standard Class,Corporate,Central,Office Supplies,Fasteners,Dallas,4,0.3,260.11,20.0
2019-07-22,First Class,Consumer,East,Office Supplies,Supplies,New York City,9,0.1,207.92,49.53
2019-07-22,Standard Class,Home Office,West,Office Supplies,Envelopes,Los Angeles,8,0.0,395.09,45.27
2019-07-22,Second Class,Consumer,South,Furniture,Furnishings,Atlanta,6,0.0,3888.99,203.37
2019-07-23,Second Class,Corporate,Central,Office Supplies,Envelopes,Minneapolis,1,0.0,76.85,11.72
2019-07-23,Standard Class,Home Office,Central,Technology,Phones,Dallas,1,0.3,241.61,-9.28
2019-07-23,Standard Class,Consumer,Central,Technology,Accessories,Minneapolis,6,0.1,358.04,38.66
2019-07-23,Standard Class,Consumer,Central,Office Supplies,Labels,Chicago,6,0.3,249.14,-7.44
2019-07-23,Second Class,Corporate,East,Technology,Machines,Columbus,5,0.1,1474.38,260.84
2019-07-23,Standard Class,Consumer,West,Office Supplies,Fasteners,Seattle,8,0.1,344.17,56.59
2019-07-23,Second Class,Consumer,Central,Technology,Accessories,Chicago,2,0.4,410.5,10.04
2019-07-23,Standard Class,Home Office,Central,Furniture,Chairs,Houston,1,0.0,263.61,24.93
2019-07-23,Standard Class,Consumer,South,Technology,Phones,Charlotte,5,0.0,1448.61,409.79
2019-07-23,Second Class,Home Office,West,Office Supplies,Appliances,Los Angeles,7,0.15,307.98,41.88
2019-07-24,First Class,Consumer,East,Office Supplies,Paper,Boston,6,0.0,430.51,59.88
2019-07-24,Standard Class,Consumer,West,Office Supplies,Supplies,Los Angeles,6,0.4,136.61,-18.24
2019-07-24,Standard Class,Corporate,West,Office Supplies,Storage,San Francisco,3,0.2,80.57,2.19
2019-07-24,Standard Class,Consumer,East,Office Supplies,Binders,New York City,1,0.15,78.69,3.9
2019-07-25,Standard Class,Consumer,Central,Furniture,Furnishings,Minneapolis,1,0.1,312.83,-16.12
2019-07-25,First Class,Home Office,Central,Office Supplies,Art,Dallas,6,0.15,309.43,43.06
2019-07-25,Second Class,Home Office,Central,Office Supplies,Paper,Chicago,8,0.1,514.71,82.78
2019-07-25,Standard Class,Consumer,West,Furniture,Chairs,Seattle,5,0.1,354.77,-50.47
2019-07-25,Standard Class,Corporate,South,Office Supplies,Labels,Nashville,8,0.1,331.6,15.04
2019-07-26,Standard Class,Consumer,West,Technology,Copiers,Los Angeles,5,0.1,432.0,41.74
2019-07-26,Standard Class,Consumer,West,Office Supplies,Labels,Seattle,6,0.0,297.85,78.83
2019-07-26,Second Class,Consumer,Central,Technology,Accessories,Minneapolis,3,0.0,463.49,33.63
2019-07-26,First Class,Corporate,South,Furniture,Furnishings,Charlotte,2,0.3,277.22,-40.22
2019-07-26,Standard Class,Home Office,South,Office Supplies,Binders,Charlotte,3,0.2,177.18,18.23
2019-07-26,Same Day,Consumer,East,Technology,Copiers,Boston,9,0.15,2300.32,26.26
2019-07-26,Second Class,Consumer,South,Furniture,Tables,Nashville,4,0.1,536.54,-13.54
2019-07-26,Second Class,Corporate,East,Furniture,Furnishings,Boston,9,0.1,4098.49,-75.0
2019-07-26,First Class,Home Office,West,Office Supplies,Art,San Francisco,6,0.05,214.74,26.53
2019-07-26,Standard Class,Home Office,South,Office Supplies,Fasteners,Charlotte,6,0.1,271.96,0.51
2019-07-26,Standard Class,Corporate,Central,Office Supplies,Binders,Dallas,5,0.0,175.03,16.91
2019-07-27,Standard Class,Corporate,South,Furniture,Chairs,Atlanta,1,0.2,119.73,4.36
2019-07-27,Standard Class,Consumer,East,Furniture,Chairs,Columbus,6,0.0,631.24,-65.6
2019-07-27,Standard Class,Consumer,West,Technology,Machines,Seattle,8,0.1,557.97,61.21
2019-07-27,Standard Class,Consumer,South,Furniture,Bookcases,Nashville,4,0.1,2206.1,-97.59
2019-07-28,Second Class,Corporate,East,Furniture,Chairs,Boston,4,0.15,1342.32,-164.82
2019-07-28,Second Class,Consumer,East,Furniture,Tables,New York City,4,0.0,2117.31,183.46
2019-07-28,Standard Class,Corporate,East,Technology,Phones,Columbus,3,0.3,444.55,-22.33
2019-07-28,Standard Class,Corporate,South,Office Supplies,Labels,Charlotte,5,0.1,220.06,26.51
2019-07-28,Standard Class,Consumer,South,Furniture,Chairs,Nashville,8,0.1,1949.37,4.07
2019-07-29,Second Class,Home Office,East,Office Supplies,Fasteners,Boston,7,0.15,166.27,15.7
2019-07-29,Second Class,Consumer,West,Office Supplies,Appliances,Los Angeles,8,0.1,450.98,33.83
2019-07-29,Standard Class,Corporate,East,Office Supplies,Art,Philadelphia,2,0.0,65.27,14.66
2019-07-29,First Class,Home Office,Central,Furniture,Furnishings,Chicago,3,0.0,855.72,33.09
2019-07-30,Standard Class,Consumer,South,Office Supplies,Appliances,Miami,5,0.1,461.4,61.08
2019-07-30,Standard Class,Corporate,South,Furniture,Furnishings,Nashville,4,0.2,657.83,-17.1
2019-07-30,Standard Class,Corporate,Central,Office Supplies,Supplies,Dallas,7,0.0,773.31,183.63
2019-07-30,Standard Class,Consumer,East,Technology,Machines,Boston,4,0.0,542.69,113.67
2019-07-30,Standard Class,Consumer,West,Office Supplies,Supplies,Seattle,2,0.05,158.1,33.41
2019-07-30,Same Day,Corporate,South,Office Supplies,Fasteners,Charlotte,5,0.4,159.95,2.45
2019-07-30,Second Class,Corporate,East,Technology,Copiers,Columbus,4,0.0,1639.92,175.97
2019-07-30,Standard Class,Consumer,East,Office Supplies,Envelopes,Columbus,7,0.1,263.29,25.26
2019-07-31,Standard Class,Corporate,South,Office Supplies,Envelopes,Charlotte,3,0.3,145.68,0.01
2019-07-31,Second Class,Corporate,East,Office Supplies,Paper,Columbus,9,0.15,751.16,69.9
2019-07-31,Standard Class,Corporate,South,Technology,Phones,Charlotte,9,0.15,1073.73,187.28
2019-07-31,Standard Class,Home Office,West,Furniture,Bookcases,Seattle,9,0.1,1016.77,-89.95
2019-08-01,Standard Class,Corporate,South,Office Supplies,Appliances,Atlanta,9,0.0,533.24,107.15
2019-08-01,Standard Class,Consumer,West,Office Supplies,Fasteners,San Francisco,5,0.1,123.8,17.39
2019-08-01,Standard Class,Corporate,South,Office Supplies,Labels,Nashville,5,0.0,268.31,49.54
2019-08-01,Standard Class,Consumer,West,Furniture,Bookcases,Los Angeles,7,0.1,654.48,59.7
2019-08-01,First Class,Home Office,Central,Technology,Copiers,Chicago,1,0.15,72.6,15.38
2019-08-01,Second Class,Home Office,South,Technology,Machines,Charlotte,4,0.1,825.59,28.89
2019-08-01,Standard Class,Consumer,West,Office Supplies,Art,Denver,9,0.2,378.34,27.2
2019-08-02,Standard Class,Consumer,Central,Furniture,Furnishings,Houston,1,0.05,626.96,69.45
2019-08-02,Second Class,Corporate,West,Office Supplies,Appliances,San Francisco,6,0.0,172.52,13.64
2019-08-02,Standard Class,Consumer,West,Technology,Machines,Seattle,5,0.0,893.65,165.19
2019-08-02,Standard Class,Consumer,East,Office Supplies,Storage,Boston,7,0.2,388.92,52.47
2019-08-02,Standard Class,Consumer,West,Furniture,Bookcases,San Francisco,6,0.15,1034.95,17.47
2019-08-02,Second Class,Consumer,East,Technology,Machines,Boston,3,0.05,534.82,89.41
2019-08-02,Standard Class,Corporate,South,Office Supplies,Fasteners,Atlanta,7,0.1,158.0,20.7
2019-08-02,Second Class,Consumer,Central,Office Supplies,Fasteners,Dallas,7,0.05,293.78,56.59
2019-08-03,Standard Class,Consumer,West,Technology,Machines,Los Angeles,2,0.0,654.59,80.62
2019-08-03,Second Class,Consumer,East,Office Supplies,Paper,Boston,3,0.0,131.06,27.09
2019-08-03,Standard Class,Consumer,East,Technology,Machines,Columbus,2,0.1,745.72,75.57
2019-08-03,Second Class,Corporate,West,Technology,Phones,Seattle,2,0.05,321.31,30.9
2019-08-03,Standard Class,Home Office,West,Office Supplies,Supplies,Denver,8,0.2,220.58,-0.33
2019-08-03,First Class,Corporate,West,Office Supplies,Art,Denver,9,0.05,550.39,93.71
2019-08-03,Standard Class,Corporate,Central,Technology,Machines,Minneapolis,3,0.0,1707.89,315.96
2019-08-03,Standard Class,Consumer,West,Furniture,Tables,Seattle,3,0.1,772.15,3.22
2019-08-04,Standard Class,Home Office,Central,Office Supplies,Binders,Houston,5,0.15,92.05,2.65
2019-08-04,Same Day,Consumer,East,Office Supplies,Binders,Philadelphia,7,0.0,411.69,89.34
2019-08-04,First Class,Home Office,Central,Office Supplies,Supplies,Chicago,8,0.0,316.33,48.28
2019-08-04,First Class,Consumer,West,Office Supplies,Fasteners,Seattle,9,0.0,260.52,51.45
2019-08-04,Standard Class,Home Office,South,Office Supplies,Paper,Charlotte,8,0.0,632.95,125.16
2019-08-04,Second Class,Corporate,East,Office Supplies,Fasteners,Philadelphia,8,0.15,321.89,47.52
2019-08-04,Standard Class,Home Office,East,Furniture,Chairs,Columbus,1,0.2,114.5,-9.27
2019-08-04,Second Class,Corporate,East,Furniture,Furnishings,Columbus,9,0.1,2267.71,-64.35
2019-08-04,First Class,Consumer,East,Office Supplies,Supplies,Philadelphia,2,0.4,51.18,-4.99
2019-08-05,Standard Class,Corporate,East,Furniture,Bookcases,Philadelphia,3,0.2,540.39,-46.99
2019-08-05,Second Class,Home Office,South,Furniture,Bookcases,Charlotte,8,0.0,2836.37,287.59
2019-08-05,Standard Class,Home Office,East,Office Supplies,Labels,New York City,9,0.0,826.44,59.35
2019-08-05,Second Class,Consumer,South,Furniture,Chairs,Charlotte,6,0.0,690.42,5.4
2019-08-05,Second Class,Corporate,Central,Furniture,Furnishings,Houston,2,0.0,380.53,27.07
2019-08-05,First Class,Consumer,Central,Office Supplies,Envelopes,Minneapolis,3,0.1,171.43,17.46
2019-08-05,Same Day,Corporate,East,Office Supplies,Binders,Boston,9,0.0,459.48,50.44
2019-08-06,Standard Class,Consumer,East,Technology,Accessories,New York City,6,0.3,654.29,63.61
2019-08-06,First Class,Corporate,East,Office Supplies,Appliances,Columbus,6,0.2,230.2,28.96
2019-08-06,Standard Class,Consumer,West,Office Supplies,Labels,Denver,4,0.1,222.46,20.7
2019-08-06,Second Class,Consumer,East,Office Supplies,Appliances,Boston,8,0.0,395.65,48.82
2019-08-06,First Class,Corporate,West,Technology,Accessories,San Francisco,7,0.1,1511.18,218.23
2019-08-06,Standard Class,Home Office,West,Furniture,Bookcases,Seattle,7,0.05,1161.94,63.4
2019-08-06,Second Class,Consumer,East,Office Supplies,Storage,Columbus,4,0.1,146.72,11.65
2019-08-07,Standard Class,Corporate,East,Office Supplies,Supplies,Boston,2,0.1,51.72,3.43
2019-08-07,Standard Class,Home Office,East,Furniture,Chairs,Columbus,4,0.0,606.9,107.3
2019-08-07,Standard Class,Consumer,South,Office Supplies,Storage,Atlanta,6,0.1,350.35,53.5
2019-08-07,Standard Class,Consumer,West,Office Supplies,Supplies,Seattle,6,0.1,304.03,10.16
2019-08-07,First Class,Corporate,South,Technology,Machines,Charlotte,3,0.2,617.08,82.85
2019-08-07,Standard Class,Consumer,East,Furniture,Tables,Boston,1,0.05,53.85,6.88
2019-08-08,Standard Class,Consumer,West,Office Supplies,Labels,Los Angeles,7,0.2,139.4,1.0
2019-08-08,First Class,Home Office,East,Office Supplies,Fasteners,New York City,4,0.1,188.3,34.46
2019-08-08,Standard Class,Home Office,South,Office Supplies,Labels,Miami,8,0.1,1002.81,193.11
2019-08-08,Second Class,Home Office,East,Technology,Phones,New York City,1,0.2,180.22,17.69
2019-08-08,First Class,Consumer,East,Furniture,Chairs,Philadelphia,4,0.1,395.28,18.07
2019-08-08,Standard Class,Consumer,East,Furniture,Bookcases,New York City,6,0.0,787.87,28.6
2019-08-08,Second Class,Corporate,Central,Office Supplies,Storage,Minneapolis,9,0.1,336.81,-5.05
2019-08-08,Standard Class,Corporate,West,Office Supplies,Fasteners,Seattle,4,0.0,237.66,23.66
2019-08-09,First Class,Home Office,West,Furniture,Chairs,Seattle,1,0.1,148.04,7.53
2019-08-09,Standard Class,Corporate,West,Office Supplies,Fasteners,Denver,8,0.3,308.14,10.73
2019-08-09,Standard Class,Consumer,West,Technology,Phones,Seattle,9,0.1,1269.74,177.03
2019-08-09,Standard Class,Home Office,East,Office Supplies,Paper,Boston,5,0.0,185.04,41.89
2019-08-10,Standard Class,Corporate,West,Office Supplies,Envelopes,Seattle,4,0.0,326.04,73.56
2019-08-10,Second Class,Consumer,South,Office Supplies,Storage,Miami,8,0.1,355.62,38.35
2019-08-10,Same Day,Home Office,West,Office Supplies,Fasteners,Denver,8,0.0,869.92,119.62
2019-08-10,Second Class,Consumer,East,Office Supplies,Supplies,Boston,1,0.1,10.5,1.81
2019-08-10,Same Day,Consumer,West,Office Supplies,Art,Denver,7,0.05,262.83,37.0
2019-08-10,Standard Class,Consumer,West,Office Supplies,Paper,Seattle,7,0.3,391.05,-5.52
2019-08-10,Standard Class,Consumer,West,Office Supplies,Labels,Denver,7,0.2,314.55,21.02
2019-08-11,Standard Class,Consumer,East,Furniture,Tables,Philadelphia,8,0.15,822.8,-2.35
2019-08-11,Standard Class,Consumer,West,Office Supplies,Art,Denver,5,0.0,259.73,47.73
2019-08-11,Standard Class,Consumer,West,Technology,Accessories,Los Angeles,6,0.2,551.16,106.6
2019-08-11,Second Class,Corporate,East,Office Supplies,Appliances,Philadelphia,4,0.05,503.05,55.3
2019-08-11,Second Class,Consumer,West,Office Supplies,Labels,Denver,7,0.15,427.42,43.04
2019-08-11,Second Class,Consumer,South,Office Supplies,Appliances,Miami,1,0.2,61.02,7.77
2019-08-12,Standard Class,Corporate,South,Office Supplies,Fasteners,Atlanta,3,0.2,106.06,4.17
2019-08-12,Standard Class,Corporate,West,Technology,Copiers,San Francisco,2,0.2,187.01,-0.49
2019-08-12,Standard Class,Corporate,East,Furniture,Chairs,Columbus,8,0.1,1235.42,54.59
2019-08-12,Standard Class,Consumer,Central,Furniture,Bookcases,Minneapolis,3,0.4,275.75,-27.77
2019-08-12,Second Class,Consumer,West,Furniture,Tables,Seattle,5,0.2,620.21,-27.57
2019-08-13,Second Class,Consumer,East,Technology,Accessories,Columbus,7,0.0,1308.8,307.77
2019-08-13,Standard Class,Consumer,East,Office Supplies,Envelopes,New York City,1,0.2,27.04,2.71
2019-08-13,Second Class,Corporate,South,Office Supplies,Appliances,Charlotte,3,0.2,40.62,-3.03
2019-08-13,First Class,Corporate,West,Furniture,Tables,Seattle,3,0.3,491.41,-50.62
2019-08-13,First Class,Corporate,East,Office Supplies,Appliances,Columbus,5,0.0,251.37,30.36
2019-08-13,Second Class,Corporate,Central,Technology,Accessories,Chicago,3,0.0,537.05,48.63
2019-08-13,Standard Class,Corporate,East,Office Supplies,Labels,Boston,8,0.0,126.06,21.58
2019-08-13,Standard Class,Consumer,South,Office Supplies,Binders,Nashville,9,0.1,419.21,32.39
2019-08-14,First Class,Consumer,Central,Furniture,Chairs,,2,0.0,494.2,23.56
2019-08-14,Standard Class,Consumer,East,Office Supplies,Envelopes,Columbus,1,0.0,96.54,5.35
2019-08-15,Standard Class,Home Office,West,Office Supplies,Paper,Seattle,3,0.0,276.64,13.89
2019-08-15,Standard Class,Consumer,West,Office Supplies,Labels,San Francisco,5,0.15,407.72,36.06
2019-08-15,Standard Class,Corporate,West,Furniture,Bookcases,Seattle,8,0.3,1276.23,-160.25
2019-08-15,Same Day,Corporate,South,Technology,Machines,Miami,8,0.05,6403.23,1146.05
2019-08-15,First Class,Corporate,South,Office Supplies,Storage,Miami,6,0.0,218.83,28.59
2019-08-15,Standard Class,Consumer,East,Furniture,Chairs,New York City,5,0.1,482.0,28.3
2019-08-16,Standard Class,Consumer,West,Technology,Accessories,Seattle,4,0.3,727.79,16.96
2019-08-16,Second Class,Consumer,South,Technology,Machines,Charlotte,9,0.1,1497.6,278.6
2019-08-16,Second Class,Consumer,Central,Office Supplies,Labels,Chicago,7,0.2,223.45,-10.63
2019-08-16,Standard Class,Consumer,South,Office Supplies,Fasteners,Nashville,5,0.2,837.77,116.77
2019-08-16,Standard Class,Corporate,East,Furniture,Bookcases,New York City,2,0.3,206.33,-25.61
2019-08-16,Standard Class,Corporate,West,Office Supplies,Binders,Seattle,6,0.2,508.48,9.17
2019-08-16,Second Class,Consumer,West,Office Supplies,Art,Denver,7,0.2,503.06,18.06
2019-08-17,Standard Class,Corporate,East,Office Supplies,Paper,Boston,4,0.3,288.75,-2.26
2019-08-17,First Class,Consumer,Central,Furniture,Furnishings,Dallas,3,0.2,382.18,0.54
2019-08-17,First Class,Corporate,West,Furniture,Furnishings,Los Angeles,6,0.3,867.92,-32.19
2019-08-18,Standard Class,Home Office,East,Furniture,Tables,Boston,2,0.05,156.25,26.23
2019-08-18,Same Day,Home Office,West,Office Supplies,Art,San Francisco,2,0.2,58.94,0.96
2019-08-18,First Class,Consumer,East,Office Supplies,Art,New York City,8,0.2,302.94,38.38
2019-08-18,Standard Class,Consumer,South,Technology,Machines,Miami,7,0.0,502.85,70.47
2019-08-18,Second Class,Home Office,South,Office Supplies,Paper,Charlotte,8,0.3,153.42,-18.72
2019-08-18,Standard Class,Consumer,Central,Office Supplies,Appliances,Minneapolis,4,0.15,211.63,42.46
2019-08-18,Standard Class,Consumer,West,Furniture,Tables,Seattle,2,0.0,225.14,20.3
2019-08-18,Second Class,Consumer,Central,Office Supplies,Art,Dallas,8,0.0,465.19,107.61
2019-08-19,Same Day,Consumer,East,Office Supplies,Art,New York City,8,0.3,418.48,19.41
2019-08-19,Standard Class,Consumer,West,Office Supplies,Binders,Denver,3,0.1,129.58,6.12
2019-08-19,Standard Class,Corporate,East,Furniture,Bookcases,Columbus,4,0.1,819.72,36.78
2019-08-19,Standard Class,Home Office,South,Furniture,Tables,Miami,5,0.0,1155.73,27.98
2019-08-19,Standard Class,Consumer,East,Technology,Phones,Columbus,4,0.0,559.68,140.47
2019-08-19,Same Day,Corporate,West,Office Supplies,Art,Denver,4,0.3,348.56,-15.38
2019-08-19,Same Day,Consumer,Central,Office Supplies,Binders,Chicago,9,0.15,346.21,48.89
2019-08-19,Second Class,Consumer,Central,Office Supplies,Storage,Houston,1,0.2,82.1,2.93
2019-08-19,Second Class,Consumer,Central,Furniture,Tables,Dallas,2,0.3,467.58,1.75
2019-08-19,Second Class,Corporate,Central,Office Supplies,Supplies,Dallas,5,0.0,225.87,35.35
2019-08-20,Second Class,Corporate,East,Furniture,Tables,Columbus,5,0.4,678.04,-45.06
2019-08-20,Standard Class,Consumer,West,Office Supplies,Art,Seattle,5,0.2,194.89,9.69
2019-08-20,Standard Class,Corporate,West,Furniture,Tables,San Francisco,4,0.0,688.93,-4.79
2019-08-20,First Class,Consumer,East,Technology,Accessories,Philadelphia,7,0.0,3190.05,764.08
2019-08-20,Standard Class,Corporate,East,Office Supplies,Art,Columbus,6,0.1,200.0,17.43
2019-08-20,Standard Class,Consumer,West,Technology,Accessories,Los Angeles,7,0.2,3056.95,232.47
2019-08-20,Standard Class,Consumer,Central,Technology,Copiers,Houston,6,0.3,1294.71,51.53
2019-08-20,Standard Class,Corporate,Central,Furniture,Bookcases,Dallas,1,0.2,182.09,-13.63
2019-08-21,Standard Class,Corporate,East,Office Supplies,Art,Columbus,9,0.2,424.44,74.09
2019-08-21,Standard Class,Home Office,East,Office Supplies,Paper,Boston,1,0.2,60.99,9.54
2019-08-21,Standard Class,Consumer,East,Office Supplies,Labels,Philadelphia,5,0.2,290.07,32.04
2019-08-21,Standard Class,Corporate,South,Furniture,Chairs,Nashville,2,0.1,170.8,8.87
2019-08-21,Standard Class,Corporate,East,Office Supplies,Storage,New York City,5,0.0,513.46,112.51
2019-08-21,First Class,Corporate,West,Furniture,Furnishings,San Francisco,4,0.0,746.45,124.27
2019-08-21,Second Class,Consumer,West,Technology,Phones,Los Angeles,3,0.1,634.24,53.44
2019-08-21,Standard Class,Consumer,East,Office Supplies,Appliances,Columbus,1,0.3,41.96,-4.63
2019-08-21,Second Class,Corporate,East,Technology,Copiers,Philadelphia,8,0.2,2389.42,268.22
2019-08-21,Standard Class,Consumer,East,Office Supplies,Appliances,New York City,1,0.2,33.18,2.1
2019-08-22,First Class,Consumer,Central,Technology,Machines,Minneapolis,7,0.2,1236.82,162.76
2019-08-22,Same Day,Corporate,South,Office Supplies,Supplies,Nashville,8,0.0,374.28,6.27
2019-08-22,Standard Class,Consumer,Central,Office Supplies,Envelopes,Houston,6,0.15,233.63,1.21
2019-08-22,Standard Class,Consumer,Central,Office Supplies,Binders,Minneapolis,3,0.0,318.8,60.66
2019-08-22,Standard Class,Consumer,Central,Office Supplies,Paper,Dallas,5,0.0,196.12,36.23
2019-08-22,Standard Class,Consumer,East,Furniture,Bookcases,Columbus,4,0.2,815.97,110.79
2019-08-22,Standard Class,Home Office,Central,Technology,Copiers,Chicago,3,0.4,608.82,-79.96
2019-08-22,Second Class,Home Office,East,Technology,Accessories,Boston,5,0.0,1239.44,104.03
2019-08-22,Standard Class,Consumer,Central,Technology,Machines,Houston,6,0.0,2067.59,434.61
2019-08-22,First Class,Corporate,East,Furniture,Bookcases,New York City,7,0.1,863.61,-10.36
2019-08-22,Second Class,Home Office,South,Office Supplies,Art,Nashville,6,0.0,148.88,10.31
2019-08-23,Second Class,Home Office,South,Office Supplies,Supplies,Atlanta,1,0.1,42.45,4.67
2019-08-23,Same Day,Home Office,West,Technology,Copiers,Los Angeles,9,0.2,2128.84,193.01
2019-08-23,Standard Class,Corporate,East,Furniture,Tables,Columbus,9,0.05,1116.86,17.47
2019-08-23,Standard Class,Consumer,East,Furniture,Chairs,Columbus,7,0.0,1077.3,138.81
2019-08-23,Second Class,Consumer,West,Office Supplies,Envelopes,Denver,2,0.1,65.77,1.24
2019-08-23,Standard Class,Corporate,East,Office Supplies,Supplies,Philadelphia,3,0.1,163.75,14.42
2019-08-23,Standard Class,Home Office,West,Technology,Copiers,Los Angeles,2,0.4,435.34,-35.36
2019-08-23,Standard Class,Home Office,East,Office Supplies,Art,New York City,9,0.2,247.68,8.24
2019-08-23,Second Class,Corporate,South,Office Supplies,Storage,Atlanta,7,0.2,410.93,42.03
2019-08-23,First Class,Home Office,West,Office Supplies,Paper,Denver,2,0.0,95.33,15.95
2019-08-23,Standard Class,Home Office,East,Furniture,Tables,New York City,2,0.1,282.43,14.12
2019-08-23,First Class,Consumer,West,Furniture,Bookcases,Seattle,2,0.15,939.65,-60.37
2019-08-24,Standard Class,Consumer,South,Office Supplies,Paper,Atlanta,3,0.2,52.82,2.66
2019-08-24,Second Class,Consumer,East,Office Supplies,Appliances,New York City,3,0.2,173.25,13.64
2019-08-24,Standard Class,Consumer,Central,Furniture,Chairs,Dallas,9,0.1,468.15,-26.34
2019-08-24,Standard Class,Consumer,Central,Office Supplies,Fasteners,Chicago,9,0.0,824.97,118.56
2019-08-24,First Class,Home Office,Central,Office Supplies,Paper,Minneapolis,4,0.1,246.99,16.77
2019-08-24,Standard Class,Corporate,South,Office Supplies,Storage,Miami,5,0.2,191.32,-8.58
2019-08-24,Standard Class,Consumer,East,Office Supplies,Fasteners,Boston,8,0.1,457.64,80.21
2019-08-24,Second Class,Home Office,South,Office Supplies,Fasteners,Nashville,2,0.15,103.33,7.16
2019-08-25,Second Class,Consumer,West,Office Supplies,Paper,Denver,6,0.1,168.23,12.42
2019-08-25,Standard Class,Consumer,East,Office Supplies,Art,Philadelphia,2,0.2,233.5,21.99
2019-08-25,Standard Class,Home Office,West,Office Supplies,Appliances,Seattle,5,0.2,67.1,6.22
2019-08-25,Standard Class,Consumer,West,Technology,Accessories,Los Angeles,6,0.3,3192.71,13.95
2019-08-25,Standard Class,Corporate,Central,Office Supplies,Art,Houston,3,0.0,177.82,14.09
2019-08-26,Second Class,Consumer,West,Office Supplies,Appliances,Seattle,2,0.15,97.07,13.97
2019-08-26,Second Class,Corporate,East,Office Supplies,Appliances,Philadelphia,4,0.3,127.6,-11.6
2019-08-26,Same Day,Consumer,South,Furniture,Bookcases,Atlanta,1,0.0,514.07,55.92
2019-08-26,Standard Class,Consumer,East,Office Supplies,Appliances,Boston,6,0.3,155.34,-0.42
2019-08-26,Second Class,Home Office,West,Furniture,Furnishings,Los Angeles,8,0.05,1548.77,-76.2
2019-08-26,Standard Class,Consumer,West,Office Supplies,Art,Los Angeles,6,0.15,236.91,26.6
2019-08-27,Standard Class,Consumer,East,Office Supplies,Fasteners,Philadelphia,2,0.0,384.03,62.56
2019-08-27,Standard Class,Consumer,South,Office Supplies,Storage,Charlotte,3,0.15,123.64,15.45
2019-08-27,Second Class,Corporate,East,Furniture,Bookcases,Columbus,6,0.3,852.65,-83.87
2019-08-27,First Class,Corporate,East,Technology,Copiers,Columbus,5,0.3,866.68,83.0
2019-08-27,First Class,Consumer,South,Office Supplies,Art,Charlotte,4,0.0,194.92,12.9
2019-08-27,Standard Class,Consumer,Central,Office Supplies,Envelopes,Dallas,5,0.05,322.35,59.61
2019-08-27,Second Class,Consumer,Central,Office Supplies,Appliances,Minneapolis,7,0.2,215.19,39.92
2019-08-27,Standard Class,Corporate,East,Furniture,Bookcases,Philadelphia,6,0.2,591.2,-94.01
2019-08-28,First Class,Consumer,East,Office Supplies,Paper,Philadelphia,8,0.0,443.49,77.52
2019-08-28,Standard Class,Home Office,South,Furniture,Tables,Atlanta,3,0.15,441.02,-56.91
2019-08-28,Standard Class,Consumer,Central,Furniture,Tables,Chicago,8,0.0,1770.34,194.68
2019-08-28,Standard Class,Corporate,South,Technology,Machines,Nashville,8,0.1,967.55,106.88
2019-08-29,First Class,Home Office,West,Office Supplies,Storage,San Francisco,1,0.4,30.15,-3.78
2019-08-29,Second Class,Consumer,East,Office Supplies,Art,Boston,4,0.15,71.88,-3.58
2019-08-29,Standard Class,Consumer,East,Office Supplies,Storage,Philadelphia,6,0.1,195.76,19.14
2019-08-29,Standard Class,Home Office,South,Office Supplies,Envelopes,Miami,3,0.05,234.44,14.38
2019-08-29,Standard Class,Home Office,West,Technology,Accessories,Seattle,1,0.15,424.07,92.92
2019-08-29,Second Class,Consumer,West,Technology,Copiers,San Francisco,6,0.0,1102.1,262.22
2019-08-29,Standard Class,Home Office,East,Technology,Accessories,Philadelphia,9,0.1,1583.58,363.86
2019-08-30,First Class,Consumer,South,Office Supplies,Binders,Atlanta,9,0.0,853.08,193.64
2019-08-30,Standard Class,Corporate,East,Office Supplies,Labels,Boston,9,0.0,497.72,52.36
2019-08-30,Standard Class,Home Office,East,Office Supplies,Storage,Philadelphia,7,0.0,292.69,42.16
2019-08-30,Same Day,Home Office,South,Office Supplies,Art,Miami,9,0.1,281.91,28.65
2019-08-30,Standard Class,Consumer,South,Office Supplies,Paper,Charlotte,2,0.05,124.86,20.96
2019-08-30,First Class,Consumer,South,Office Supplies,Storage,Charlotte,1,0.0,37.11,6.81
2019-08-31,First Class,Consumer,East,Office Supplies,Binders,Columbus,9,0.1,1262.46,241.96
2019-08-31,Standard Class,Consumer,West,Office Supplies,Labels,San Francisco,3,0.4,77.84,-5.16
2019-08-31,Standard Class,Consumer,West,Office Supplies,Paper,Los Angeles,6,0.05,628.18,16.54
2019-08-31,First Class,Corporate,East,Office Supplies,Envelopes,Columbus,6,0.4,162.31,-21.48
2019-08-31,Second Class,Consumer,West,Office Supplies,Paper,San Francisco,4,0.2,211.22,30.16
2019-08-31,Second Class,Consumer,West,Technology,Phones,San Francisco,7,0.15,492.56,31.94
2019-09-01,Standard Class,Corporate,East,Furniture,Bookcases,New York City,3,0.2,568.29,3.95
2019-09-01,Second Class,Corporate,East,Office Supplies,Paper,Columbus,7,0.3,307.19,1.2
2019-09-01,Standard Class,Consumer,South,Office Supplies,Envelopes,Miami,9,0.2,392.08,-14.04
2019-09-02,Standard Class,Home Office,East,Technology,Copiers,Philadelphia,4,0.05,603.5,230.28
2019-09-02,Standard Class,Corporate,Central,Furniture,Tables,Dallas,1,0.0,121.4,16.56
2019-09-03,Standard Class,Consumer,South,Office Supplies,Fasteners,Miami,8,0.3,390.15,-9.35
2019-09-03,Standard Class,Home Office,West,Office Supplies,Envelopes,San Francisco,2,0.0,135.71,24.09
2019-09-03,Standard Class,Corporate,West,Furniture,Chairs,Denver,7,0.05,1053.25,53.12
2019-09-04,Same Day,Corporate,East,Office Supplies,Art,Philadelphia,4,0.15,138.17,4.44
2019-09-04,Standard Class,Corporate,West,Office Supplies,Storage,Denver,1,0.1,49.65,4.31
2019-09-04,Standard Class,Home Office,East,Office Supplies,Appliances,Columbus,1,0.0,86.47,17.12
2019-09-04,Standard Class,Corporate,East,Technology,Accessories,Columbus,3,0.1,641.73,78.41
2019-09-04,First Class,Consumer,West,Office Supplies,Supplies,Denver,5,0.05,301.85,71.35
2019-09-04,Second Class,Consumer,Central,Office Supplies,Paper,Minneapolis,8,0.15,296.66,23.45
2019-09-05,Second Class,Consumer,East,Office Supplies,Supplies,New York City,5,0.0,650.11,66.09
2019-09-05,Second Class,Corporate,West,Office Supplies,Fasteners,San Francisco,3,0.0,237.43,37.93
2019-09-05,First Class,Corporate,Central,Office Supplies,Fasteners,Chicago,1,0.2,14.47,0.91
2019-09-05,Standard Class,Consumer,Central,Office Supplies,Storage,Minneapolis,9,0.2,434.67,41.26
2019-09-05,First Class,Home Office,West,Office Supplies,Fasteners,Seattle,4,0.2,380.7,45.66
2019-09-06,Second Class,Home Office,West,Furniture,Chairs,Los Angeles,3,0.0,442.47,46.19
2019-09-06,First Class,Consumer,East,Office Supplies,Appliances,Columbus,8,0.2,426.6,18.49
2019-09-06,Standard Class,Home Office,West,Office Supplies,Supplies,Los Angeles,5,0.1,149.29,19.17
2019-09-06,Standard Class,Consumer,East,Office Supplies,Binders,Philadelphia,6,0.3,156.24,13.52
2019-09-06,Standard Class,Consumer,West,Furniture,Furnishings,Los Angeles,1,0.3,52.16,2.69
2019-09-06,Standard Class,Home Office,East,Office Supplies,Envelopes,New York City,2,0.0,79.15,15.66
2019-09-06,Standard Class,Home Office,Central,Office Supplies,Labels,Houston,1,0.1,29.99,3.06
2019-09-06,Standard Class,Consumer,West,Office Supplies,Supplies,Denver,7,0.15,723.84,105.71
2019-09-06,Standard Class,Consumer,South,Furniture,Bookcases,Charlotte,2,0.0,172.19,25.94
2019-09-07,Standard Class,Consumer,South,Office Supplies,Binders,Nashville,5,0.0,349.04,107.38
2019-09-07,Standard Class,Home Office,East,Technology,Accessories,New York City,1,0.2,158.18,12.07
2019-09-07,Second Class,Consumer,West,Furniture,Chairs,Seattle,2,0.15,334.18,9.55
2019-09-07,Standard Class,Corporate,West,Office Supplies,Storage,Los Angeles,6,0.05,459.52,51.21
2019-09-07,Second Class,Consumer,Central,Furniture,Furnishings,Chicago,5,0.15,402.37,10.57
2019-09-07,Second Class,Consumer,Central,Technology,Accessories,Chicago,5,0.15,1662.7,144.17
2019-09-07,Standard Class,Corporate,East,Technology,Copiers,Columbus,5,0.15,830.76,30.23
2019-09-07,First Class,Consumer,Central,Furniture,Furnishings,Dallas,1,0.1,312.51,-12.24
2019-09-07,Standard Class,Consumer,Central,Office Supplies,Paper,Minneapolis,6,0.2,170.76,9.6
2019-09-07,Standard Class,Consumer,East,Office Supplies,Storage,Boston,7,0.15,255.47,30.43
2019-09-08,Standard Class,Consumer,West,Technology,Copiers,Denver,5,0.0,805.0,117.82
2019-09-08,Standard Class,Home Office,East,Office Supplies,Supplies,Boston,7,0.3,286.06,16.49
2019-09-08,Second Class,Home Office,West,Furniture,Chairs,San Francisco,2,0.2,384.57,2.53
2019-09-08,Standard Class,Consumer,Central,Office Supplies,Paper,Dallas,2,0.3,43.83,-6.12
2019-09-08,First Class,Consumer,West,Furniture,Tables,San Francisco,1,0.0,320.44,13.56
2019-09-08,Standard Class,Home Office,Central,Furniture,Chairs,Minneapolis,9,0.15,533.76,28.99
2019-09-09,Standard Class,Home Office,East,Office Supplies,Fasteners,Columbus,6,0.0,408.49,68.8
2019-09-09,Standard Class,Corporate,West,Office Supplies,Fasteners,Los Angeles,3,0.3,68.14,-3.46
2019-09-09,Standard Class,Consumer,West,Office Supplies,Envelopes,San Francisco,4,0.0,110.56,17.54
2019-09-09,Second Class,Consumer,East,Office Supplies,Paper,Boston,4,0.15,437.59,26.97
2019-09-10,Second Class,Corporate,South,Technology,Accessories,Miami,7,0.0,2641.27,397.64
2019-09-10,Standard Class,Corporate,West,Office Supplies,Art,Los Angeles,6,0.2,266.27,21.25
2019-09-10,Standard Class,Corporate,South,Furniture,Tables,Atlanta,5,0.2,222.55,2.58
2019-09-10,Standard Class,Home Office,East,Office Supplies,Binders,Philadelphia,4,0.1,258.99,28.0
2019-09-10,First Class,Consumer,Central,Office Supplies,Labels,Chicago,8,0.2,360.31,12.81
2019-09-10,Standard Class,Home Office,West,Office Supplies,Art,Denver,4,0.4,136.51,-7.91
2019-09-10,Second Class,Home Office,East,Furniture,Bookcases,Philadelphia,5,0.4,383.55,-21.08
2019-09-10,Standard Class,Corporate,South,Office Supplies,Binders,Miami,3,0.0,396.53,96.67
2019-09-10,Second Class,Consumer,South,Furniture,Furnishings,Nashville,4,0.2,1215.36,45.88
2019-09-11,Standard Class,Consumer,Central,Office Supplies,Supplies,Dallas,3,0.0,188.01,42.45
2019-09-11,Second Class,Corporate,West,Office Supplies,Labels,Denver,3,0.1,89.46,11.31
2019-09-11,Standard Class,Corporate,East,Office Supplies,Supplies,Boston,4,0.1,97.66,10.29
2019-09-11,Standard Class,Home Office,East,Technology,Machines,New York City,2,0.05,813.71,166.07
2019-09-11,Standard Class,Consumer,East,Office Supplies,Fasteners,New York City,4,0.1,354.76,22.07
2019-09-11,First Class,Consumer,Central,Technology,Machines,Minneapolis,9,0.3,1883.4,114.29
2019-09-12,Second Class,Corporate,East,Office Supplies,Storage,Philadelphia,8,0.1,358.42,43.84
2019-09-12,First Class,Consumer,Central,Office Supplies,Art,Houston,3,0.3,164.22,-5.88
2019-09-12,Standard Class,Home Office,East,Office Supplies,Storage,New York City,6,0.15,94.51,-1.52
2019-09-12,Standard Class,Corporate,Central,Office Supplies,Storage,Minneapolis,6,0.0,505.11,47.65
2019-09-12,Second Class,Corporate,East,Furniture,Bookcases,New York City,3,0.0,562.87,41.72
2019-09-12,Standard Class,Corporate,Central,Office Supplies,Labels,Chicago,6,0.0,382.89,91.56
2019-09-12,Standard Class,Corporate,South,Furniture,Bookcases,Charlotte,9,0.15,1643.4,34.41
2019-09-12,Standard Class,Corporate,South,Technology,Machines,Miami,3,0.15,506.83,62.77
2019-09-12,Standard Class,Consumer,West,Technology,Machines,Denver,1,0.05,580.76,33.04
2019-09-12,Standard Class,Consumer,Central,Technology,Accessories,Dallas,7,0.2,1355.77,-70.44
2019-09-12,Standard Class,Corporate,Central,Office Supplies,Labels,Minneapolis,4,0.2,171.66,0.1
2019-09-12,Second Class,Corporate,East,Furniture,Tables,Columbus,5,0.0,1329.37,152.22
2019-09-12,Standard Class,Corporate,East,Office Supplies,Labels,Columbus,8,0.1,697.13,108.92
2019-09-12,Standard Class,Corporate,East,Furniture,Bookcases,Columbus,8,0.0,1499.73,150.54
2019-09-12,Standard Class,Consumer,West,Furniture,Bookcases,Seattle,9,0.1,1015.14,-12.69
2019-09-13,Same Day,Consumer,South,Furniture,Bookcases,Nashville,7,0.0,1436.19,29.61
2019-09-13,Standard Class,Home Office,East,Office Supplies,Appliances,Philadelphia,6,0.4,539.64,-58.9
2019-09-13,Standard Class,Consumer,East,Furniture,Furnishings,Boston,8,0.0,989.75,48.68
2019-09-13,Standard Class,Corporate,East,Technology,Machines,Boston,9,0.2,1403.05,-19.37
2019-09-14,Second Class,Corporate,East,Office Supplies,Binders,Philadelphia,4,0.0,340.24,30.5
2019-09-14,Standard Class,Corporate,West,Office Supplies,Fasteners,Seattle,1,0.0,40.55,8.83
2019-09-14,First Class,Consumer,West,Office Supplies,Storage,San Francisco,6,0.2,851.69,94.56
2019-09-14,First Class,Consumer,South,Office Supplies,Appliances,Nashville,6,0.0,498.79,87.7
2019-09-14,First Class,Corporate,East,Office Supplies,Fasteners,Columbus,7,0.15,342.2,26.48
2019-09-14,Second Class,Corporate,East,Office Supplies,Binders,Philadelphia,9,0.1,193.32,-0.97
2019-09-14,Standard Class,Consumer,Central,Office Supplies,Art,Chicago,4,0.05,193.73,40.0
2019-09-14,Same Day,Consumer,Central,Technology,Accessories,Houston,2,0.0,472.77,73.37
2019-09-15,Second Class,Consumer,Central,Office Supplies,Appliances,Houston,6,0.2,308.57,14.48
2019-09-15,Standard Class,Home Office,West,Furniture,Tables,Los Angeles,8,0.15,770.16,-69.27
2019-09-15,Standard Class,Home Office,South,Office Supplies,Paper,Nashville,7,0.15,344.9,47.25
2019-09-15,Standard Class,Home Office,West,Office Supplies,Supplies,Denver,5,0.05,534.96,86.07
2019-09-15,Standard Class,Consumer,Central,Office Supplies,Art,Minneapolis,8,0.15,426.58,43.69
2019-09-15,Standard Class,Corporate,West,Office Supplies,Appliances,Los Angeles,4,0.2,193.14,3.25
2019-09-15,Standard Class,Corporate,East,Furniture,Chairs,Columbus,5,0.0,546.86,78.22
2019-09-16,Standard Class,Consumer,West,Office Supplies,Storage,San Francisco,3,0.0,114.19,13.43
2019-09-16,Standard Class,Consumer,East,Office Supplies,Art,New York City,5,0.0,291.07,45.33
2019-09-16,First Class,Corporate,South,Office Supplies,Labels,Nashville,7,0.0,439.89,104.93
2019-09-16,First Class,Consumer,East,Office Supplies,Storage,Boston,7,0.2,448.84,14.54
2019-09-17,Standard Class,Corporate,South,Technology,Phones,Miami,9,0.2,3252.71,250.45
2019-09-17,Standard Class,Consumer,West,Office Supplies,Binders,Denver,3,0.0,210.25,54.56
2019-09-17,Standard Class,Corporate,East,Office Supplies,Supplies,New York City,3,0.0,124.07,9.72
2019-09-17,Standard Class,Consumer,East,Office Supplies,Envelopes,Philadelphia,1,0.0,26.92,3.81
2019-09-17,Standard Class,Consumer,East,Office Supplies,Supplies,Philadelphia,3,0.2,38.65,6.55
2019-09-17,First Class,Consumer,Central,Technology,Accessories,Houston,8,0.0,2175.26,414.54
2019-09-17,Standard Class,Home Office,Central,Technology,Accessories,Dallas,1,0.2,218.46,-15.94
2019-09-17,Standard Class,Consumer,West,Technology,Copiers,Seattle,4,0.0,1037.98,299.0
2019-09-17,Standard Class,Consumer,West,Office Supplies,Fasteners,Denver,3,0.1,110.25,0.38
2019-09-17,Standard Class,Corporate,West,Office Supplies,Binders,Los Angeles,8,0.05,130.94,5.86
2019-09-18,Standard Class,Consumer,South,Office Supplies,Storage,Miami,9,0.0,812.87,65.85
2019-09-18,Standard Class,Home Office,East,Technology,Copiers,Columbus,8,0.1,1030.42,-28.04
2019-09-18,Same Day,Consumer,South,Technology,Accessories,Charlotte,2,0.0,592.44,114.56
2019-09-19,Standard Class,Corporate,East,Technology,Accessories,Philadelphia,8,0.1,3542.28,-144.81
2019-09-19,Standard Class,Consumer,East,Technology,Phones,Boston,6,0.05,3605.82,909.09
2019-09-19,First Class,Home Office,East,Furniture,Chairs,New York City,1,0.2,70.7,1.9
2019-09-19,Standard Class,Consumer,Central,Office Supplies,Envelopes,Houston,8,0.3,937.91,38.64
2019-09-19,Standard Class,Consumer,East,Furniture,Furnishings,Boston,2,0.0,131.49,-7.23
2019-09-19,Second Class,Corporate,West,Office Supplies,Art,Seattle,9,0.05,315.2,57.17
2019-09-19,Standard Class,Consumer,East,Office Supplies,Labels,Boston,5,0.1,271.88,21.8
2019-09-19,Second Class,Corporate,East,Office Supplies,Supplies,Philadelphia,2,0.0,313.58,33.05
2019-09-20,Standard Class,Consumer,West,Technology,Copiers,San Francisco,9,0.0,2191.66,544.18
2019-09-20,Standard Class,Consumer,East,Technology,Phones,New York City,7,0.1,1705.29,164.4
2019-09-20,Standard Class,Consumer,West,Office Supplies,Appliances,Denver,6,0.4,363.73,-19.2
2019-09-20,Standard Class,Corporate,West,Office Supplies,Paper,Seattle,8,0.3,308.02,-2.13
2019-09-20,Standard Class,Home Office,East,Office Supplies,Supplies,Columbus,2,0.15,200.95,29.66
2019-09-20,Standard Class,Home Office,East,Technology,Machines,New York City,1,0.15,252.17,8.04
2019-09-20,Standard Class,Consumer,South,Office Supplies,Paper,Charlotte,3,0.0,184.79,18.79
2019-09-20,First Class,Corporate,East,Office Supplies,Labels,Columbus,8,0.2,256.71,43.93
2019-09-20,Second Class,Consumer,Central,Office Supplies,Envelopes,Dallas,8,0.1,175.43,5.94
2019-09-20,Standard Class,Home Office,East,Office Supplies,Paper,New York City,6,0.0,384.48,53.3
2019-09-20,First Class,Corporate,West,Furniture,Tables,Seattle,7,0.0,1060.13,102.39
2019-09-21,Standard Class,Consumer,West,Office Supplies,Envelopes,Los Angeles,2,0.2,117.08,1.8
2019-09-21,Standard Class,Corporate,East,Office Supplies,Labels,Boston,3,0.0,92.67,15.05
2019-09-21,Second Class,Consumer,West,Office Supplies,Supplies,Seattle,8,0.1,1340.6,199.7
2019-09-21,Standard Class,Home Office,Central,Office Supplies,Paper,Chicago,7,0.2,167.17,8.79
2019-09-21,Standard Class,Corporate,East,Office Supplies,Labels,New York City,7,0.0,212.49,59.6
2019-09-21,First Class,Consumer,West,Office Supplies,Envelopes,San Francisco,8,0.0,463.78,123.56
2019-09-22,Second Class,Home Office,West,Office Supplies,Labels,Denver,2,0.2,17.18,0.02
2019-09-22,First Class,Corporate,East,Technology,Copiers,Philadelphia,6,0.3,998.36,131.78
2019-09-22,Second Class,Consumer,West,Furniture,Chairs,Los Angeles,4,0.1,115.25,1.21
2019-09-22,Standard Class,Consumer,West,Office Supplies,Storage,San Francisco,3,0.2,119.58,-3.15
2019-09-22,Standard Class,Corporate,West,Office Supplies,Art,Los Angeles,3,0.05,244.62,12.36
2019-09-22,Standard Class,Consumer,West,Office Supplies,Paper,San Francisco,6,0.2,205.72,-12.43
2019-09-23,Standard Class,Consumer,South,Office Supplies,Appliances,Miami,8,0.0,356.32,58.15
2019-09-23,Second Class,Corporate,East,Technology,Copiers,Columbus,2,0.3,299.6,-14.99
2019-09-23,First Class,Consumer,East,Office Supplies,Fasteners,Columbus,8,0.0,874.93,53.71
2019-09-23,Second Class,Corporate,West,Office Supplies,Binders,Seattle,8,0.1,956.81,116.06
2019-09-23,Standard Class,Home Office,East,Technology,Copiers,Boston,3,0.4,432.0,12.43
2019-09-23,Standard Class,Consumer,East,Office Supplies,Storage,New York City,1,0.05,23.67,5.47
2019-09-24,Standard Class,Corporate,East,Furniture,Tables,New York City,5,0.0,826.33,63.54
2019-09-24,Standard Class,Corporate,Central,Technology,Accessories,Chicago,7,0.1,2496.29,493.54
2019-09-24,Second Class,Consumer,Central,Technology,Copiers,Chicago,4,0.1,1518.88,216.09
2019-09-24,Standard Class,Corporate,South,Office Supplies,Appliances,Atlanta,3,0.3,323.34,-24.45
2019-09-24,Standard Class,Corporate,South,Furniture,Bookcases,Nashville,3,0.3,354.51,-41.34
2019-09-24,Second Class,Corporate,South,Office Supplies,Appliances,Atlanta,6,0.1,707.72,127.65
2019-09-24,Second Class,Consumer,West,Office Supplies,Labels,Seattle,7,0.0,611.64,93.35
2019-09-25,Standard Class,Consumer,East,Office Supplies,Paper,Philadelphia,4,0.0,523.55,47.92
2019-09-25,Standard Class,Consumer,Central,Office Supplies,Paper,Minneapolis,2,0.4,178.51,-8.75
2019-09-25,Standard Class,Consumer,Central,Office Supplies,Fasteners,Houston,2,0.1,172.57,6.77
2019-09-25,Second Class,Consumer,South,Office Supplies,Binders,Charlotte,6,0.15,292.58,28.85
2019-09-25,Standard Class,Consumer,West,Office Supplies,Storage,San Francisco,9,0.1,412.69,6.36
2019-09-25,Second Class,Corporate,East,Office Supplies,Storage,Columbus,3,0.1,290.5,44.32
2019-09-25,Standard Class,Corporate,East,Office Supplies,Art,Columbus,6,0.2,382.53,5.9
2019-09-25,Standard Class,Consumer,East,Furniture,Chairs,Philadelphia,8,0.05,1349.06,188.1
2019-09-25,Standard Class,Home Office,South,Furniture,Chairs,Atlanta,4,0.3,742.95,-17.04
2019-09-25,Standard Class,Consumer,West,Technology,Copiers,Seattle,3,0.2,532.32,62.27
2019-09-26,Standard Class,Home Office,East,Office Supplies,Supplies,Boston,3,0.2,156.3,12.16
2019-09-26,Standard Class,Home Office,South,Office Supplies,Envelopes,Charlotte,1,0.3,49.59,-4.63
2019-09-26,Standard Class,Home Office,East,Office Supplies,Envelopes,Philadelphia,5,0.2,377.84,10.57
2019-09-26,Standard Class,Consumer,East,Office Supplies,Binders,Philadelphia,7,0.05,173.45,10.79
2019-09-26,Standard Class,Consumer,Central,Technology,Phones,Dallas,1,0.0,195.45,50.61
2019-09-27,Standard Class,Consumer,West,Office Supplies,Storage,San Francisco,4,0.0,137.9,13.83
2019-09-27,Standard Class,Consumer,Central,Technology,Accessories,Chicago,2,0.05,650.92,162.38
2019-09-27,Same Day,Consumer,West,Furniture,Bookcases,San Francisco,3,0.2,733.04,-21.92
2019-09-27,Standard Class,Home Office,West,Office Supplies,Storage,Seattle,3,0.0,82.08,16.25
2019-09-28,Second Class,Consumer,West,Furniture,Furnishings,Denver,4,0.2,268.82,-4.77
2019-09-28,Standard Class,Home Office,South,Office Supplies,Supplies,Miami,2,0.0,63.68,9.8
2019-09-28,First Class,Corporate,South,Office Supplies,Art,Miami,9,0.1,559.36,129.65
2019-09-28,Standard Class,Consumer,South,Furniture,Chairs,Atlanta,2,0.1,279.46,9.46
2019-09-28,Standard Class,Corporate,East,Office Supplies,Appliances,Boston,6,0.1,506.65,120.52
2019-09-29,First Class,Corporate,Central,Office Supplies,Fasteners,Houston,7,0.1,663.22,81.76
2019-09-29,Second Class,Consumer,West,Furniture,Tables,Seattle,9,0.0,4810.46,331.36
2019-09-29,Standard Class,Consumer,South,Office Supplies,Fasteners,Atlanta,9,0.0,310.9,27.05
2019-09-29,Standard Class,Consumer,Central,Office Supplies,Binders,Dallas,1,0.2,43.94,-0.88
2019-09-29,Second Class,Home Office,West,Office Supplies,Appliances,Denver,9,0.15,328.55,12.41
2019-09-29,First Class,Home Office,South,Office Supplies,Storage,Atlanta,3,0.0,181.03,34.65
2019-09-30,Standard Class,Consumer,West,Technology,Phones,Denver,8,0.2,3356.23,447.41
2019-09-30,Standard Class,Consumer,West,Office Supplies,Paper,San Francisco,8,0.3,102.64,-7.47
2019-09-30,Second Class,Consumer,East,Office Supplies,Appliances,Philadelphia,9,0.0,537.46,112.59
2019-09-30,Second Class,Corporate,Central,Office Supplies,Labels,Dallas,6,0.15,207.83,9.79
2019-09-30,Standard Class,Consumer,Central,Office Supplies,Labels,Dallas,6,0.2,262.98,9.75
2019-09-30,Standard Class,Consumer,West,Office Supplies,Paper,Seattle,9,0.0,1572.22,305.53
2019-09-30,First Class,Corporate,Central,Office Supplies,Fasteners,Houston,8,0.0,561.07,49.92
2019-09-30,Standard Class,Consumer,Central,Office Supplies,Envelopes,Dallas,7,0.15,150.17,8.71
2019-10-01,First Class,Home Office,East,Office Supplies,Labels,New York City,6,0.1,263.48,35.76
2019-10-01,Standard Class,Consumer,West,Office Supplies,Storage,Denver,1,0.2,9.02,1.09
2019-10-01,Second Class,Home Office,South,Office Supplies,Envelopes,Atlanta,8,0.0,1372.93,246.86
2019-10-01,Standard Class,Corporate,East,Furniture,Bookcases,New York City,3,0.1,734.81,20.14
2019-10-01,First Class,Home Office,Central,Technology,Machines,Minneapolis,6,0.15,952.65,94.03
2019-10-01,First Class,Corporate,Central,Office Supplies,Envelopes,Dallas,2,0.4,85.18,-6.38
2019-10-01,Standard Class,Corporate,East,Office Supplies,Storage,Philadelphia,4,0.15,277.24,38.18
2019-10-01,Same Day,Consumer,East,Office Supplies,Labels,Philadelphia,2,0.2,81.45,9.04
2019-10-01,Standard Class,Corporate,East,Furniture,Tables,Columbus,2,0.2,414.24,23.0
2019-10-02,Standard Class,Home Office,Central,Furniture,Furnishings,Minneapolis,9,0.4,734.88,-123.22
2019-10-02,Second Class,Corporate,West,Office Supplies,Storage,Los Angeles,6,0.15,125.67,24.66
2019-10-02,Standard Class,Consumer,West,Office Supplies,Storage,San Francisco,3,0.0,217.5,38.71
2019-10-02,Standard Class,Consumer,Central,Office Supplies,Envelopes,Minneapolis,1,0.15,42.68,6.96
2019-10-03,Standard Class,Home Office,East,Office Supplies,Fasteners,Philadelphia,9,0.0,511.67,60.85
2019-10-03,Second Class,Consumer,Central,Furniture,Bookcases,Houston,6,0.05,1035.24,72.4
2019-10-03,Standard Class,Consumer,West,Office Supplies,Binders,Seattle,7,0.2,225.87,18.31
2019-10-03,Standard Class,Corporate,West,Office Supplies,Fasteners,San Francisco,6,0.3,183.11,3.65
2019-10-03,Second Class,Consumer,East,Office Supplies,Labels,Philadelphia,6,0.0,396.16,51.78
2019-10-03,Standard Class,Consumer,West,Office Supplies,Appliances,Los Angeles,1,0.2,72.26,7.49
2019-10-03,First Class,Corporate,West,Office Supplies,Supplies,Seattle,2,0.1,64.77,5.82
2019-10-03,Standard Class,Corporate,East,Office Supplies,Envelopes,Philadelphia,7,0.3,174.84,-15.79
2019-10-03,Standard Class,Home Office,Central,Office Supplies,Fasteners,Dallas,3,0.1,114.97,7.09
2019-10-04,Standard Class,Corporate,East,Furniture,Furnishings,Columbus,8,0.2,769.86,-97.56
2019-10-04,Standard Class,Corporate,West,Furniture,Chairs,Seattle,4,0.4,315.1,-39.17
2019-10-04,Same Day,Consumer,West,Office Supplies,Storage,Seattle,4,0.2,386.71,25.43
2019-10-04,Standard Class,Consumer,West,Office Supplies,Art,San Francisco,2,0.3,104.75,-0.47
2019-10-04,Standard Class,Home Office,West,Office Supplies,Binders,San Francisco,6,0.15,350.4,67.9
2019-10-04,Standard Class,Consumer,West,Technology,Copiers,San Francisco,4,0.0,824.77,158.32
2019-10-04,Second Class,Consumer,South,Office Supplies,Paper,Miami,1,0.1,44.42,1.66
2019-10-05,Standard Class,Corporate,East,Technology,Copiers,Boston,5,0.1,1232.7,122.08
2019-10-05,Second Class,Home Office,West,Office Supplies,Supplies,Los Angeles,3,0.15,74.26,9.81
2019-10-05,Second Class,Consumer,South,Technology,Machines,Miami,5,0.4,1497.44,-18.44
2019-10-05,Standard Class,Home Office,West,Technology,Machines,,9,0.15,1728.13,82.28
2019-10-05,Standard Class,Consumer,West,Office Supplies,Fasteners,Los Angeles,5,0.1,256.13,17.62
2019-10-05,First Class,Corporate,South,Furniture,Tables,Nashville,1,0.0,69.42,9.28
2019-10-05,Standard Class,Consumer,West,Furniture,Chairs,Seattle,9,0.4,660.86,-23.92
2019-10-05,Standard Class,Consumer,Central,Office Supplies,Paper,Chicago,7,0.05,347.49,50.13
2019-10-05,Standard Class,Corporate,West,Office Supplies,Labels,Denver,1,0.4,10.96,-0.38
2019-10-05,Standard Class,Consumer,South,Furniture,Furnishings,Charlotte,2,0.2,643.71,83.08
2019-10-05,Standard Class,Consumer,East,Office Supplies,Labels,New York City,3,0.0,436.55,119.34
2019-10-06,First Class,Corporate,East,Furniture,Chairs,Boston,4,0.1,1122.51,116.1
2019-10-06,First Class,Consumer,South,Office Supplies,Supplies,Atlanta,5,0.1,273.76,11.07
2019-10-06,Second Class,Consumer,South,Technology,Accessories,Miami,7,0.0,1279.79,231.37
2019-10-07,Second Class,Consumer,Central,Office Supplies,Paper,Minneapolis,2,0.2,97.71,4.14
2019-10-07,Same Day,Consumer,Central,Technology,Copiers,Dallas,2,0.3,556.58,81.63
2019-10-07,Standard Class,Corporate,East,Office Supplies,Labels,New York City,8,0.0,528.05,82.96
2019-10-07,Second Class,Consumer,West,Technology,Accessories,Los Angeles,4,0.0,833.72,178.48
2019-10-07,First Class,Consumer,East,Office Supplies,Binders,Columbus,9,0.1,1221.25,-49.61
2019-10-08,Standard Class,Home Office,East,Office Supplies,Storage,Columbus,8,0.1,621.88,32.02
2019-10-08,First Class,Corporate,South,Technology,Machines,Charlotte,3,0.2,253.71,15.05
2019-10-08,Standard Class,Consumer,South,Technology,Phones,Miami,9,0.0,994.93,316.84
2019-10-08,Standard Class,Home Office,West,Office Supplies,Fasteners,Los Angeles,9,0.15,286.01,33.53
2019-10-08,Standard Class,Consumer,East,Technology,Phones,New York City,8,0.1,3686.04,597.56
2019-10-08,Standard Class,Home Office,East,Office Supplies,Fasteners,Columbus,3,0.3,236.69,20.7
2019-10-08,Standard Class,Consumer,West,Furniture,Tables,Denver,4,0.3,661.66,-11.75
2019-10-09,Standard Class,Home Office,South,Technology,Accessories,Miami,8,0.05,1243.4,216.97
2019-10-09,Standard Class,Consumer,West,Office Supplies,Art,Seattle,2,0.2,88.93,3.47
2019-10-09,Second Class,Corporate,Central,Technology,Phones,Minneapolis,3,0.2,1365.9,124.43
2019-10-10,Standard Class,Home Office,West,Office Supplies,Paper,Denver,1,0.15,91.99,18.87
2019-10-10,Same Day,Consumer,Central,Office Supplies,Appliances,Chicago,9,0.4,198.54,8.9
2019-10-10,Second Class,Consumer,Central,Office Supplies,Supplies,Chicago,3,0.05,83.2,9.52
2019-10-10,Standard Class,Consumer,West,Technology,Accessories,San Francisco,6,0.0,1155.84,201.06
2019-10-10,Standard Class,Consumer,West,Office Supplies,Storage,Denver,8,0.3,482.45,33.97
2019-10-10,Standard Class,Consumer,Central,Office Supplies,Envelopes,Chicago,7,0.15,608.75,43.92
2019-10-10,Standard Class,Corporate,East,Office Supplies,Appliances,New York City,7,0.0,191.16,30.05
2019-10-10,Standard Class,Consumer,West,Office Supplies,Appliances,San Francisco,3,0.3,37.35,0.56
2019-10-11,Standard Class,Home Office,East,Office Supplies,Envelopes,Columbus,5,0.4,336.35,-21.66
2019-10-11,Standard Class,Consumer,Central,Furniture,Bookcases,Chicago,7,0.1,1493.69,103.2
2019-10-11,Standard Class,Consumer,West,Office Supplies,Storage,San Francisco,4,0.2,169.56,7.42
2019-10-11,Standard Class,Consumer,South,Office Supplies,Paper,Atlanta,4,0.05,128.34,27.39
2019-10-11,First Class,Corporate,East,Office Supplies,Art,Columbus,5,0.2,424.23,2.7
2019-10-11,Standard Class,Consumer,East,Furniture,Furnishings,Boston,4,0.0,1012.24,102.12
2019-10-11,Standard Class,Corporate,South,Office Supplies,Envelopes,Atlanta,4,0.1,64.44,6.29
2019-10-11,Standard Class,Home Office,West,Office Supplies,Fasteners,San Francisco,8,0.05,656.34,85.8
2019-10-12,Standard Class,Corporate,West,Furniture,Bookcases,Denver,9,0.0,1417.28,-63.83
2019-10-12,Standard Class,Home Office,East,Technology,Copiers,Columbus,7,0.0,1171.69,177.32
2019-10-12,Standard Class,Consumer,West,Furniture,Tables,San Francisco,3,0.1,709.61,43.23
2019-10-13,First Class,Consumer,South,Office Supplies,Fasteners,Charlotte,7,0.15,66.77,0.83
2019-10-14,Standard Class,Home Office,East,Office Supplies,Paper,Philadelphia,2,0.15,805.77,-20.17
2019-10-14,Standard Class,Consumer,West,Technology,Machines,Los Angeles,1,0.2,75.7,6.9
2019-10-14,Standard Class,Corporate,Central,Furniture,Chairs,Dallas,7,0.2,1479.38,-26.39
2019-10-14,Standard Class,Consumer,West,Office Supplies,Supplies,Seattle,8,0.3,391.19,-21.57
2019-10-14,Standard Class,Home Office,West,Office Supplies,Appliances,Los Angeles,5,0.2,385.29,21.03
2019-10-14,Second Class,Consumer,Central,Office Supplies,Appliances,Chicago,3,0.0,280.08,23.33
2019-10-15,First Class,Consumer,West,Office Supplies,Art,Los Angeles,3,0.15,374.75,80.9
2019-10-15,Standard Class,Home Office,West,Office Supplies,Fasteners,Denver,1,0.05,24.78,3.08
2019-10-15,Standard Class,Consumer,South,Office Supplies,Appliances,Nashville,8,0.15,510.51,-7.16
2019-10-15,First Class,Corporate,Central,Office Supplies,Fasteners,Chicago,8,0.1,252.02,15.75
2019-10-15,Same Day,Home Office,Central,Office Supplies,Art,Dallas,9,0.15,355.35,58.38
2019-10-15,Second Class,Consumer,West,Office Supplies,Envelopes,Los Angeles,1,0.0,38.86,7.96
2019-10-15,First Class,Consumer,East,Furniture,Chairs,Boston,2,0.2,621.0,-22.6
2019-10-15,Standard Class,Corporate,South,Office Supplies,Binders,Miami,7,0.1,556.14,91.28
2019-10-16,First Class,Corporate,East,Office Supplies,Binders,New York City,1,0.0,43.94,0.71
2019-10-16,Standard Class,Corporate,West,Furniture,Furnishings,Los Angeles,2,0.1,223.43,-0.04
2019-10-16,Standard Class,Consumer,East,Technology,Accessories,Philadelphia,2,0.1,498.48,52.73
2019-10-16,Standard Class,Consumer,West,Technology,Copiers,Los Angeles,9,0.0,3053.45,631.53
2019-10-16,Second Class,Corporate,West,Office Supplies,Paper,Seattle,2,0.3,95.15,0.52
2019-10-16,Standard Class,Consumer,West,Office Supplies,Envelopes,Seattle,4,0.3,77.62,-0.38
2019-10-16,Standard Class,Corporate,West,Office Supplies,Storage,San Francisco,6,0.3,293.19,-0.98
2019-10-17,Standard Class,Consumer,West,Technology,Copiers,Denver,8,0.15,1095.13,177.83
2019-10-17,Standard Class,Consumer,South,Office Supplies,Labels,Miami,1,0.0,156.66,26.96
2019-10-17,Standard Class,Home Office,Central,Office Supplies,Fasteners,Minneapolis,9,0.1,685.7,23.71
2019-10-17,Second Class,Consumer,Central,Office Supplies,Supplies,Dallas,7,0.1,563.67,64.2
2019-10-17,Standard Class,Corporate,South,Office Supplies,Labels,Nashville,2,0.0,119.73,33.04
2019-10-17,Standard Class,Consumer,South,Office Supplies,Art,Nashville,1,0.4,48.55,-0.24
2019-10-18,Standard Class,Consumer,Central,Technology,Machines,Chicago,9,0.1,3068.11,799.47
2019-10-18,Standard Class,Consumer,Central,Technology,Phones,Chicago,5,0.15,1287.8,191.95
2019-10-18,First Class,Consumer,Central,Office Supplies,Paper,Chicago,6,0.2,715.58,18.77
2019-10-18,First Class,Consumer,Central,Office Supplies,Binders,Dallas,6,0.2,473.43,30.34
2019-10-18,Standard Class,Corporate,Central,Furniture,Tables,Chicago,4,0.0,1480.38,229.54
2019-10-18,First Class,Consumer,West,Technology,Machines,Seattle,9,0.4,1700.74,-126.14
2019-10-18,Standard Class,Consumer,Central,Office Supplies,Art,Houston,9,0.4,344.37,-8.26
2019-10-18,Standard Class,Consumer,West,Furniture,Tables,Los Angeles,8,0.1,1451.53,-2.89
2019-10-18,Standard Class,Corporate,South,Furniture,Bookcases,Charlotte,1,0.2,119.56,-10.93
2019-10-18,Standard Class,Consumer,West,Office Supplies,Binders,Denver,8,0.0,226.86,39.98
2019-10-19,Second Class,Consumer,East,Office Supplies,Fasteners,New York City,5,0.3,193.41,1.86
2019-10-19,Standard Class,Consumer,East,Office Supplies,Paper,Columbus,6,0.1,222.89,22.8
2019-10-19,Standard Class,Consumer,West,Office Supplies,Paper,San Francisco,2,0.0,303.97,52.09
2019-10-19,Second Class,Consumer,East,Office Supplies,Envelopes,Boston,7,0.15,219.12,15.73
2019-10-19,First Class,Consumer,South,Furniture,Tables,Atlanta,2,0.1,124.77,4.09
2019-10-19,Standard Class,Corporate,West,Office Supplies,Art,Seattle,5,0.2,575.56,100.14
2019-10-20,Standard Class,Corporate,South,Technology,Copiers,Charlotte,7,0.0,3475.23,680.24
2019-10-20,Standard Class,Consumer,East,Office Supplies,Appliances,Philadelphia,9,0.0,286.7,32.47
2019-10-20,Standard Class,Corporate,Central,Office Supplies,Storage,Chicago,2,0.2,130.5,20.55
2019-10-20,Second Class,Corporate,East,Office Supplies,Art,Boston,7,0.05,220.06,38.5
2019-10-20,Standard Class,Consumer,South,Office Supplies,Storage,Charlotte,9,0.05,516.19,127.15
2019-10-21,Same Day,Consumer,South,Furniture,Tables,Atlanta,9,0.2,964.05,-69.69
2019-10-21,Standard Class,Consumer,West,Furniture,Bookcases,Seattle,8,0.3,1565.12,-182.7
2019-10-21,Second Class,Consumer,East,Office Supplies,Storage,New York City,2,0.0,113.7,26.87
2019-10-21,Standard Class,Consumer,West,Office Supplies,Art,Seattle,8,0.0,652.86,100.71
2019-10-21,Standard Class,Corporate,East,Office Supplies,Labels,New York City,4,0.15,195.82,23.67
2019-10-22,First Class,Corporate,East,Office Supplies,Fasteners,Columbus,6,0.2,247.87,0.14
2019-10-22,Same Day,Corporate,East,Office Supplies,Storage,New York City,8,0.0,952.16,117.38
2019-10-22,Standard Class,Corporate,Central,Technology,Accessories,Chicago,8,0.0,1677.26,273.95
2019-10-22,Same Day,Corporate,Central,Technology,Phones,Houston,5,0.2,704.73,18.39
2019-10-22,Standard Class,Consumer,East,Furniture,Tables,Boston,4,0.0,379.47,33.96
2019-10-22,Standard Class,Consumer,Central,Office Supplies,Art,Houston,3,0.0,207.89,23.52
2019-10-22,Standard Class,Consumer,South,Office Supplies,Binders,Atlanta,2,0.0,154.13,24.76
2019-10-23,First Class,Consumer,West,Office Supplies,Art,Seattle,4,0.2,156.64,12.35
2019-10-23,Standard Class,Consumer,East,Office Supplies,Art,Philadelphia,3,0.05,143.18,8.77
2019-10-23,Same Day,Consumer,West,Office Supplies,Appliances,Seattle,3,0.05,227.55,51.07
2019-10-23,Standard Class,Consumer,West,Technology,Machines,Seattle,7,0.0,819.12,106.82
2019-10-23,Standard Class,Consumer,South,Technology,Phones,Nashville,1,0.15,387.0,27.02
2019-10-23,Second Class,Corporate,Central,Office Supplies,Storage,Dallas,7,0.0,799.33,85.33
2019-10-23,Same Day,Home Office,Central,Furniture,Tables,Houston,8,0.2,1244.76,-136.27
2019-10-23,Second Class,Home Office,Central,Technology,Phones,Dallas,3,0.1,796.23,55.45
2019-10-24,Same Day,Consumer,Central,Office Supplies,Envelopes,Houston,7,0.15,237.25,31.92
2019-10-24,Standard Class,Corporate,West,Office Supplies,Binders,Los Angeles,7,0.15,226.33,33.31
2019-10-24,Standard Class,Corporate,South,Office Supplies,Supplies,Charlotte,1,0.0,16.03,3.36
2019-10-24,Standard Class,Corporate,West,Technology,Copiers,Seattle,9,0.1,800.05,65.66
2019-10-24,Second Class,Consumer,East,Office Supplies,Labels,Columbus,3,0.0,215.56,36.07
2019-10-24,Standard Class,Consumer,Central,Technology,Phones,Houston,9,0.0,2654.09,380.03
2019-10-25,Standard Class,Home Office,East,Office Supplies,Supplies,Philadelphia,2,0.1,82.1,3.85
2019-10-25,Second Class,Consumer,East,Office Supplies,Storage,Philadelphia,8,0.0,734.02,59.76
2019-10-25,Second Class,Consumer,West,Furniture,Bookcases,San Francisco,4,0.05,594.05,3.89
2019-10-25,Standard Class,Consumer,West,Office Supplies,Appliances,Seattle,8,0.0,599.96,138.81
2019-10-25,First Class,Corporate,East,Office Supplies,Labels,Boston,6,0.0,323.92,46.63
2019-10-25,Second Class,Corporate,South,Office Supplies,Art,Nashville,3,0.3,113.89,-19.41
2019-10-25,Standard Class,Consumer,Central,Office Supplies,Envelopes,Houston,6,0.15,293.48,29.73
2019-10-25,Standard Class,Consumer,East,Office Supplies,Envelopes,New York City,5,0.0,232.48,36.63
2019-10-25,Second Class,Consumer,East,Office Supplies,Supplies,Boston,9,0.2,415.0,39.33
2019-10-25,First Class,Home Office,East,Furniture,Chairs,Columbus,5,0.4,844.55,-184.69
2019-10-26,Second Class,Consumer,Central,Office Supplies,Art,Houston,6,0.15,223.3,17.17
2019-10-26,Standard Class,Corporate,Central,Office Supplies,Envelopes,Dallas,3,0.05,182.81,39.21
2019-10-26,Standard Class,Consumer,Central,Office Supplies,Appliances,Minneapolis,8,0.0,982.03,212.96
2019-10-26,Standard Class,Consumer,Central,Office Supplies,Envelopes,Chicago,6,0.0,391.02,35.72
2019-10-26,Standard Class,Corporate,East,Office Supplies,Labels,Columbus,9,0.0,263.55,58.94
2019-10-27,Same Day,Consumer,East,Office Supplies,Envelopes,Philadelphia,2,0.0,211.75,22.18
2019-10-27,Standard Class,Corporate,East,Furniture,Chairs,Philadelphia,7,0.05,1071.29,-45.76
2019-10-27,Standard Class,Home Office,East,Furniture,Tables,Columbus,6,0.1,1589.69,131.97
2019-10-27,Standard Class,Corporate,East,Office Supplies,Envelopes,Boston,7,0.0,352.87,71.84
2019-10-27,Standard Class,Consumer,West,Office Supplies,Fasteners,Denver,2,0.15,135.16,14.04
2019-10-27,Second Class,Consumer,West,Office Supplies,Appliances,Seattle,7,0.0,189.43,19.25
2019-10-27,First Class,Corporate,East,Office Supplies,Supplies,Philadelphia,9,0.1,1127.08,24.91
2019-10-27,Standard Class,Consumer,West,Office Supplies,Appliances,Los Angeles,2,0.15,58.64,7.04
2019-10-27,First Class,Corporate,Central,Office Supplies,Supplies,Minneapolis,2,0.05,125.26,10.78
2019-10-27,Standard Class,Consumer,Central,Office Supplies,Art,Dallas,9,0.1,573.94,67.54
2019-10-27,First Class,Consumer,West,Furniture,Furnishings,Los Angeles,4,0.0,1235.84,188.48
2019-10-28,First Class,Consumer,East,Technology,Phones,Columbus,7,0.2,2563.51,76.73
2019-10-28,Standard Class,Consumer,East,Technology,Phones,Boston,3,0.0,716.31,112.65
2019-10-28,Second Class,Consumer,West,Furniture,Chairs,San Francisco,1,0.1,177.84,-0.6
2019-10-28,First Class,Consumer,West,Technology,Machines,Los Angeles,1,0.15,234.8,18.45
2019-10-28,First Class,Home Office,West,Office Supplies,Envelopes,Seattle,7,0.3,153.4,11.0
2019-10-29,Second Class,Corporate,West,Office Supplies,Binders,Denver,2,0.1,95.71,13.45
2019-10-29,Standard Class,Consumer,East,Technology,Phones,Philadelphia,8,0.05,1227.84,239.58
2019-10-29,Standard Class,Consumer,West,Technology,Machines,San Francisco,1,0.2,352.86,71.15
2019-10-29,First Class,Consumer,Central,Technology,Phones,Houston,5,0.05,716.61,67.27
2019-10-29,First Class,Consumer,Central,Office Supplies,Fasteners,Dallas,6,0.0,294.4,27.47
2019-10-29,Second Class,Consumer,East,Office Supplies,Paper,Philadelphia,2,0.0,92.31,16.79
2019-10-29,Standard Class,Corporate,Central,Furniture,Bookcases,Minneapolis,1,0.0,563.68,65.8
2019-10-29,Standard Class,Corporate,Central,Technology,Copiers,Minneapolis,5,0.2,1380.78,302.45
2019-10-30,First Class,Corporate,South,Technology,Machines,Miami,4,0.0,930.29,154.44
2019-10-30,Second Class,Consumer,West,Office Supplies,Fasteners,San Francisco,2,0.0,63.86,13.78
2019-10-30,Standard Class,Corporate,West,Office Supplies,Binders,Denver,4,0.2,262.99,16.49
2019-10-30,Standard Class,Corporate,West,Furniture,Bookcases,Seattle,4,0.15,300.34,-9.95
2019-10-30,Standard Class,Consumer,South,Technology,Machines,Atlanta,2,0.2,219.71,33.47
2019-10-30,First Class,Consumer,East,Furniture,Chairs,New York City,8,0.05,1647.82,-143.66
2019-10-31,First Class,Consumer,East,Technology,Phones,Boston,3,0.0,241.35,40.46
2019-10-31,Standard Class,Home Office,Central,Technology,Copiers,Chicago,7,0.0,690.44,134.54
2019-10-31,First Class,Corporate,Central,Office Supplies,Paper,Houston,7,0.2,716.25,25.53
2019-10-31,Second Class,Consumer,East,Office Supplies,Fasteners,Philadelphia,1,0.2,33.39,3.02
2019-10-31,Standard Class,Consumer,South,Furniture,Chairs,Miami,2,0.1,497.91,-20.51
2019-10-31,First Class,Corporate,East,Technology,Accessories,Boston,3,0.0,350.52,57.27
2019-10-31,Standard Class,Consumer,Central,Furniture,Chairs,Dallas,2,0.0,359.31,17.81
2019-10-31,Standard Class,Consumer,Central,Technology,Machines,Minneapolis,4,0.2,540.53,82.43
2019-10-31,Second Class,Home Office,Central,Technology,Phones,Dallas,1,0.0,315.31,84.33
2019-11-01,Second Class,Consumer,West,Office Supplies,Labels,Seattle,8,0.0,632.72,88.98
2019-11-01,Standard Class,Consumer,West,Furniture,Chairs,Los Angeles,2,0.15,538.15,7.52
2019-11-01,Standard Class,Consumer,Central,Technology,Accessories,Minneapolis,5,0.15,1180.38,157.73
2019-11-01,Standard Class,Consumer,South,Furniture,Bookcases,Charlotte,5,0.1,1553.03,179.38
2019-11-01,Second Class,Home Office,East,Technology,Accessories,New York City,7,0.2,1054.57,-8.51
2019-11-02,Standard Class,Corporate,West,Furniture,Furnishings,Denver,6,0.15,448.88,-9.92
2019-11-02,Standard Class,Corporate,East,Office Supplies,Envelopes,New York City,5,0.0,324.2,77.3
2019-11-02,Standard Class,Corporate,South,Office Supplies,Envelopes,Charlotte,7,0.0,607.7,88.76
2019-11-03,First Class,Consumer,East,Office Supplies,Envelopes,New York City,5,0.2,60.64,2.68
2019-11-03,Second Class,Consumer,Central,Furniture,Chairs,Chicago,8,0.15,926.31,42.59
2019-11-03,First Class,Consumer,East,Furniture,Bookcases,Columbus,9,0.0,1251.73,126.9
2019-11-03,Standard Class,Home Office,West,Technology,Machines,San Francisco,2,0.0,175.45,39.15
2019-11-03,Second Class,Home Office,West,Office Supplies,Fasteners,Denver,1,0.0,33.34,2.82
2019-11-04,Standard Class,Corporate,West,Office Supplies,Supplies,Los Angeles,1,0.15,31.23,1.1
2019-11-04,Standard Class,Corporate,South,Technology,Accessories,Charlotte,8,0.4,1413.73,39.91
2019-11-04,Second Class,Consumer,East,Office Supplies,Envelopes,New York City,6,0.4,87.91,-1.78
2019-11-04,Standard Class,Consumer,West,Technology,Phones,Denver,7,0.3,1463.92,79.97
2019-11-04,First Class,Corporate,East,Technology,Machines,Columbus,9,0.05,958.77,228.35
2019-11-04,Standard Class,Consumer,East,Office Supplies,Art,Philadelphia,3,0.1,202.0,-8.0
2019-11-04,Standard Class,Consumer,East,Office Supplies,Labels,Philadelphia,7,0.4,298.08,-33.09
2019-11-04,Standard Class,Consumer,West,Office Supplies,Binders,Seattle,8,0.15,690.05,23.65
2019-11-04,Standard Class,Consumer,East,Furniture,Furnishings,Philadelphia,7,0.0,2205.8,167.01
2019-11-04,First Class,Corporate,South,Office Supplies,Appliances,Atlanta,8,0.05,899.3,127.38
2019-11-04,Same Day,Corporate,Central,Technology,Machines,Chicago,2,0.2,190.96,15.99
2019-11-04,First Class,Consumer,West,Office Supplies,Binders,Los Angeles,4,0.0,56.29,13.29
2019-11-04,Standard Class,Consumer,West,Technology,Phones,Seattle,9,0.15,1982.76,444.35
2019-11-05,Standard Class,Consumer,West,Office Supplies,Labels,San Francisco,7,0.15,143.45,12.76
2019-11-05,First Class,Corporate,South,Office Supplies,Storage,Atlanta,8,0.4,92.36,-1.7
2019-11-05,First Class,Consumer,South,Office Supplies,Labels,Atlanta,9,0.05,199.15,29.28
2019-11-05,Standard Class,Consumer,Central,Office Supplies,Art,Dallas,6,0.15,149.35,10.7
2019-11-05,Same Day,Home Office,West,Technology,Accessories,Denver,4,0.2,379.63,44.21
2019-11-05,Standard Class,Consumer,West,Office Supplies,Binders,Denver,3,0.05,71.96,12.68
2019-11-05,Standard Class,Consumer,East,Technology,Machines,Columbus,1,0.15,676.91,123.08
2019-11-05,Standard Class,Consumer,Central,Office Supplies,Envelopes,Chicago,6,0.0,373.02,54.02
2019-11-05,Second Class,Consumer,Central,Furniture,Tables,Minneapolis,8,0.0,2331.73,-10.26
2019-11-06,First Class,Consumer,West,Office Supplies,Storage,Los Angeles,8,0.2,323.49,19.76
2019-11-06,Standard Class,Consumer,West,Furniture,Chairs,Seattle,5,0.2,551.82,-3.17
2019-11-06,First Class,Consumer,West,Technology,Machines,San Francisco,5,0.05,1373.97,181.6
2019-11-06,Standard Class,Consumer,East,Office Supplies,Envelopes,Columbus,2,0.15,243.33,14.36
2019-11-06,Second Class,Consumer,West,Office Supplies,Appliances,Seattle,3,0.2,70.03,-0.24
2019-11-06,First Class,Consumer,West,Furniture,Bookcases,Denver,6,0.2,433.34,15.53
2019-11-06,First Class,Corporate,South,Office Supplies,Fasteners,Atlanta,2,0.0,176.32,24.53
2019-11-06,Second Class,Home Office,South,Technology,Machines,Atlanta,1,0.3,185.34,25.41
2019-11-06,Standard Class,Corporate,Central,Furniture,Chairs,Minneapolis,9,0.15,1310.07,73.0
2019-11-07,Same Day,Consumer,East,Office Supplies,Appliances,Columbus,8,0.15,836.63,60.79
2019-11-07,Standard Class,Corporate,South,Office Supplies,Appliances,Miami,4,0.2,89.08,5.73
2019-11-07,Second Class,Consumer,West,Office Supplies,Paper,San Francisco,9,0.3,578.3,43.3
2019-11-07,First Class,Consumer,West,Office Supplies,Envelopes,San Francisco,8,0.2,355.54,14.7
2019-11-07,Same Day,Consumer,Central,Furniture,Bookcases,Chicago,2,0.2,137.37,-11.59
2019-11-07,Standard Class,Corporate,South,Office Supplies,Paper,Charlotte,3,0.2,224.15,-7.88
2019-11-07,Standard Class,Consumer,East,Office Supplies,Envelopes,Boston,6,0.3,365.04,2.78
2019-11-07,Standard Class,Consumer,East,Office Supplies,Storage,Boston,5,0.2,124.85,9.8
2019-11-08,Standard Class,Consumer,Central,Office Supplies,Envelopes,Minneapolis,4,0.0,327.91,70.2
2019-11-08,Second Class,Consumer,West,Office Supplies,Art,Seattle,2,0.2,47.31,-0.9
2019-11-08,First Class,Consumer,East,Technology,Machines,New York City,5,0.15,1583.54,356.13
2019-11-08,Standard Class,Home Office,South,Office Supplies,Labels,Nashville,4,0.1,615.59,75.44
2019-11-08,First Class,Consumer,Central,Technology,Phones,Minneapolis,2,0.0,222.34,61.15
2019-11-09,Standard Class,Corporate,East,Technology,Accessories,Philadelphia,7,0.0,2586.56,648.91
2019-11-09,First Class,Consumer,Central,Office Supplies,Binders,Dallas,2,0.15,109.93,-5.85
2019-11-09,First Class,Consumer,South,Office Supplies,Storage,Nashville,5,0.0,462.69,88.85
2019-11-09,Standard Class,Home Office,West,Office Supplies,Art,Denver,9,0.15,139.26,30.16
2019-11-10,First Class,Consumer,South,Office Supplies,Binders,Atlanta,5,0.1,531.22,81.07
2019-11-10,Standard Class,Corporate,East,Furniture,Furnishings,New York City,1,0.0,207.47,13.92
2019-11-10,First Class,Consumer,Central,Office Supplies,Fasteners,Dallas,7,0.0,258.08,24.91
2019-11-10,Standard Class,Corporate,East,Furniture,Furnishings,Columbus,7,0.2,655.33,-37.06
2019-11-10,Standard Class,Home Office,South,Technology,Accessories,Atlanta,4,0.05,474.36,60.55
2019-11-10,Standard Class,Consumer,South,Furniture,Furnishings,Miami,7,0.3,711.24,-117.41
2019-11-11,First Class,Consumer,West,Technology,Phones,Seattle,6,0.2,603.77,35.25
2019-11-11,Second Class,Corporate,East,Office Supplies,Art,New York City,8,0.15,1014.0,175.5
2019-11-11,Second Class,Corporate,South,Office Supplies,Supplies,Atlanta,9,0.0,703.73,72.35
2019-11-11,Standard Class,Consumer,East,Office Supplies,Appliances,Boston,4,0.3,160.48,1.66
2019-11-11,Standard Class,Consumer,South,Furniture,Tables,Atlanta,2,0.2,349.58,-10.49
2019-11-11,Standard Class,Consumer,Central,Office Supplies,Storage,Houston,2,0.15,60.54,5.57
2019-11-11,Standard Class,Consumer,Central,Office Supplies,Fasteners,Dallas,6,0.0,815.68,188.11
2019-11-12,Standard Class,Consumer,East,Technology,Phones,New York City,4,0.15,1547.49,98.76
2019-11-12,Same Day,Consumer,West,Office Supplies,Labels,Seattle,9,0.4,138.72,-10.11
2019-11-12,First Class,Corporate,West,Office Supplies,Appliances,Denver,2,0.0,124.84,28.92
2019-11-12,Standard Class,Consumer,South,Furniture,Chairs,Atlanta,2,0.15,397.64,-29.02
2019-11-12,Standard Class,Consumer,Central,Technology,Machines,Chicago,3,0.0,460.2,110.55
2019-11-13,Second Class,Consumer,West,Technology,Phones,Los Angeles,4,0.4,482.79,-4.67
2019-11-13,Standard Class,Corporate,East,Office Supplies,Storage,Philadelphia,6,0.1,177.48,42.63
2019-11-13,First Class,Corporate,West,Technology,Phones,San Francisco,2,0.15,321.65,61.1
2019-11-13,Second Class,Home Office,East,Office Supplies,Envelopes,Columbus,6,0.1,404.37,43.46
2019-11-14,First Class,Corporate,West,Office Supplies,Envelopes,Los Angeles,2,0.2,153.02,-2.7
2019-11-14,First Class,Corporate,West,Office Supplies,Supplies,Seattle,6,0.3,332.28,1.13
2019-11-14,Second Class,Corporate,Central,Technology,Copiers,Houston,8,0.15,390.84,23.28
2019-11-14,First Class,Consumer,South,Office Supplies,Art,Atlanta,6,0.15,416.55,-8.68
2019-11-14,Standard Class,Corporate,West,Technology,Accessories,Seattle,1,0.1,189.96,27.1
2019-11-14,First Class,Corporate,West,Office Supplies,Envelopes,San Francisco,8,0.1,229.41,57.82
2019-11-14,Second Class,Consumer,East,Technology,Accessories,New York City,1,0.05,292.61,78.62
2019-11-15,First Class,Consumer,East,Office Supplies,Binders,New York City,5,0.05,197.04,34.93
2019-11-15,Standard Class,Corporate,East,Office Supplies,Labels,Philadelphia,3,0.2,181.43,9.07
2019-11-15,Second Class,Consumer,East,Office Supplies,Envelopes,Boston,6,0.1,563.81,48.77
2019-11-15,Standard Class,Home Office,West,Furniture,Chairs,Seattle,4,0.15,487.19,-12.0
2019-11-15,Same Day,Consumer,West,Furniture,Chairs,Denver,6,0.0,785.1,72.53
2019-11-15,First Class,Consumer,Central,Technology,Copiers,Chicago,1,0.15,301.02,59.6
2019-11-15,Standard Class,Consumer,East,Office Supplies,Storage,Boston,9,0.0,876.46,208.52
2019-11-15,Second Class,Consumer,East,Furniture,Furnishings,Columbus,6,0.4,866.63,-188.87
2019-11-15,First Class,Home Office,East,Office Supplies,Fasteners,Philadelphia,3,0.3,77.26,-0.6
2019-11-16,Standard Class,Consumer,West,Office Supplies,Fasteners,Seattle,8,0.3,553.47,55.69
2019-11-16,Standard Class,Corporate,West,Technology,Accessories,San Francisco,4,0.2,595.03,38.43
2019-11-16,First Class,Corporate,East,Technology,Copiers,Columbus,4,0.0,1077.92,285.11
2019-11-16,First Class,Consumer,East,Office Supplies,Storage,Boston,2,0.1,88.21,5.23
2019-11-16,Standard Class,Corporate,East,Office Supplies,Binders,New York City,5,0.05,165.12,34.97
2019-11-17,Standard Class,Corporate,West,Office Supplies,Storage,Denver,8,0.3,110.19,5.76
2019-11-17,Standard Class,Consumer,West,Office Supplies,Storage,Denver,3,0.0,246.9,36.45
2019-11-17,Standard Class,Consumer,West,Technology,Copiers,Denver,9,0.4,1968.56,-155.13
2019-11-17,Second Class,Consumer,Central,Furniture,Tables,Houston,4,0.1,433.56,1.31
2019-11-17,Standard Class,Corporate,East,Office Supplies,Fasteners,Columbus,4,0.4,146.55,-24.98
2019-11-17,Standard Class,Home Office,East,Office Supplies,Envelopes,New York City,9,0.1,575.12,42.7
2019-11-17,Second Class,Home Office,South,Office Supplies,Labels,Atlanta,7,0.15,322.58,38.45
2019-11-18,Second Class,Consumer,Central,Office Supplies,Supplies,Dallas,9,0.4,594.34,-2.72
2019-11-18,Standard Class,Corporate,South,Office Supplies,Labels,Miami,4,0.0,339.5,54.9
2019-11-18,Standard Class,Consumer,South,Technology,Copiers,Atlanta,1,0.2,146.48,-1.59
2019-11-18,First Class,Home Office,West,Furniture,Chairs,Denver,8,0.15,1955.74,27.14
2019-11-18,First Class,Consumer,Central,Office Supplies,Binders,Minneapolis,4,0.2,82.12,5.79
2019-11-18,Standard Class,Home Office,West,Office Supplies,Storage,Los Angeles,3,0.0,348.02,87.59
2019-11-18,First Class,Consumer,West,Office Supplies,Fasteners,Los Angeles,7,0.15,567.67,41.53
2019-11-19,Second Class,Consumer,East,Office Supplies,Storage,Boston,3,0.2,298.26,0.3
2019-11-19,Standard Class,Home Office,East,Technology,Accessories,Boston,1,0.15,242.03,19.39
2019-11-19,Standard Class,Corporate,East,Office Supplies,Fasteners,Boston,9,0.15,224.09,30.19
2019-11-19,Second Class,Consumer,South,Office Supplies,Paper,Nashville,1,0.2,108.0,3.07
2019-11-19,Standard Class,Corporate,South,Furniture,Tables,Nashville,2,0.2,531.47,-43.8
2019-11-20,Standard Class,Consumer,West,Furniture,Bookcases,Los Angeles,1,0.2,225.05,-15.74
2019-11-20,Standard Class,Corporate,Central,Office Supplies,Envelopes,Houston,8,0.1,238.28,14.41
2019-11-20,Standard Class,Consumer,West,Office Supplies,Fasteners,San Francisco,7,0.1,358.49,65.31
2019-11-20,Standard Class,Corporate,South,Office Supplies,Binders,Atlanta,4,0.15,111.11,14.99
2019-11-20,Same Day,Corporate,East,Office Supplies,Fasteners,Philadelphia,2,0.0,82.91,12.23
2019-11-20,Same Day,Home Office,Central,Furniture,Chairs,Houston,8,0.1,1555.47,141.64
2019-11-20,Standard Class,Corporate,East,Technology,Phones,Boston,4,0.3,882.49,12.7
2019-11-21,First Class,Home Office,South,Furniture,Tables,Charlotte,2,0.0,645.23,65.4
2019-11-21,Second Class,Home Office,West,Furniture,Furnishings,Los Angeles,1,0.0,331.18,21.93
2019-11-21,Second Class,Corporate,East,Office Supplies,Labels,New York City,8,0.0,923.42,163.16
2019-11-21,Standard Class,Consumer,South,Office Supplies,Binders,Miami,9,0.1,419.1,-2.78
2019-11-21,Standard Class,Consumer,South,Furniture,Bookcases,Atlanta,6,0.05,472.63,4.43
2019-11-22,Standard Class,Consumer,West,Furniture,Tables,Denver,3,0.15,411.5,50.2
2019-11-22,First Class,Consumer,East,Office Supplies,Supplies,Philadelphia,4,0.2,251.92,0.85
2019-11-22,Standard Class,Corporate,South,Technology,Phones,Charlotte,4,0.0,994.65,184.09
2019-11-22,First Class,Home Office,West,Technology,Machines,Los Angeles,2,0.1,211.16,51.29
2019-11-22,Standard Class,Consumer,West,Office Supplies,Supplies,San Francisco,5,0.2,262.28,-5.54
2019-11-23,Standard Class,Corporate,West,Technology,Accessories,Los Angeles,9,0.0,1127.19,223.95
2019-11-23,Standard Class,Consumer,Central,Office Supplies,Labels,Chicago,8,0.0,554.77,111.21
2019-11-23,Standard Class,Home Office,Central,Technology,Accessories,Minneapolis,5,0.0,2115.86,197.93
2019-11-23,Second Class,Corporate,West,Office Supplies,Art,San Francisco,2,0.0,80.58,12.27
2019-11-23,Standard Class,Corporate,West,Office Supplies,Binders,Los Angeles,3,0.1,313.87,24.96
2019-11-24,First Class,Consumer,West,Office Supplies,Envelopes,Seattle,2,0.0,129.44,35.12
2019-11-24,Same Day,Consumer,West,Office Supplies,Art,San Francisco,9,0.2,304.23,2.97
2019-11-24,Second Class,Consumer,West,Furniture,Furnishings,Seattle,1,0.4,133.7,-22.07
2019-11-24,Standard Class,Corporate,West,Office Supplies,Art,Los Angeles,7,0.0,263.18,34.81
2019-11-24,Standard Class,Consumer,South,Office Supplies,Supplies,Nashville,3,0.0,136.97,19.14
2019-11-24,Standard Class,Consumer,East,Technology,Phones,Boston,4,0.0,1414.17,374.89
2019-11-24,Standard Class,Home Office,East,Furniture,Bookcases,Philadelphia,4,0.0,430.34,-24.84
2019-11-24,Standard Class,Consumer,Central,Office Supplies,Appliances,Houston,2,0.15,28.11,0.04
2019-11-24,Second Class,Corporate,Central,Furniture,Bookcases,Chicago,9,0.2,892.3,-120.2
2019-11-25,Standard Class,Corporate,West,Technology,Accessories,Seattle,4,0.2,518.97,42.92
2019-11-25,Standard Class,Corporate,Central,Technology,Accessories,Houston,5,0.1,1211.96,169.75
2019-11-25,Standard Class,Consumer,East,Office Supplies,Art,Philadelphia,7,0.05,785.28,90.53
2019-11-25,Same Day,Consumer,South,Technology,Phones,Miami,7,0.2,901.1,114.0
2019-11-26,Second Class,Home Office,South,Office Supplies,Art,Nashville,9,0.1,245.94,35.9
2019-11-26,Second Class,Consumer,Central,Technology,Copiers,Minneapolis,8,0.15,3542.68,597.92
2019-11-26,Standard Class,Consumer,Central,Office Supplies,Binders,Minneapolis,2,0.1,37.48,-1.1
2019-11-26,First Class,Home Office,West,Office Supplies,Appliances,San Francisco,5,0.0,486.01,82.78
2019-11-26,Standard Class,Corporate,South,Office Supplies,Fasteners,Charlotte,9,0.3,957.18,38.52
2019-11-26,Second Class,Consumer,West,Technology,Phones,Seattle,5,0.0,2013.87,494.56
2019-11-26,Standard Class,Corporate,Central,Furniture,Tables,Houston,5,0.1,2383.96,79.89
2019-11-26,Standard Class,Consumer,West,Technology,Machines,Seattle,7,0.0,851.9,111.57
2019-11-26,Second Class,Corporate,West,Furniture,Bookcases,Seattle,8,0.2,1083.86,-19.73
2019-11-26,Second Class,Corporate,West,Office Supplies,Supplies,Los Angeles,9,0.0,347.96,57.72
2019-11-26,Standard Class,Consumer,East,Furniture,Bookcases,Boston,5,0.1,597.23,-1.36
2019-11-27,Standard Class,Corporate,West,Technology,Accessories,Denver,4,0.0,1283.17,321.88
2019-11-27,Standard Class,Consumer,Central,Technology,Copiers,Houston,6,0.0,701.28,166.05
2019-11-27,First Class,Corporate,South,Furniture,Tables,Nashville,4,0.2,197.89,-8.62
2019-11-27,Standard Class,Corporate,Central,Office Supplies,Fasteners,Dallas,9,0.2,1116.82,56.71
2019-11-27,First Class,Corporate,Central,Office Supplies,Appliances,Dallas,2,0.1,96.05,6.3
2019-11-27,Second Class,Home Office,South,Technology,Phones,Nashville,3,0.1,260.89,42.65
2019-11-28,Second Class,Consumer,East,Furniture,Chairs,New York City,3,0.0,720.52,16.8
2019-11-28,Second Class,Corporate,Central,Office Supplies,Supplies,Dallas,7,0.0,596.27,35.47
2019-11-28,Standard Class,Corporate,East,Office Supplies,Storage,Philadelphia,6,0.0,396.67,96.61
2019-11-28,Standard Class,Corporate,South,Office Supplies,Appliances,Nashville,1,0.0,100.1,23.61
2019-11-28,Standard Class,Consumer,East,Furniture,Tables,Columbus,9,0.1,1098.11,-30.42
2019-11-29,Standard Class,Home Office,West,Office Supplies,Fasteners,Denver,6,0.0,433.47,48.64
2019-11-29,Standard Class,Consumer,Central,Furniture,Furnishings,Chicago,9,0.0,2415.52,432.98
2019-11-29,Standard Class,Consumer,Central,Technology,Machines,Houston,8,0.0,3597.3,748.27
2019-11-30,Second Class,Consumer,South,Technology,Accessories,Charlotte,5,0.0,2504.23,575.94
2019-11-30,Second Class,Corporate,West,Office Supplies,Supplies,Seattle,8,0.3,491.49,33.75
2019-11-30,First Class,Consumer,Central,Office Supplies,Storage,Dallas,1,0.05,18.9,3.21
2019-11-30,Standard Class,Consumer,East,Office Supplies,Fasteners,Columbus,6,0.0,390.96,26.47
2019-11-30,First Class,Home Office,Central,Furniture,Chairs,Houston,2,0.0,201.71,10.15
2019-12-01,Same Day,Home Office,East,Office Supplies,Envelopes,Columbus,3,0.1,222.78,18.38
2019-12-01,Standard Class,Consumer,West,Furniture,Chairs,San Francisco,7,0.05,731.27,32.11
2019-12-01,Standard Class,Home Office,Central,Office Supplies,Fasteners,Houston,9,0.0,541.25,102.75
2019-12-01,Standard Class,Consumer,East,Office Supplies,Appliances,Boston,8,0.2,644.63,71.6
2019-12-01,Second Class,Consumer,East,Office Supplies,Fasteners,Boston,2,0.3,199.65,-2.03
2019-12-02,Second Class,Consumer,Central,Office Supplies,Labels,Chicago,2,0.0,203.48,42.36
2019-12-02,Standard Class,Corporate,East,Technology,Copiers,Boston,7,0.0,1613.07,231.37
2019-12-02,Second Class,Consumer,West,Office Supplies,Fasteners,Los Angeles,3,0.0,73.45,12.59
2019-12-02,Standard Class,Consumer,Central,Office Supplies,Supplies,Houston,9,0.0,509.01,71.19
2019-12-02,Second Class,Corporate,East,Technology,Phones,Columbus,1,0.15,154.73,24.11
2019-12-02,Second Class,Consumer,Central,Office Supplies,Envelopes,Houston,5,0.1,249.7,30.74
2019-12-02,First Class,Corporate,Central,Office Supplies,Supplies,Minneapolis,4,0.2,278.2,-12.69
2019-12-02,Standard Class,Corporate,West,Technology,Phones,Denver,6,0.2,1542.15,-48.97
2019-12-02,Second Class,Consumer,Central,Office Supplies,Art,Houston,1,0.2,55.9,1.35
2019-12-02,First Class,Consumer,Central,Office Supplies,Paper,Houston,6,0.2,220.62,-1.22
2019-12-02,Second Class,Consumer,East,Technology,Phones,Columbus,6,0.3,1184.65,194.5
2019-12-03,Second Class,Corporate,West,Technology,Machines,San Francisco,8,0.1,1828.62,270.57
2019-12-03,Standard Class,Consumer,East,Technology,Phones,Boston,1,0.15,309.27,38.3
2019-12-03,Standard Class,Corporate,South,Office Supplies,Storage,Miami,3,0.15,53.01,3.71
2019-12-03,Second Class,Corporate,East,Furniture,Bookcases,Columbus,4,0.2,850.78,24.14
2019-12-03,Standard Class,Consumer,South,Furniture,Bookcases,Miami,6,0.15,1752.98,-176.36
2019-12-03,Second Class,Home Office,Central,Office Supplies,Paper,Minneapolis,9,0.05,686.94,75.95
2019-12-03,First Class,Consumer,Central,Furniture,Bookcases,Minneapolis,1,0.0,94.02,8.57
2019-12-04,Standard Class,Corporate,South,Furniture,Chairs,Miami,5,0.0,1169.64,46.77
2019-12-04,First Class,Home Office,Central,Office Supplies,Art,Houston,4,0.0,336.51,22.65
2019-12-04,First Class,Corporate,West,Technology,Copiers,San Francisco,6,0.1,506.98,28.52
2019-12-04,Standard Class,Consumer,East,Office Supplies,Envelopes,Columbus,1,0.0,49.44,2.01
2019-12-04,Standard Class,Consumer,West,Technology,Phones,San Francisco,1,0.0,374.33,91.05
2019-12-04,Second Class,Corporate,West,Office Supplies,Binders,San Francisco,9,0.0,371.02,23.69
2019-12-04,Standard Class,Consumer,East,Furniture,Furnishings,Columbus,1,0.15,278.21,-2.56
2019-12-04,Second Class,Consumer,East,Office Supplies,Envelopes,Columbus,4,0.2,159.14,24.94
2019-12-04,Standard Class,Corporate,West,Technology,Accessories,Los Angeles,2,0.2,291.36,5.05
2019-12-04,Standard Class,Home Office,South,Office Supplies,Envelopes,Nashville,3,0.15,135.05,13.24
2019-12-04,Standard Class,Home Office,South,Office Supplies,Supplies,Miami,5,0.2,182.42,11.51
2019-12-05,Standard Class,Consumer,South,Office Supplies,Storage,Charlotte,2,0.0,138.7,20.47
2019-12-05,First Class,Consumer,East,Technology,Phones,New York City,3,0.15,1444.92,85.13
2019-12-05,Standard Class,Consumer,West,Office Supplies,Art,Denver,6,0.2,171.35,-9.12
2019-12-05,Same Day,Corporate,Central,Office Supplies,Binders,Minneapolis,4,0.0,397.55,60.44
2019-12-05,First Class,Consumer,South,Furniture,Furnishings,Charlotte,9,0.15,1530.64,-24.84
2019-12-05,First Class,Corporate,Central,Office Supplies,Appliances,Minneapolis,4,0.2,98.02,4.07
2019-12-05,Standard Class,Home Office,Central,Furniture,Bookcases,Minneapolis,2,0.05,283.34,18.13
2019-12-05,Standard Class,Consumer,Central,Office Supplies,Paper,Minneapolis,2,0.05,146.76,11.38
2019-12-05,Second Class,Consumer,West,Furniture,Tables,Los Angeles,5,0.0,1116.48,63.12
2019-12-06,Standard Class,Corporate,West,Office Supplies,Storage,Seattle,9,0.2,644.41,-5.46
2019-12-06,Standard Class,Consumer,South,Furniture,Chairs,Atlanta,4,0.15,525.07,-12.48
2019-12-06,Standard Class,Consumer,East,Furniture,Furnishings,New York City,4,0.1,622.07,47.56
2019-12-06,Second Class,Corporate,East,Technology,Machines,Columbus,9,0.0,3190.77,908.77
2019-12-06,Second Class,Corporate,Central,Technology,Accessories,Houston,9,0.15,2787.45,500.76
2019-12-06,Standard Class,Corporate,South,Office Supplies,Fasteners,Miami,5,0.15,352.11,16.75
2019-12-06,Second Class,Consumer,East,Office Supplies,Storage,Columbus,6,0.1,299.0,65.47
2019-12-06,Standard Class,Home Office,West,Office Supplies,Appliances,Seattle,1,0.15,28.23,2.9
2019-12-06,First Class,Home Office,Central,Furniture,Furnishings,Dallas,6,0.2,797.08,45.86
2019-12-06,Standard Class,Consumer,Central,Office Supplies,Binders,Houston,5,0.0,307.51,53.89
2019-12-07,Standard Class,Consumer,South,Furniture,Bookcases,Nashville,3,0.0,738.7,84.21
2019-12-07,Standard Class,Home Office,West,Furniture,Bookcases,Denver,2,0.05,508.7,54.36
2019-12-07,Second Class,Home Office,Central,Office Supplies,Storage,Minneapolis,1,0.05,42.62,3.99
2019-12-07,Standard Class,Consumer,West,Technology,Machines,Seattle,9,0.1,1430.5,84.69
2019-12-08,Standard Class,Home Office,Central,Technology,Accessories,Chicago,5,0.2,753.77,109.87
2019-12-08,Standard Class,Consumer,East,Office Supplies,Art,Columbus,1,0.2,74.45,3.87
2019-12-08,Standard Class,Consumer,South,Office Supplies,Binders,Atlanta,6,0.0,333.94,58.05
2019-12-08,Standard Class,Corporate,South,Office Supplies,Binders,Nashville,6,0.15,217.79,19.22
2019-12-08,Standard Class,Corporate,South,Technology,Phones,Charlotte,5,0.0,1857.59,254.35
2019-12-08,Standard Class,Consumer,South,Office Supplies,Art,Charlotte,6,0.15,146.46,10.26
2019-12-08,First Class,Home Office,West,Office Supplies,Art,San Francisco,9,0.0,250.07,32.97
2019-12-08,Standard Class,Corporate,Central,Technology,Accessories,Minneapolis,4,0.4,1150.57,-100.86
2019-12-09,Standard Class,Corporate,Central,Technology,Accessories,Houston,4,0.2,213.36,34.4
2019-12-09,First Class,Consumer,East,Furniture,Chairs,Boston,3,0.4,220.04,-41.86
2019-12-09,Second Class,Corporate,South,Office Supplies,Labels,Nashville,2,0.3,28.81,-0.21
2019-12-09,Standard Class,Consumer,East,Office Supplies,Labels,New York City,6,0.1,339.97,52.92
2019-12-09,Second Class,Home Office,West,Technology,Copiers,Seattle,5,0.15,1869.93,287.03
2019-12-09,Standard Class,Consumer,West,Technology,Copiers,Los Angeles,4,0.4,795.41,13.08
2019-12-09,Second Class,Consumer,West,Furniture,Furnishings,San Francisco,7,0.1,365.13,0.94
2019-12-09,Standard Class,Home Office,South,Technology,Machines,Nashville,7,0.15,733.92,78.12
2019-12-09,Standard Class,Consumer,Central,Office Supplies,Fasteners,Houston,5,0.1,330.95,39.85
2019-12-09,First Class,Corporate,West,Furniture,Tables,Seattle,7,0.15,1139.96,-74.4
2019-12-09,First Class,Consumer,Central,Technology,Phones,Chicago,4,0.2,295.87,15.71
2019-12-10,Standard Class,Corporate,West,Office Supplies,Paper,San Francisco,9,0.0,899.31,127.69
2019-12-10,First Class,Corporate,West,Office Supplies,Labels,Denver,1,0.3,40.89,-3.88
2019-12-10,Standard Class,Home Office,East,Office Supplies,Appliances,Boston,9,0.2,653.33,1.09
2019-12-10,Second Class,Consumer,Central,Office Supplies,Storage,Minneapolis,1,0.05,60.15,11.21
2019-12-10,First Class,Consumer,East,Office Supplies,Appliances,Boston,9,0.1,582.7,100.03
2019-12-10,Standard Class,Consumer,South,Furniture,Bookcases,Nashville,4,0.2,1544.92,-201.37
2019-12-10,Second Class,Consumer,South,Office Supplies,Binders,Charlotte,8,0.0,276.96,68.72
2019-12-10,Second Class,Corporate,West,Furniture,Chairs,San Francisco,8,0.3,242.39,-29.2
2019-12-11,Second Class,Corporate,West,Office Supplies,Fasteners,Seattle,2,0.1,244.66,45.83
2019-12-11,Standard Class,Consumer,East,Office Supplies,Storage,Philadelphia,3,0.05,185.67,19.57
2019-12-11,First Class,Consumer,Central,Office Supplies,Fasteners,Dallas,7,0.4,178.4,-2.11
2019-12-11,Standard Class,Consumer,West,Furniture,Furnishings,Seattle,3,0.15,361.82,-14.6
2019-12-11,Standard Class,Corporate,West,Office Supplies,Art,Seattle,8,0.15,248.4,52.0
2019-12-11,Same Day,Corporate,South,Furniture,Chairs,Nashville,7,0.15,631.21,-62.72
2019-12-12,Standard Class,Consumer,East,Office Supplies,Envelopes,Boston,9,0.1,414.31,10.24
2019-12-12,Same Day,Consumer,Central,Office Supplies,Fasteners,Minneapolis,1,0.05,37.84,4.89
2019-12-12,Second Class,Corporate,West,Furniture,Furnishings,Seattle,2,0.0,466.56,-36.25
2019-12-12,Standard Class,Consumer,East,Technology,Accessories,Columbus,9,0.0,2829.25,872.75
2019-12-12,First Class,Consumer,Central,Furniture,Chairs,Minneapolis,2,0.05,565.98,21.34
2019-12-12,First Class,Consumer,Central,Office Supplies,Supplies,Houston,1,0.2,65.89,4.46
2019-12-12,Second Class,Home Office,West,Office Supplies,Fasteners,Seattle,2,0.15,124.55,4.49
2019-12-12,Second Class,Consumer,West,Furniture,Chairs,San Francisco,7,0.0,2618.14,137.88
2019-12-12,Standard Class,Consumer,West,Office Supplies,Appliances,San Francisco,7,0.05,117.64,18.1
2019-12-13,Same Day,Consumer,East,Office Supplies,Paper,Boston,2,0.0,41.93,5.09
2019-12-13,Second Class,Corporate,Central,Furniture,Bookcases,Minneapolis,2,0.15,485.35,1.05
2019-12-13,Second Class,Consumer,East,Office Supplies,Envelopes,Columbus,2,0.15,133.84,-4.66
2019-12-13,Standard Class,Consumer,East,Furniture,Tables,Philadelphia,7,0.1,1743.3,174.5
2019-12-13,Standard Class,Consumer,Central,Office Supplies,Fasteners,Houston,5,0.15,121.18,10.21
2019-12-13,Standard Class,Consumer,West,Office Supplies,Binders,Los Angeles,6,0.2,177.35,15.1
2019-12-13,Standard Class,Consumer,South,Furniture,Tables,Nashville,9,0.0,1256.53,161.09
2019-12-14,Standard Class,Home Office,East,Office Supplies,Fasteners,Boston,4,0.15,80.62,9.85
2019-12-14,First Class,Consumer,Central,Furniture,Furnishings,Houston,5,0.0,1106.33,64.5
2019-12-14,Standard Class,Consumer,South,Furniture,Bookcases,Atlanta,9,0.1,660.18,-31.77
2019-12-14,Second Class,Consumer,South,Technology,Phones,Miami,5,0.0,1396.09,416.65
2019-12-14,Standard Class,Corporate,East,Furniture,Chairs,Columbus,8,0.4,880.55,-233.97
2019-12-14,Same Day,Consumer,East,Technology,Phones,New York City,5,0.0,1068.5,311.71
2019-12-15,Second Class,Consumer,West,Technology,Machines,Los Angeles,4,0.05,1894.29,369.19
2019-12-15,Standard Class,Consumer,West,Technology,Copiers,Denver,7,0.1,1562.37,285.97
2019-12-15,First Class,Consumer,Central,Office Supplies,Appliances,Minneapolis,2,0.1,70.34,7.21
2019-12-15,Standard Class,Corporate,Central,Office Supplies,Art,Houston,6,0.0,244.87,49.32
2019-12-15,Second Class,Corporate,West,Technology,Machines,Denver,5,0.1,678.21,43.45
2019-12-15,Standard Class,Consumer,East,Office Supplies,Supplies,New York City,9,0.2,162.07,25.42
2019-12-15,First Class,Home Office,Central,Office Supplies,Art,Minneapolis,1,0.0,41.12,6.05
2019-12-15,Standard Class,Consumer,South,Office Supplies,Paper,Charlotte,1,0.15,36.66,3.45
2019-12-15,First Class,Corporate,East,Furniture,Furnishings,Columbus,1,0.15,63.04,4.11
2019-12-15,Standard Class,Consumer,West,Technology,Copiers,San Francisco,3,0.1,382.18,63.83
2019-12-16,Standard Class,Consumer,South,Technology,Machines,Nashville,3,0.05,508.34,100.04
2019-12-17,First Class,Home Office,West,Office Supplies,Paper,Los Angeles,9,0.2,829.44,19.61
2019-12-17,Second Class,Corporate,East,Office Supplies,Labels,Philadelphia,2,0.1,63.41,2.25
2019-12-17,Standard Class,Corporate,West,Office Supplies,Paper,Los Angeles,9,0.0,671.84,121.32
2019-12-17,Standard Class,Consumer,East,Office Supplies,Storage,Boston,9,0.15,280.95,29.53
2019-12-17,Standard Class,Corporate,East,Office Supplies,Envelopes,Philadelphia,5,0.1,482.12,22.12
2019-12-17,Standard Class,Consumer,West,Office Supplies,Envelopes,Denver,4,0.1,81.08,3.39
2019-12-17,Standard Class,Consumer,East,Office Supplies,Supplies,Boston,6,0.1,559.72,37.92
2019-12-18,Standard Class,Home Office,East,Office Supplies,Storage,New York City,7,0.0,1050.1,67.75
2019-12-18,Standard Class,Consumer,West,Office Supplies,Paper,San Francisco,5,0.15,282.47,31.38
2019-12-19,First Class,Corporate,East,Office Supplies,Fasteners,Boston,2,0.2,69.98,2.91
2019-12-19,Standard Class,Consumer,East,Furniture,Furnishings,Boston,8,0.2,3505.87,117.25
2019-12-19,Standard Class,Home Office,East,Technology,Phones,Philadelphia,3,0.1,602.25,127.49
2019-12-19,Standard Class,Consumer,West,Office Supplies,Envelopes,Los Angeles,9,0.15,593.88,-17.65
2019-12-19,Standard Class,Consumer,East,Office Supplies,Fasteners,Philadelphia,7,0.2,559.57,-43.24
2019-12-19,Standard Class,Corporate,West,Office Supplies,Storage,Los Angeles,4,0.05,164.68,28.46
2019-12-20,Standard Class,Home Office,West,Office Supplies,Art,Denver,4,0.2,248.5,2.0
2019-12-20,First Class,Corporate,East,Furniture,Furnishings,Boston,3,0.15,224.96,1.47
2019-12-20,Standard Class,Corporate,East,Office Supplies,Appliances,Columbus,5,0.0,392.48,51.04
2019-12-20,Standard Class,Consumer,Central,Furniture,Tables,Houston,9,0.15,1505.9,-57.75
2019-12-20,Standard Class,Corporate,West,Technology,Machines,Los Angeles,6,0.05,852.51,203.42
2019-12-21,First Class,Consumer,East,Office Supplies,Storage,Columbus,1,0.0,77.1,22.46
2019-12-21,Standard Class,Home Office,Central,Office Supplies,Binders,Minneapolis,2,0.0,173.36,27.96
2019-12-21,Standard Class,Home Office,Central,Technology,Phones,Dallas,1,0.05,330.8,48.35
2019-12-21,Standard Class,Home Office,Central,Technology,Machines,Dallas,5,0.2,763.87,120.49
2019-12-21,Second Class,Corporate,East,Furniture,Chairs,New York City,5,0.1,1338.78,-0.54
2019-12-21,Standard Class,Consumer,South,Office Supplies,Labels,Charlotte,4,0.1,364.56,35.19
2019-12-21,Standard Class,Consumer,East,Furniture,Bookcases,New York City,4,0.1,92.88,-2.01
2019-12-22,Second Class,Consumer,South,Office Supplies,Envelopes,Miami,9,0.0,343.27,44.93
2019-12-22,Second Class,Corporate,South,Technology,Phones,Atlanta,1,0.05,141.78,25.93
2019-12-22,Same Day,Consumer,East,Office Supplies,Supplies,Philadelphia,4,0.1,202.11,14.16
2019-12-22,Second Class,Consumer,Central,Technology,Phones,Chicago,4,0.4,514.47,-12.63
2019-12-22,Second Class,Consumer,West,Office Supplies,Supplies,Los Angeles,9,0.0,1176.46,220.02
2019-12-23,Standard Class,Consumer,Central,Office Supplies,Envelopes,Chicago,4,0.1,584.15,60.86
2019-12-23,Standard Class,Consumer,West,Office Supplies,Paper,San Francisco,5,0.0,359.21,99.19
2019-12-23,Standard Class,Consumer,West,Office Supplies,Art,San Francisco,6,0.15,317.35,-7.79
2019-12-24,First Class,Consumer,West,Technology,Copiers,Los Angeles,2,0.0,341.16,95.08
2019-12-24,Same Day,Consumer,West,Office Supplies,Supplies,Los Angeles,5,0.15,107.92,10.94
2019-12-24,First Class,Consumer,West,Office Supplies,Supplies,San Francisco,4,0.2,81.88,7.81
2019-12-24,Second Class,Corporate,Central,Office Supplies,Fasteners,Houston,8,0.2,340.91,17.72
2019-12-24,First Class,Consumer,Central,Office Supplies,Appliances,Houston,8,0.0,157.44,20.07
2019-12-24,Second Class,Consumer,Central,Office Supplies,Labels,Dallas,2,0.0,76.99,5.1
2019-12-24,Standard Class,Consumer,West,Office Supplies,Fasteners,Denver,5,0.15,108.88,4.41
2019-12-24,Standard Class,Consumer,Central,Furniture,Chairs,Houston,8,0.4,475.65,-48.94
2019-12-25,Second Class,Corporate,Central,Office Supplies,Fasteners,Houston,1,0.15,35.76,-1.49
2019-12-25,Second Class,Consumer,Central,Office Supplies,Paper,Dallas,9,0.15,392.67,29.71
2019-12-25,Same Day,Corporate,Central,Furniture,Bookcases,Houston,4,0.15,510.28,39.8
2019-12-25,Same Day,Home Office,East,Technology,Copiers,New York City,9,0.2,1565.43,237.22
2019-12-25,Standard Class,Consumer,Central,Office Supplies,Labels,Chicago,3,0.0,132.75,19.34
2019-12-25,First Class,Consumer,West,Technology,Accessories,Seattle,1,0.0,322.0,30.01
2019-12-25,Standard Class,Consumer,Central,Office Supplies,Paper,Houston,8,0.2,291.9,31.59
2019-12-25,Standard Class,Corporate,East,Technology,Copiers,New York City,8,0.2,1253.83,331.18
2019-12-26,Second Class,Consumer,East,Office Supplies,Binders,Philadelphia,3,0.05,251.64,27.56
2019-12-26,Second Class,Corporate,East,Office Supplies,Labels,New York City,9,0.1,203.99,-0.04
2019-12-26,Standard Class,Corporate,Central,Office Supplies,Storage,Chicago,5,0.1,360.58,15.9
2019-12-26,Standard Class,Home Office,East,Office Supplies,Labels,Philadelphia,8,0.1,976.31,68.96
2019-12-26,Standard Class,Home Office,West,Technology,Phones,Los Angeles,8,0.1,2133.72,390.58
2019-12-26,Standard Class,Consumer,Central,Office Supplies,Storage,Minneapolis,9,0.0,1260.22,88.58
2019-12-26,Second Class,Home Office,East,Office Supplies,Appliances,Columbus,5,0.15,155.04,13.08
2019-12-27,Standard Class,Consumer,West,Office Supplies,Fasteners,San Francisco,1,0.1,19.75,2.13
2019-12-28,Standard Class,Consumer,West,Technology,Phones,Los Angeles,2,0.0,214.83,22.76
2019-12-28,Standard Class,Consumer,East,Office Supplies,Appliances,Boston,4,0.3,357.17,37.85
2019-12-28,Standard Class,Consumer,East,Office Supplies,Fasteners,New York City,2,0.0,143.71,33.09
2019-12-28,Standard Class,Consumer,South,Furniture,Furnishings,Nashville,9,0.2,2959.36,-10.97
2019-12-28,First Class,Consumer,East,Technology,Accessories,Boston,9,0.1,2024.0,384.33
2019-12-28,Second Class,Corporate,West,Office Supplies,Storage,Seattle,2,0.0,241.11,23.83
2019-12-28,Standard Class,Corporate,South,Office Supplies,Fasteners,Charlotte,1,0.1,50.66,5.06
2019-12-29,Standard Class,Consumer,Central,Office Supplies,Fasteners,Minneapolis,4,0.1,365.91,32.23
2019-12-29,Standard Class,Corporate,East,Technology,Accessories,Boston,5,0.3,632.69,61.33
2019-12-29,First Class,Consumer,Central,Technology,Machines,Houston,5,0.1,2141.1,392.54
2019-12-29,Standard Class,Home Office,West,Furniture,Furnishings,Los Angeles,5,0.3,236.5,-17.37
2019-12-29,Standard Class,Corporate,Central,Furniture,Furnishings,Houston,8,0.3,1458.63,-133.56
2019-12-29,Standard Class,Consumer,West,Furniture,Bookcases,Denver,8,0.2,746.2,-33.17
2019-12-30,Standard Class,Consumer,South,Technology,Copiers,Atlanta,8,0.3,1593.74,-40.13
2019-12-30,Standard Class,Consumer,West,Office Supplies,Fasteners,Seattle,5,0.0,166.79,27.51
2019-12-30,Standard Class,Consumer,Central,Technology,Copiers,Houston,5,0.1,1304.83,132.16
2019-12-30,Standard Class,Consumer,East,Furniture,Furnishings,New York City,1,0.3,75.39,-10.29
2019-12-30,Standard Class,Consumer,West,Office Supplies,Art,San Francisco,8,0.1,384.01,61.22
2019-12-30,Standard Class,Corporate,Central,Office Supplies,Storage,Minneapolis,9,0.05,433.02,75.57
2019-12-30,Standard Class,Corporate,East,Office Supplies,Paper,Philadelphia,4,0.4,68.69,-9.34
2019-12-30,Standard Class,Corporate,South,Office Supplies,Supplies,Charlotte,3,0.4,239.11,-29.91
2019-12-30,Second Class,Corporate,East,Technology,Machines,New York City,5,0.1,2017.74,310.16
2019-12-30,Standard Class,Consumer,East,Technology,Accessories,Philadelphia,7,0.15,800.99,37.09
2019-12-30,Standard Class,Consumer,East,Office Supplies,Storage,Boston,8,0.0,507.72,65.0
2019-12-30,Standard Class,Consumer,South,Office Supplies,Envelopes,Miami,2,0.0,72.7,16.27
2019-12-30,Standard Class,Corporate,West,Office Supplies,Labels,San Francisco,8,0.1,171.33,8.47
2019-12-31,Standard Class,Consumer,East,Technology,Accessories,Columbus,5,0.05,1759.07,265.88
2019-12-31,First Class,Home Office,West,Technology,Phones,Denver,9,0.0,646.18,106.0
2019-12-31,Second Class,Consumer,West,Furniture,Furnishings,San Francisco,4,0.0,624.83,60.71
2019-12-31,Standard Class,Corporate,East,Office Supplies,Art,Boston,7,0.05,381.57,74.51
2019-12-31,Standard Class,Consumer,East,Office Supplies,Binders,Boston,1,0.0,26.37,1.19
2020-01-01,Standard Class,Home Office,East,Furniture,Chairs,Philadelphia,6,0.15,831.84,8.42
2020-01-01,First Class,Consumer,East,Furniture,Bookcases,Columbus,2,0.05,713.84,28.71
2020-01-01,Standard Class,Consumer,Central,Office Supplies,Labels,Dallas,2,0.15,172.14,15.31
2020-01-01,Second Class,Consumer,West,Technology,Copiers,San Francisco,1,0.0,260.1,50.82
2020-01-01,First Class,Consumer,Central,Office Supplies,Appliances,Houston,8,0.0,678.81,124.56
2020-01-01,Second Class,Consumer,South,Office Supplies,Paper,Nashville,5,0.0,170.01,34.49
2020-01-01,Standard Class,Home Office,West,Office Supplies,Paper,Denver,8,0.2,293.93,-16.84
2020-01-02,Second Class,Consumer,East,Furniture,Furnishings,Philadelphia,8,0.0,734.96,18.81
2020-01-02,Standard Class,Consumer,West,Furniture,Furnishings,San Francisco,4,0.1,835.04,74.16
2020-01-02,Standard Class,Corporate,West,Office Supplies,Supplies,Los Angeles,4,0.3,195.38,5.84
2020-01-02,Standard Class,Consumer,East,Furniture,Tables,Boston,1,0.2,142.86,-4.03
2020-01-02,Standard Class,Home Office,Central,Office Supplies,Appliances,Dallas,7,0.0,352.53,52.62
2020-01-03,Same Day,Consumer,West,Technology,Phones,Los Angeles,6,0.2,899.22,155.74
2020-01-03,First Class,Corporate,East,Furniture,Furnishings,New York City,3,0.2,324.58,-16.76
2020-01-03,Standard Class,Corporate,Central,Office Supplies,Storage,Chicago,6,0.1,331.27,48.27
2020-01-03,Standard Class,Home Office,West,Technology,Phones,Los Angeles,2,0.05,503.8,100.46
2020-01-03,Second Class,Consumer,South,Office Supplies,Paper,Miami,9,0.0,294.16,46.41
2020-01-03,Standard Class,Consumer,West,Furniture,Chairs,San Francisco,9,0.15,1723.88,109.85
2020-01-03,Standard Class,Consumer,Central,Office Supplies,Fasteners,Chicago,8,0.05,470.18,61.9
2020-01-03,Standard Class,Corporate,Central,Office Supplies,Labels,Chicago,1,0.2,58.99,11.42
2020-01-03,Standard Class,Corporate,Central,Technology,Phones,Dallas,1,0.15,233.64,20.74
2020-01-03,Standard Class,Consumer,East,Office Supplies,Binders,New York City,5,0.2,154.03,-0.8
2020-01-04,Second Class,Consumer,West,Office Supplies,Fasteners,Seattle,8,0.0,906.79,8.17
2020-01-04,First Class,Consumer,East,Furniture,Bookcases,Columbus,8,0.1,2375.57,58.11
2020-01-04,Second Class,Corporate,Central,Office Supplies,Binders,Minneapolis,1,0.0,43.57,9.87
2020-01-04,Second Class,Consumer,West,Technology,Copiers,Los Angeles,6,0.1,863.54,116.11
2020-01-04,Second Class,Corporate,East,Technology,Machines,Columbus,4,0.3,457.37,52.03
2020-01-04,Standard Class,Consumer,West,Technology,Phones,Denver,5,0.0,429.67,101.94
2020-01-04,Standard Class,Consumer,West,Office Supplies,Binders,Denver,6,0.2,279.25,12.2
2020-01-04,Standard Class,Home Office,South,Office Supplies,Supplies,Miami,7,0.15,193.83,11.57
2020-01-04,Second Class,Consumer,West,Furniture,Chairs,Denver,9,0.3,1515.72,-142.46
2020-01-05,Standard Class,Consumer,South,Office Supplies,Art,Charlotte,1,0.2,29.28,1.98
2020-01-05,First Class,Consumer,Central,Technology,Machines,Chicago,5,0.1,868.21,99.56
2020-01-05,Standard Class,Home Office,West,Office Supplies,Appliances,Los Angeles,8,0.2,377.82,28.48
2020-01-05,Standard Class,Consumer,East,Technology,Accessories,Columbus,2,0.15,164.49,15.68
2020-01-05,Standard Class,Consumer,West,Office Supplies,Paper,Seattle,2,0.0,128.71,27.61
2020-01-05,Standard Class,Corporate,East,Office Supplies,Envelopes,Columbus,6,0.15,706.42,91.32
2020-01-05,Standard Class,Corporate,West,Furniture,Bookcases,San Francisco,3,0.1,598.29,-34.58
2020-01-05,Second Class,Consumer,West,Office Supplies,Labels,Denver,1,0.0,93.52,8.99
2020-01-05,Standard Class,Consumer,West,Furniture,Chairs,Denver,1,0.0,135.68,4.62
2020-01-06,Same Day,Corporate,West,Office Supplies,Supplies,San Francisco,8,0.0,189.03,46.58
2020-01-06,Standard Class,Consumer,West,Technology,Machines,Seattle,1,0.2,243.17,19.27
2020-01-06,Second Class,Consumer,South,Office Supplies,Labels,Charlotte,1,0.0,51.16,4.57
2020-01-06,First Class,Consumer,East,Office Supplies,Supplies,Columbus,1,0.2,33.55,2.35
2020-01-06,Standard Class,Consumer,West,Furniture,Bookcases,Denver,4,0.2,382.83,-27.86
2020-01-06,Standard Class,Corporate,East,Office Supplies,Appliances,Columbus,4,0.2,161.44,-9.57
2020-01-06,Standard Class,Home Office,East,Office Supplies,Paper,Philadelphia,8,0.3,454.38,2.2
2020-01-06,Standard Class,Consumer,East,Office Supplies,Labels,New York City,8,0.0,220.59,48.6
2020-01-06,Standard Class,Consumer,East,Furniture,Tables,New York City,4,0.2,179.97,-5.61
2020-01-07,Standard Class,Home Office,South,Technology,Copiers,Charlotte,2,0.4,592.23,35.0
2020-01-07,Standard Class,Consumer,East,Office Supplies,Paper,Philadelphia,7,0.0,281.78,61.56
2020-01-07,Second Class,Consumer,Central,Office Supplies,Storage,Houston,8,0.0,330.25,5.07
2020-01-07,Standard Class,Corporate,South,Office Supplies,Fasteners,Charlotte,5,0.1,253.12,58.8
2020-01-07,Standard Class,Corporate,West,Technology,Phones,Denver,7,0.0,1083.35,100.55
2020-01-07,Standard Class,Consumer,West,Furniture,Furnishings,San Francisco,9,0.0,3841.54,128.41
2020-01-07,Standard Class,Consumer,South,Office Supplies,Storage,Atlanta,6,0.2,338.05,28.91
2020-01-07,First Class,Corporate,Central,Office Supplies,Labels,Dallas,6,0.15,1033.2,99.63
2020-01-07,Standard Class,Consumer,Central,Furniture,Chairs,Chicago,1,0.2,103.34,3.56
2020-01-07,Standard Class,Corporate,West,Technology,Copiers,Los Angeles,1,0.05,394.56,33.84
2020-01-08,Standard Class,Corporate,West,Office Supplies,Paper,Los Angeles,7,0.05,312.17,28.54
2020-01-09,Standard Class,Corporate,South,Office Supplies,Binders,Atlanta,6,0.1,302.33,24.66
2020-01-09,First Class,Consumer,South,Office Supplies,Fasteners,Atlanta,2,0.1,107.69,13.58
2020-01-09,Standard Class,Corporate,Central,Furniture,Tables,Dallas,5,0.15,406.58,10.96
2020-01-09,Standard Class,Consumer,East,Furniture,Furnishings,Philadelphia,9,0.0,2008.67,133.7
2020-01-09,Standard Class,Corporate,East,Office Supplies,Art,New York City,6,0.15,176.69,-4.89
2020-01-09,Standard Class,Consumer,West,Office Supplies,Paper,Los Angeles,7,0.0,640.8,122.21
2020-01-09,First Class,Consumer,West,Technology,Phones,Los Angeles,8,0.0,1454.67,196.28
2020-01-09,Standard Class,Corporate,West,Office Supplies,Envelopes,Seattle,2,0.0,89.09,13.2
2020-01-10,Standard Class,Corporate,East,Office Supplies,Art,New York City,5,0.1,153.2,27.05
2020-01-10,Standard Class,Home Office,West,Furniture,Furnishings,Seattle,1,0.05,213.83,21.84
2020-01-10,Standard Class,Consumer,West,Furniture,Furnishings,Seattle,7,0.3,1428.27,-35.73
2020-01-11,Standard Class,Home Office,East,Technology,Accessories,Columbus,3,0.15,999.63,133.34
2020-01-11,Same Day,Consumer,South,Office Supplies,Paper,Charlotte,5,0.0,281.85,61.43
2020-01-11,Standard Class,Corporate,West,Technology,Copiers,Denver,7,0.0,2235.27,371.58
2020-01-11,Second Class,Consumer,Central,Office Supplies,Paper,Dallas,8,0.2,88.9,-1.97
2020-01-11,Standard Class,Consumer,West,Office Supplies,Art,Seattle,9,0.15,2307.76,354.12
2020-01-11,Standard Class,Consumer,East,Technology,Phones,New York City,5,0.05,5868.1,766.34
2020-01-11,First Class,Consumer,West,Office Supplies,Appliances,San Francisco,9,0.0,886.44,117.36
2020-01-11,Standard Class,Consumer,West,Office Supplies,Storage,Denver,3,0.1,149.72,6.63
2020-01-11,Second Class,Consumer,South,Furniture,Tables,Nashville,9,0.2,997.43,-15.38
2020-01-12,Standard Class,Corporate,South,Office Supplies,Storage,Nashville,6,0.1,593.4,69.27
2020-01-12,Same Day,Consumer,West,Office Supplies,Appliances,San Francisco,6,0.3,154.17,-19.29
2020-01-12,Standard Class,Corporate,South,Office Supplies,Paper,Atlanta,7,0.05,255.49,55.72
2020-01-12,Standard Class,Corporate,East,Office Supplies,Appliances,Boston,6,0.1,363.03,28.78
2020-01-12,First Class,Consumer,Central,Office Supplies,Supplies,Houston,7,0.1,359.36,11.09
2020-01-12,Standard Class,Consumer,West,Office Supplies,Envelopes,Seattle,8,0.4,646.97,-34.82
2020-01-12,Second Class,Consumer,East,Office Supplies,Storage,New York City,9,0.2,370.46,35.77
2020-01-12,Second Class,Corporate,Central,Furniture,Furnishings,Houston,9,0.15,1041.23,-15.36
2020-01-12,Standard Class,Consumer,West,Office Supplies,Envelopes,Seattle,5,0.1,482.29,111.03
2020-01-12,Second Class,Consumer,South,Office Supplies,Appliances,Miami,2,0.15,60.54,6.53
2020-01-12,Standard Class,Consumer,East,Furniture,Tables,New York City,2,0.2,168.63,6.05
2020-01-13,Second Class,Home Office,West,Technology,Machines,Denver,1,0.4,288.93,-13.62
2020-01-13,Standard Class,Consumer,Central,Office Supplies,Appliances,Houston,5,0.05,346.93,61.85
2020-01-13,First Class,Consumer,West,Office Supplies,Binders,Seattle,7,0.0,469.8,59.33
2020-01-13,Standard Class,Corporate,South,Office Supplies,Storage,Miami,4,0.0,303.54,78.03
2020-01-13,Standard Class,Consumer,Central,Office Supplies,Appliances,Chicago,1,0.0,65.54,16.03
2020-01-13,Standard Class,Corporate,East,Furniture,Chairs,Philadelphia,7,0.0,1420.27,230.52
2020-01-13,Standard Class,Consumer,West,Office Supplies,Binders,Los Angeles,6,0.1,446.57,10.87
2020-01-14,Standard Class,Consumer,South,Technology,Copiers,Charlotte,9,0.2,1477.14,3.04
2020-01-14,Standard Class,Consumer,East,Office Supplies,Envelopes,Boston,9,0.15,746.9,-87.97
2020-01-14,Second Class,Home Office,Central,Furniture,Chairs,Dallas,8,0.15,1179.48,-60.13
2020-01-14,First Class,Corporate,Central,Technology,Machines,Chicago,1,0.2,317.33,53.42
2020-01-14,Standard Class,Corporate,East,Office Supplies,Storage,Philadelphia,4,0.0,840.19,121.49
2020-01-14,Second Class,Home Office,South,Office Supplies,Binders,Charlotte,1,0.4,29.11,-0.11
2020-01-14,Second Class,Home Office,South,Technology,Phones,Charlotte,2,0.3,119.35,12.28
2020-01-15,Standard Class,Corporate,West,Office Supplies,Appliances,San Francisco,7,0.15,1123.56,138.39
2020-01-16,First Class,Consumer,West,Office Supplies,Envelopes,Denver,7,0.0,728.6,93.29
2020-01-16,Standard Class,Consumer,South,Office Supplies,Envelopes,Nashville,6,0.1,1171.64,74.63
2020-01-16,Standard Class,Consumer,South,Technology,Accessories,Atlanta,7,0.15,1153.76,54.54
2020-01-17,Second Class,Consumer,Central,Office Supplies,Storage,Minneapolis,9,0.2,332.04,20.06
2020-01-17,Standard Class,Consumer,West,Office Supplies,Appliances,Denver,6,0.2,375.89,14.8
2020-01-17,Same Day,Corporate,South,Office Supplies,Appliances,Charlotte,5,0.2,172.83,5.66
2020-01-17,Standard Class,Consumer,South,Office Supplies,Appliances,Atlanta,3,0.15,248.84,13.18
2020-01-17,First Class,Consumer,Central,Technology,Machines,Chicago,8,0.1,898.04,201.38
2020-01-17,Standard Class,Corporate,East,Office Supplies,Storage,Columbus,4,0.2,129.96,0.86
2020-01-17,First Class,Corporate,West,Furniture,Chairs,Seattle,4,0.4,443.55,-57.91
2020-01-18,Standard Class,Consumer,East,Office Supplies,Supplies,Columbus,2,0.1,106.03,0.97
2020-01-18,First Class,Consumer,East,Office Supplies,Appliances,Boston,4,0.2,192.94,-23.18
2020-01-18,Second Class,Consumer,Central,Office Supplies,Paper,Houston,6,0.0,213.53,29.57
2020-01-18,First Class,Corporate,South,Furniture,Bookcases,Atlanta,9,0.1,1668.11,14.15
2020-01-18,Standard Class,Corporate,East,Technology,Accessories,Columbus,7,0.05,1151.19,185.3
2020-01-18,Standard Class,Consumer,Central,Office Supplies,Paper,Houston,4,0.3,374.28,21.29
2020-01-18,Standard Class,Consumer,Central,Office Supplies,Appliances,Chicago,9,0.05,539.54,7.24
2020-01-19,Standard Class,Consumer,West,Technology,Accessories,Denver,4,0.2,1615.21,309.33
2020-01-19,Standard Class,Consumer,West,Office Supplies,Appliances,Seattle,1,0.05,37.32,3.36
2020-01-19,Standard Class,Consumer,East,Furniture,Bookcases,Boston,2,0.2,817.03,-63.17
2020-01-19,Standard Class,Consumer,West,Office Supplies,Labels,Los Angeles,2,0.15,81.04,14.3
2020-01-19,Standard Class,Consumer,Central,Furniture,Furnishings,Dallas,1,0.1,374.05,-18.23
2020-01-19,Standard Class,Consumer,East,Furniture,Furnishings,New York City,1,0.0,224.42,38.35
2020-01-19,Standard Class,Consumer,West,Technology,Accessories,Los Angeles,4,0.0,2485.87,381.97
2020-01-19,Standard Class,Consumer,Central,Office Supplies,Storage,Houston,9,0.05,283.3,39.95
2020-01-19,Standard Class,Home Office,West,Office Supplies,Labels,Denver,4,0.2,242.85,-2.52
2020-01-19,Standard Class,Consumer,West,Furniture,Bookcases,San Francisco,1,0.3,200.3,-6.06
2020-01-19,Standard Class,Consumer,East,Technology,Copiers,Columbus,3,0.3,428.14,38.37
2020-01-19,Second Class,Consumer,East,Office Supplies,Envelopes,New York City,1,0.15,94.26,1.88
2020-01-19,Standard Class,Corporate,East,Office Supplies,Labels,Philadelphia,9,0.2,406.69,35.57
2020-01-20,Second Class,Corporate,East,Technology,Phones,Columbus,1,0.0,185.35,40.63
2020-01-20,Second Class,Consumer,South,Office Supplies,Paper,Atlanta,7,0.2,263.34,19.61
2020-01-20,Standard Class,Consumer,West,Furniture,Tables,San Francisco,3,0.0,485.85,65.84
2020-01-20,Standard Class,Consumer,West,Furniture,Chairs,San Francisco,9,0.1,1210.13,83.49
2020-01-20,Second Class,Consumer,East,Furniture,Tables,Columbus,8,0.0,2436.05,258.08
2020-01-20,Standard Class,Consumer,East,Office Supplies,Storage,Columbus,6,0.0,341.71,65.27
2020-01-21,Same Day,Consumer,West,Technology,Machines,Denver,2,0.15,628.64,8.12
2020-01-21,First Class,Home Office,South,Furniture,Bookcases,Miami,3,0.0,1105.03,133.33
2020-01-21,Standard Class,Home Office,West,Office Supplies,Binders,San Francisco,6,0.15,111.56,-2.67
2020-01-21,Standard Class,Corporate,East,Technology,Accessories,Philadelphia,8,0.0,1162.6,290.25
2020-01-22,Standard Class,Corporate,West,Technology,Copiers,Los Angeles,1,0.1,203.02,22.52
2020-01-22,Second Class,Consumer,South,Office Supplies,Binders,Miami,7,0.0,459.85,87.85
2020-01-22,Standard Class,Corporate,Central,Technology,Phones,Chicago,1,0.3,149.43,-3.3
2020-01-22,Standard Class,Consumer,West,Technology,Accessories,San Francisco,8,0.1,1972.41,249.94
2020-01-22,Standard Class,Corporate,South,Office Supplies,Binders,Nashville,8,0.0,503.02,65.29
2020-01-22,Standard Class,Consumer,West,Office Supplies,Storage,Seattle,9,0.1,359.73,9.03
2020-01-22,Standard Class,Consumer,West,Office Supplies,Supplies,Seattle,2,0.2,151.91,14.13
2020-01-22,Standard Class,Consumer,Central,Technology,Copiers,Chicago,2,0.2,523.88,119.87
2020-01-22,Standard Class,Home Office,West,Office Supplies,Art,Los Angeles,4,0.2,212.88,17.4
2020-01-23,Same Day,Home Office,East,Office Supplies,Envelopes,Columbus,3,0.2,170.75,3.75
2020-01-23,Standard Class,Consumer,East,Office Supplies,Appliances,New York City,3,0.0,286.3,25.73
2020-01-23,Standard Class,Consumer,East,Furniture,Furnishings,Philadelphia,4,0.2,1086.45,-101.87
2020-01-23,Standard Class,Home Office,East,Office Supplies,Binders,Columbus,7,0.2,274.54,12.28
2020-01-23,Second Class,Consumer,Central,Office Supplies,Paper,Minneapolis,3,0.1,248.82,25.61
2020-01-23,Standard Class,Consumer,West,Furniture,Chairs,Denver,4,0.2,435.04,1.57
2020-01-23,Standard Class,Corporate,East,Office Supplies,Binders,Philadelphia,7,0.2,225.64,29.06
2020-01-23,Standard Class,Corporate,Central,Office Supplies,Fasteners,Houston,6,0.2,316.47,43.14
2020-01-23,Standard Class,Consumer,Central,Technology,Phones,Dallas,5,0.05,506.6,103.79
2020-01-23,Standard Class,Corporate,East,Technology,Accessories,Philadelphia,8,0.3,3888.36,-66.76
2020-01-24,Standard Class,Home Office,Central,Furniture,Chairs,Houston,9,0.1,1359.91,164.14
2020-01-24,Second Class,Corporate,South,Office Supplies,Fasteners,Miami,3,0.3,84.03,-1.05
2020-01-24,Standard Class,Consumer,Central,Office Supplies,Envelopes,Chicago,8,0.1,175.05,24.44
2020-01-24,Second Class,Consumer,East,Furniture,Tables,Columbus,5,0.1,1544.51,33.98
2020-01-24,First Class,Consumer,Central,Technology,Copiers,Chicago,6,0.15,1303.69,180.6
2020-01-24,Standard Class,Corporate,Central,Office Supplies,Supplies,Chicago,8,0.1,369.92,43.44
2020-01-25,Second Class,Consumer,Central,Office Supplies,Art,Chicago,9,0.2,426.3,24.82
2020-01-25,Second Class,Home Office,East,Office Supplies,Storage,Philadelphia,7,0.05,295.99,46.67
2020-01-25,Second Class,Corporate,Central,Office Supplies,Art,Dallas,9,0.3,250.36,14.79
2020-01-25,Second Class,Home Office,West,Office Supplies,Binders,Los Angeles,7,0.1,1156.67,30.31
2020-01-25,Second Class,Home Office,Central,Furniture,Furnishings,Chicago,9,0.2,2919.49,76.45
2020-01-25,First Class,Home Office,Central,Furniture,Furnishings,Minneapolis,8,0.15,1083.64,54.41
2020-01-25,Standard Class,Consumer,Central,Office Supplies,Paper,Houston,1,0.0,96.59,14.25
2020-01-26,Standard Class,Consumer,West,Technology,Machines,Denver,2,0.0,532.5,143.82
2020-01-26,Standard Class,Corporate,South,Office Supplies,Labels,Atlanta,9,0.15,484.12,31.23
2020-01-26,Standard Class,Corporate,West,Office Supplies,Appliances,Los Angeles,5,0.3,275.86,2.32
2020-01-26,Same Day,Corporate,East,Office Supplies,Labels,Columbus,6,0.4,150.95,-27.51
2020-01-27,Standard Class,Corporate,East,Technology,Accessories,Columbus,9,0.1,1067.22,230.11
2020-01-27,Second Class,Corporate,East,Office Supplies,Fasteners,Columbus,5,0.05,1018.32,195.86
2020-01-27,Standard Class,Consumer,South,Office Supplies,Art,Atlanta,8,0.1,404.08,14.05
2020-01-27,Same Day,Consumer,East,Office Supplies,Appliances,Columbus,7,0.2,282.95,11.49
2020-01-27,Second Class,Corporate,West,Office Supplies,Art,Los Angeles,7,0.3,223.96,8.05
2020-01-27,Second Class,Corporate,South,Office Supplies,Storage,Atlanta,1,0.1,97.96,16.47
2020-01-27,Standard Class,Consumer,West,Office Supplies,Paper,Seattle,2,0.2,103.73,-1.75
2020-01-27,Standard Class,Home Office,West,Furniture,Bookcases,Los Angeles,7,0.0,634.67,95.2
2020-01-28,Standard Class,Corporate,East,Office Supplies,Supplies,New York City,4,0.15,85.68,13.8
2020-01-28,Standard Class,Consumer,East,Office Supplies,Paper,Boston,4,0.1,203.87,4.07
2020-01-28,Second Class,Consumer,West,Office Supplies,Appliances,Los Angeles,3,0.05,59.06,6.38
2020-01-28,Standard Class,Consumer,East,Technology,Accessories,New York City,6,0.2,1252.28,-21.98
2020-01-28,First Class,Corporate,East,Office Supplies,Binders,New York City,9,0.05,358.74,43.69
2020-01-28,Second Class,Corporate,West,Office Supplies,Binders,Seattle,3,0.15,228.11,16.99
2020-01-28,Same Day,Home Office,Central,Office Supplies,Art,,4,0.0,84.71,6.07
2020-01-29,Standard Class,Consumer,East,Office Supplies,Supplies,Boston,9,0.1,286.04,36.23
2020-01-29,Standard Class,Corporate,West,Office Supplies,Envelopes,Denver,4,0.15,239.08,23.66
2020-01-29,Standard Class,Corporate,Central,Technology,Accessories,Houston,7,0.2,2255.17,67.59
2020-01-29,First Class,Consumer,West,Furniture,Tables,Seattle,3,0.2,313.0,-26.32
2020-01-30,Standard Class,Home Office,West,Office Supplies,Envelopes,Denver,8,0.0,367.65,106.74
2020-01-30,Standard Class,Consumer,Central,Office Supplies,Appliances,Dallas,8,0.2,676.22,-3.43
2020-01-30,Same Day,Home Office,East,Office Supplies,Envelopes,New York City,9,0.1,456.16,97.7
2020-01-30,Second Class,Home Office,East,Furniture,Chairs,Boston,1,0.4,195.06,-35.3
2020-01-30,Second Class,Home Office,West,Office Supplies,Paper,Denver,5,0.0,78.24,13.1
2020-01-30,Standard Class,Consumer,East,Furniture,Tables,Boston,9,0.3,1119.47,-193.63
2020-01-30,Standard Class,Corporate,West,Technology,Phones,Denver,3,0.2,281.27,3.73
2020-01-30,Standard Class,Corporate,East,Furniture,Chairs,Boston,4,0.0,1052.29,-75.76
2020-01-30,Standard Class,Consumer,East,Office Supplies,Labels,Boston,1,0.0,31.01,4.33
2020-01-30,Second Class,Consumer,West,Furniture,Bookcases,Denver,4,0.1,392.68,7.28
2020-01-31,Standard Class,Corporate,West,Technology,Copiers,Denver,7,0.1,1447.64,266.94
2020-01-31,Second Class,Consumer,Central,Furniture,Bookcases,Houston,9,0.15,514.22,-32.87
2020-01-31,Second Class,Consumer,West,Office Supplies,Appliances,Seattle,7,0.05,1075.82,68.88
2020-01-31,Second Class,Consumer,West,Office Supplies,Envelopes,Los Angeles,9,0.2,837.63,86.17
2020-01-31,Standard Class,Consumer,West,Technology,Copiers,Denver,4,0.0,282.83,54.41
2020-01-31,Standard Class,Corporate,Central,Technology,Phones,Dallas,8,0.0,2013.45,516.18
2020-01-31,Standard Class,Home Office,East,Office Supplies,Supplies,Boston,4,0.0,356.86,68.63
2020-01-31,Second Class,Consumer,West,Office Supplies,Labels,San Francisco,9,0.2,426.68,-25.04
2020-02-01,Standard Class,Home Office,West,Office Supplies,Appliances,Seattle,6,0.0,340.82,36.47
2020-02-01,Standard Class,Corporate,East,Office Supplies,Storage,Philadelphia,6,0.0,350.59,60.95
2020-02-02,Same Day,Home Office,South,Furniture,Bookcases,Atlanta,6,0.05,3443.52,122.16
2020-02-02,Standard Class,Corporate,Central,Furniture,Tables,Minneapolis,3,0.3,885.99,-62.07
2020-02-03,Second Class,Corporate,West,Furniture,Chairs,Denver,7,0.05,2064.89,267.29
2020-02-03,First Class,Corporate,West,Office Supplies,Binders,Los Angeles,4,0.15,129.22,9.13
2020-02-03,Standard Class,Corporate,Central,Office Supplies,Art,Dallas,5,0.0,262.55,19.88
2020-02-03,Second Class,Corporate,East,Office Supplies,Labels,Philadelphia,4,0.2,268.85,44.91
2020-02-03,Standard Class,Home Office,East,Office Supplies,Binders,Boston,6,0.3,307.13,16.38
2020-02-03,Standard Class,Consumer,West,Office Supplies,Storage,San Francisco,4,0.15,187.99,17.56
2020-02-03,Standard Class,Corporate,South,Office Supplies,Fasteners,Miami,7,0.1,366.05,39.74
2020-02-03,Standard Class,Consumer,South,Office Supplies,Storage,Nashville,5,0.4,152.8,-19.04
2020-02-03,Standard Class,Consumer,West,Furniture,Bookcases,Seattle,3,0.2,245.29,-24.92
2020-02-04,Same Day,Consumer,Central,Technology,Machines,Chicago,9,0.3,2144.69,-23.17
2020-02-04,Standard Class,Consumer,Central,Technology,Copiers,Houston,1,0.2,44.05,6.93
2020-02-04,First Class,Consumer,West,Technology,Copiers,Seattle,9,0.0,705.4,165.85
2020-02-04,Second Class,Consumer,West,Technology,Accessories,Denver,4,0.1,679.56,99.87
2020-02-04,Standard Class,Consumer,South,Office Supplies,Appliances,Atlanta,3,0.1,109.25,9.17
2020-02-05,Second Class,Consumer,East,Furniture,Furnishings,New York City,5,0.05,462.7,8.0
2020-02-05,Second Class,Corporate,South,Technology,Phones,Atlanta,6,0.1,1684.59,375.72
2020-02-05,Standard Class,Consumer,West,Technology,Accessories,Denver,6,0.1,378.65,58.48
2020-02-05,Standard Class,Consumer,East,Office Supplies,Storage,Philadelphia,3,0.3,36.59,-2.8
2020-02-05,Second Class,Consumer,Central,Office Supplies,Fasteners,Houston,9,0.2,380.82,36.79
2020-02-05,Standard Class,Corporate,West,Furniture,Bookcases,Los Angeles,2,0.1,402.44,13.12
2020-02-05,Second Class,Home Office,West,Office Supplies,Fasteners,Los Angeles,9,0.3,403.27,6.21
2020-02-05,Standard Class,Consumer,West,Technology,Accessories,Los Angeles,3,0.15,323.69,9.41
2020-02-05,Second Class,Home Office,East,Office Supplies,Storage,New York City,1,0.15,262.55,14.44
2020-02-05,Second Class,Home Office,West,Office Supplies,Supplies,Los Angeles,2,0.1,58.55,10.68
2020-02-05,Standard Class,Consumer,West,Technology,Phones,Denver,6,0.3,1042.78,111.49
2020-02-05,Second Class,Consumer,South,Furniture,Bookcases,Charlotte,7,0.15,2428.05,166.99
2020-02-05,Standard Class,Consumer,West,Office Supplies,Art,San Francisco,7,0.0,568.56,57.51
2020-02-06,Standard Class,Consumer,East,Office Supplies,Binders,Philadelphia,4,0.2,83.45,7.27
2020-02-06,First Class,Corporate,Central,Office Supplies,Appliances,Chicago,2,0.15,61.54,-0.29
2020-02-06,Standard Class,Home Office,Central,Office Supplies,Art,Dallas,1,0.2,54.83,-3.66
2020-02-06,First Class,Consumer,Central,Office Supplies,Envelopes,Chicago,7,0.15,330.3,29.85
2020-02-06,First Class,Home Office,East,Technology,Phones,Philadelphia,5,0.4,604.74,32.53
2020-02-06,Standard Class,Home Office,East,Furniture,Tables,New York City,1,0.4,71.07,-7.65
2020-02-06,Standard Class,Home Office,East,Technology,Machines,New York City,4,0.1,419.09,41.01
2020-02-07,Standard Class,Home Office,East,Office Supplies,Binders,Boston,9,0.0,484.11,8.13
2020-02-07,Standard Class,Consumer,Central,Office Supplies,Storage,Minneapolis,9,0.2,680.18,94.23
2020-02-07,Standard Class,Consumer,West,Furniture,Chairs,Los Angeles,5,0.2,1056.25,-11.35
2020-02-07,Standard Class,Home Office,Central,Office Supplies,Envelopes,Houston,5,0.3,132.71,-10.02
2020-02-07,Standard Class,Consumer,East,Furniture,Furnishings,Philadelphia,9,0.3,3060.17,-131.49
2020-02-07,Second Class,Consumer,West,Office Supplies,Envelopes,San Francisco,7,0.2,261.89,26.32
2020-02-07,Second Class,Consumer,East,Furniture,Tables,Philadelphia,7,0.1,1048.63,116.03
2020-02-07,Same Day,Corporate,West,Furniture,Chairs,San Francisco,6,0.2,1028.34,-63.59
2020-02-07,Second Class,Consumer,East,Office Supplies,Paper,Philadelphia,4,0.05,227.91,41.51
2020-02-07,Standard Class,Corporate,East,Furniture,Tables,Philadelphia,5,0.0,614.05,58.57
2020-02-07,Standard Class,Home Office,East,Office Supplies,Paper,Philadelphia,8,0.0,440.37,32.38
2020-02-07,Standard Class,Consumer,South,Technology,Phones,Charlotte,3,0.2,925.69,113.55
2020-02-07,First Class,Consumer,West,Office Supplies,Labels,San Francisco,4,0.2,213.14,19.5
2020-02-07,Second Class,Corporate,East,Furniture,Chairs,Philadelphia,7,0.0,760.22,21.43
2020-02-08,Standard Class,Consumer,West,Office Supplies,Storage,Los Angeles,6,0.2,320.43,-0.24
2020-02-08,Standard Class,Consumer,West,Office Supplies,Art,Seattle,4,0.1,129.27,0.47
2020-02-08,Standard Class,Consumer,West,Office Supplies,Appliances,San Francisco,9,0.4,427.69,-56.58
2020-02-08,First Class,Consumer,West,Technology,Accessories,San Francisco,4,0.0,556.84,72.28
2020-02-08,Standard Class,Consumer,South,Furniture,Bookcases,Miami,2,0.1,1222.05,224.78
2020-02-09,Second Class,Consumer,East,Office Supplies,Art,Columbus,2,0.0,160.18,24.57
2020-02-09,Standard Class,Corporate,South,Technology,Copiers,Charlotte,4,0.1,742.99,197.22
2020-02-09,Standard Class,Consumer,West,Office Supplies,Supplies,Seattle,7,0.0,78.07,15.76
2020-02-09,Standard Class,Consumer,Central,Technology,Phones,Dallas,5,0.15,1591.35,378.8
2020-02-09,Standard Class,Consumer,West,Office Supplies,Supplies,Denver,7,0.1,223.77,18.82
2020-02-09,Second Class,Consumer,East,Technology,Copiers,Boston,8,0.1,1570.82,170.49
2020-02-09,Standard Class,Consumer,Central,Furniture,Tables,Minneapolis,9,0.2,1874.31,35.36
2020-02-09,Standard Class,Corporate,East,Office Supplies,Labels,Philadelphia,1,0.0,52.29,8.75
2020-02-10,First Class,Consumer,Central,Office Supplies,Paper,Minneapolis,3,0.1,152.31,15.68
2020-02-10,Second Class,Corporate,West,Office Supplies,Storage,Denver,5,0.0,91.25,19.3
2020-02-10,Second Class,Consumer,South,Technology,Copiers,Nashville,7,0.05,2611.41,740.97
2020-02-10,Standard Class,Consumer,South,Technology,Copiers,Charlotte,9,0.4,2365.79,131.39
2020-02-10,Standard Class,Consumer,East,Office Supplies,Appliances,New York City,1,0.1,74.7,5.46
2020-02-10,First Class,Home Office,West,Furniture,Tables,Seattle,7,0.0,924.51,-7.08
2020-02-10,Standard Class,Home Office,East,Technology,Machines,Columbus,6,0.2,730.68,108.99
2020-02-10,Standard Class,Corporate,West,Office Supplies,Envelopes,Denver,1,0.1,34.74,5.78
2020-02-11,Standard Class,Corporate,Central,Office Supplies,Binders,Houston,6,0.3,185.68,-1.2
2020-02-11,Second Class,Corporate,Central,Furniture,Furnishings,Houston,7,0.15,1353.49,-44.95
2020-02-11,Second Class,Corporate,West,Technology,Phones,San Francisco,1,0.0,303.55,44.32
2020-02-11,Standard Class,Corporate,East,Furniture,Chairs,New York City,4,0.0,748.44,44.42
2020-02-11,Standard Class,Home Office,East,Office Supplies,Storage,Columbus,5,0.15,109.91,12.49
2020-02-11,Same Day,Corporate,Central,Office Supplies,Envelopes,Dallas,7,0.3,411.19,11.82
2020-02-11,Second Class,Consumer,East,Office Supplies,Appliances,Columbus,4,0.0,361.49,81.82
2020-02-11,Second Class,Corporate,West,Office Supplies,Art,Seattle,8,0.15,300.51,37.85
2020-02-11,Standard Class,Corporate,East,Office Supplies,Appliances,Boston,6,0.2,716.75,-24.09
2020-02-11,Standard Class,Corporate,East,Office Supplies,Art,Boston,6,0.15,832.66,78.11
2020-02-12,First Class,Corporate,West,Technology,Machines,Seattle,2,0.2,725.61,65.73
2020-02-12,Second Class,Consumer,West,Technology,Accessories,Seattle,4,0.0,1459.57,350.88
2020-02-12,Standard Class,Consumer,South,Technology,Phones,Nashville,1,0.0,401.91,108.87
2020-02-12,Second Class,Consumer,Central,Furniture,Bookcases,Minneapolis,1,0.0,129.82,9.24
2020-02-12,First Class,Consumer,South,Office Supplies,Paper,Miami,9,0.1,186.13,5.46
2020-02-12,First Class,Home Office,West,Office Supplies,Storage,Los Angeles,4,0.1,327.8,48.02
2020-02-12,Standard Class,Corporate,Central,Technology,Phones,Minneapolis,5,0.0,2349.77,261.66
2020-02-12,Standard Class,Consumer,West,Technology,Copiers,San Francisco,2,0.1,324.66,30.83
2020-02-12,First Class,Consumer,Central,Office Supplies,Labels,Minneapolis,1,0.15,39.52,3.5
2020-02-13,First Class,Corporate,Central,Furniture,Bookcases,Houston,1,0.0,165.12,1.06
2020-02-13,Standard Class,Home Office,Central,Office Supplies,Envelopes,Minneapolis,8,0.1,130.53,24.68
2020-02-13,Standard Class,Consumer,South,Office Supplies,Labels,Atlanta,9,0.2,685.39,51.2
2020-02-13,Second Class,Consumer,South,Office Supplies,Appliances,Miami,9,0.2,418.33,50.74
2020-02-13,Standard Class,Consumer,South,Office Supplies,Storage,Charlotte,9,0.2,286.44,20.89
2020-02-13,First Class,Consumer,Central,Office Supplies,Envelopes,Dallas,7,0.0,116.85,24.48
2020-02-14,Standard Class,Corporate,Central,Office Supplies,Labels,Houston,9,0.0,308.53,89.43
2020-02-14,Standard Class,Corporate,Central,Office Supplies,Envelopes,Dallas,4,0.0,158.15,16.08
2020-02-14,First Class,Consumer,Central,Furniture,Furnishings,Chicago,5,0.0,2328.51,389.5
2020-02-14,Standard Class,Corporate,East,Office Supplies,Storage,Philadelphia,5,0.0,123.04,22.06
2020-02-14,Standard Class,Consumer,West,Furniture,Tables,Los Angeles,7,0.15,1606.71,94.98
2020-02-14,Second Class,Home Office,West,Office Supplies,Appliances,Denver,1,0.3,43.12,-1.13
2020-02-14,Standard Class,Consumer,West,Furniture,Bookcases,Denver,9,0.2,1797.41,122.76
2020-02-15,Standard Class,Consumer,West,Office Supplies,Labels,Seattle,9,0.2,453.86,32.23
2020-02-15,Standard Class,Consumer,East,Office Supplies,Labels,New York City,5,0.15,327.44,47.21
2020-02-15,Standard Class,Consumer,Central,Furniture,Furnishings,Dallas,2,0.05,547.88,-21.42
2020-02-15,Standard Class,Corporate,West,Office Supplies,Envelopes,Seattle,1,0.0,137.81,13.72
2020-02-15,Standard Class,Corporate,West,Technology,Phones,Los Angeles,9,0.0,5042.76,388.1
2020-02-15,First Class,Corporate,South,Office Supplies,Labels,Charlotte,4,0.2,249.01,11.1
2020-02-16,Standard Class,Corporate,East,Office Supplies,Supplies,Boston,7,0.3,305.34,-18.57
2020-02-16,Standard Class,Consumer,South,Technology,Phones,Atlanta,3,0.05,2262.45,441.53
2020-02-16,Standard Class,Home Office,East,Office Supplies,Appliances,Philadelphia,9,0.15,681.64,29.66
2020-02-16,Same Day,Consumer,West,Office Supplies,Storage,Los Angeles,8,0.0,713.49,119.95
2020-02-16,Standard Class,Consumer,Central,Office Supplies,Storage,Houston,2,0.4,53.42,-4.38
2020-02-16,Standard Class,Consumer,Central,Office Supplies,Storage,Houston,3,0.2,69.45,5.93
2020-02-17,Standard Class,Corporate,Central,Technology,Copiers,Minneapolis,3,0.1,1088.81,189.61
2020-02-17,First Class,Consumer,West,Furniture,Bookcases,Seattle,3,0.1,170.61,-10.85
2020-02-17,Standard Class,Consumer,West,Office Supplies,Supplies,Denver,1,0.1,140.52,27.56
2020-02-17,Second Class,Corporate,West,Office Supplies,Storage,Seattle,7,0.3,529.38,27.24
2020-02-17,Standard Class,Corporate,West,Technology,Machines,Denver,1,0.1,90.9,3.01
2020-02-17,Standard Class,Consumer,West,Office Supplies,Art,San Francisco,7,0.3,182.27,-2.76
2020-02-18,First Class,Home Office,Central,Technology,Phones,Dallas,5,0.05,816.59,131.57
2020-02-18,Standard Class,Corporate,West,Office Supplies,Appliances,Los Angeles,7,0.2,161.68,7.16
2020-02-18,Standard Class,Home Office,South,Office Supplies,Storage,Atlanta,9,0.2,203.05,6.47
2020-02-18,Standard Class,Corporate,East,Technology,Copiers,Boston,2,0.05,414.36,55.88
2020-02-18,Standard Class,Corporate,East,Office Supplies,Art,Philadelphia,6,0.1,244.64,17.02
2020-02-18,Standard Class,Consumer,West,Office Supplies,Envelopes,San Francisco,1,0.1,16.33,1.06
2020-02-18,Second Class,Corporate,South,Technology,Phones,Nashville,7,0.05,531.52,100.58
2020-02-18,Standard Class,Consumer,East,Office Supplies,Paper,Boston,8,0.3,157.51,6.36
2020-02-19,Standard Class,Consumer,South,Office Supplies,Labels,Charlotte,9,0.4,205.05,-2.77
2020-02-19,Standard Class,Home Office,Central,Office Supplies,Envelopes,Dallas,5,0.1,99.03,18.44
2020-02-19,Standard Class,Consumer,Central,Technology,Phones,Minneapolis,7,0.0,2579.05,659.99
2020-02-19,Standard Class,Corporate,Central,Office Supplies,Appliances,Minneapolis,7,0.0,285.37,30.96
2020-02-19,Standard Class,Home Office,South,Furniture,Furnishings,Charlotte,1,0.4,65.74,-10.77
2020-02-19,Standard Class,Corporate,Central,Office Supplies,Labels,Minneapolis,7,0.0,408.37,62.46
2020-02-20,Standard Class,Consumer,Central,Technology,Accessories,Minneapolis,1,0.05,181.44,32.72
2020-02-20,Standard Class,Consumer,Central,Furniture,Chairs,Houston,4,0.1,488.5,2.0
2020-02-21,Standard Class,Consumer,South,Office Supplies,Storage,Miami,4,0.4,78.51,-7.33
2020-02-21,Second Class,Consumer,West,Office Supplies,Paper,Denver,9,0.0,577.9,160.56
2020-02-21,Standard Class,Corporate,Central,Office Supplies,Binders,Minneapolis,5,0.0,504.1,95.43
2020-02-21,Second Class,Consumer,West,Furniture,Chairs,Los Angeles,6,0.2,1679.12,-155.49
2020-02-21,Standard Class,Home Office,East,Furniture,Chairs,Boston,6,0.1,1085.49,-107.6
2020-02-21,Standard Class,Corporate,East,Furniture,Tables,Columbus,6,0.1,1040.09,-61.51
2020-02-21,Standard Class,Consumer,South,Office Supplies,Envelopes,Nashville,4,0.15,450.05,42.41
2020-02-21,Standard Class,Home Office,East,Office Supplies,Art,Boston,3,0.05,110.19,12.13
2020-02-22,Second Class,Consumer,Central,Office Supplies,Supplies,Houston,1,0.1,99.26,12.08
2020-02-22,First Class,Corporate,Central,Office Supplies,Envelopes,Dallas,9,0.1,446.73,5.71
2020-02-22,Second Class,Corporate,West,Office Supplies,Fasteners,Seattle,5,0.1,358.52,48.73
2020-02-22,Standard Class,Consumer,East,Furniture,Tables,Boston,8,0.0,926.65,15.65
2020-02-22,Standard Class,Consumer,West,Furniture,Furnishings,Los Angeles,9,0.0,2866.17,364.08
2020-02-22,Standard Class,Corporate,East,Technology,Machines,Philadelphia,1,0.1,335.92,68.96
2020-02-23,Standard Class,Corporate,West,Office Supplies,Paper,Denver,9,0.1,581.35,132.73
2020-02-23,Standard Class,Corporate,South,Furniture,Chairs,Atlanta,1,0.05,112.27,-6.06
2020-02-23,Standard Class,Consumer,West,Technology,Copiers,San Francisco,5,0.2,1339.84,217.93
2020-02-23,Same Day,Corporate,Central,Office Supplies,Supplies,Minneapolis,4,0.0,276.72,70.59
2020-02-23,Standard Class,Home Office,East,Furniture,Chairs,Columbus,6,0.3,335.71,-40.41
2020-02-24,Same Day,Corporate,East,Office Supplies,Binders,Boston,6,0.3,444.35,-18.5
2020-02-24,First Class,Corporate,East,Office Supplies,Storage,Columbus,8,0.15,255.7,5.27
2020-02-24,Standard Class,Corporate,East,Technology,Copiers,Boston,6,0.2,1413.74,107.74
2020-02-24,Standard Class,Consumer,Central,Office Supplies,Appliances,Dallas,7,0.0,575.3,33.7
2020-02-24,Standard Class,Corporate,East,Office Supplies,Art,Philadelphia,6,0.4,93.53,-9.04
2020-02-24,First Class,Consumer,West,Office Supplies,Fasteners,Seattle,9,0.1,536.27,58.2
2020-02-24,Standard Class,Home Office,Central,Technology,Machines,Dallas,2,0.0,307.54,69.64
2020-02-24,Standard Class,Consumer,East,Furniture,Furnishings,Philadelphia,9,0.2,1879.08,-87.28
2020-02-24,Standard Class,Corporate,West,Furniture,Furnishings,San Francisco,9,0.0,487.55,25.05
2020-02-25,Standard Class,Corporate,South,Office Supplies,Binders,Nashville,2,0.0,94.5,10.94
2020-02-25,Standard Class,Consumer,East,Office Supplies,Storage,Boston,6,0.1,299.15,21.81
2020-02-25,Standard Class,Consumer,West,Furniture,Bookcases,San Francisco,7,0.0,4317.94,126.69
2020-02-25,First Class,Corporate,Central,Office Supplies,Fasteners,Chicago,3,0.1,225.3,24.85
2020-02-25,Standard Class,Consumer,East,Office Supplies,Labels,Columbus,9,0.05,310.23,19.67
2020-02-25,First Class,Consumer,Central,Office Supplies,Binders,Minneapolis,5,0.0,144.63,28.48
2020-02-26,Second Class,Consumer,East,Technology,Phones,New York City,1,0.2,385.31,-23.65
2020-02-26,Second Class,Consumer,West,Office Supplies,Paper,San Francisco,5,0.0,151.45,30.14
2020-02-26,Standard Class,Home Office,South,Technology,Accessories,Charlotte,3,0.1,1849.13,223.06
2020-02-26,Standard Class,Consumer,Central,Office Supplies,Envelopes,Houston,5,0.1,576.19,51.35
2020-02-26,Standard Class,Consumer,East,Office Supplies,Envelopes,Boston,5,0.1,308.91,32.39
2020-02-27,Standard Class,Consumer,West,Furniture,Furnishings,San Francisco,3,0.1,707.04,-4.04
2020-02-27,Standard Class,Consumer,East,Office Supplies,Fasteners,Philadelphia,7,0.0,245.22,12.41
2020-02-27,Standard Class,Consumer,West,Furniture,Furnishings,Denver,3,0.2,603.58,-4.41
2020-02-27,Standard Class,Consumer,Central,Office Supplies,Fasteners,Dallas,8,0.1,829.49,-29.85
2020-02-27,Same Day,Consumer,Central,Office Supplies,Supplies,Houston,5,0.15,322.21,29.07
2020-02-27,Standard Class,Corporate,Central,Office Supplies,Supplies,Dallas,3,0.2,337.76,8.0
2020-02-28,Second Class,Home Office,East,Office Supplies,Art,Columbus,9,0.15,774.58,79.99
2020-02-28,Standard Class,Home Office,East,Furniture,Tables,Philadelphia,8,0.0,1352.01,117.44
2020-02-28,Second Class,Corporate,East,Office Supplies,Labels,Boston,7,0.4,606.98,-10.64
2020-02-28,Standard Class,Home Office,South,Technology,Machines,Charlotte,7,0.0,3011.9,756.47
2020-02-29,First Class,Corporate,South,Office Supplies,Storage,Miami,2,0.0,193.03,7.61
2020-02-29,Standard Class,Consumer,East,Technology,Copiers,Boston,3,0.4,398.19,-40.28
2020-02-29,Same Day,Consumer,East,Office Supplies,Binders,New York City,5,0.0,425.53,96.58
2020-02-29,First Class,Corporate,West,Office Supplies,Paper,San Francisco,7,0.15,332.86,62.27
2020-02-29,First Class,Consumer,East,Furniture,Tables,Boston,4,0.0,819.09,38.8
2020-03-01,Second Class,Home Office,West,Technology,Accessories,Los Angeles,1,0.05,300.42,42.46
2020-03-01,Standard Class,Consumer,East,Office Supplies,Binders,Boston,3,0.2,57.14,4.35
2020-03-02,Second Class,Consumer,East,Furniture,Bookcases,Columbus,9,0.0,4799.71,473.64
2020-03-02,Standard Class,Consumer,East,Technology,Machines,New York City,3,0.1,1580.09,117.5
2020-03-02,Second Class,Home Office,Central,Furniture,Furnishings,Houston,4,0.2,1181.99,17.54
2020-03-02,First Class,Consumer,South,Office Supplies,Storage,Miami,2,0.2,100.62,8.11
2020-03-02,Standard Class,Consumer,Central,Office Supplies,Art,Dallas,6,0.2,232.28,-3.66
2020-03-02,Standard Class,Corporate,Central,Technology,Accessories,Chicago,9,0.1,882.09,105.04
2020-03-02,Standard Class,Consumer,East,Office Supplies,Fasteners,Columbus,2,0.4,50.96,-10.72
2020-03-02,Standard Class,Consumer,Central,Furniture,Tables,Dallas,4,0.0,937.34,40.46
2020-03-03,Standard Class,Consumer,East,Office Supplies,Art,New York City,2,0.05,121.26,18.29
2020-03-03,Standard Class,Home Office,West,Office Supplies,Envelopes,Denver,6,0.05,353.37,-0.91
2020-03-03,Standard Class,Consumer,West,Technology,Machines,Denver,1,0.05,281.28,37.19
2020-03-03,Standard Class,Corporate,West,Office Supplies,Art,Seattle,8,0.0,503.36,93.51
2020-03-03,Standard Class,Consumer,Central,Furniture,Bookcases,Minneapolis,7,0.0,2973.75,613.85
2020-03-04,Standard Class,Consumer,East,Office Supplies,Labels,Columbus,7,0.15,903.72,68.84
2020-03-04,Standard Class,Home Office,East,Office Supplies,Appliances,New York City,5,0.0,89.83,0.39
2020-03-04,Same Day,Home Office,West,Office Supplies,Fasteners,Denver,5,0.0,245.15,32.76
2020-03-04,Standard Class,Corporate,East,Technology,Machines,Philadelphia,2,0.1,604.14,68.4
2020-03-04,Second Class,Corporate,South,Office Supplies,Art,Miami,4,0.2,106.28,6.1
2020-03-04,Standard Class,Consumer,East,Office Supplies,Supplies,New York City,8,0.0,233.65,55.36
2020-03-04,Standard Class,Home Office,East,Office Supplies,Art,Columbus,3,0.1,84.76,11.9
2020-03-04,Standard Class,Home Office,South,Office Supplies,Art,Atlanta,6,0.3,282.19,5.93
2020-03-04,Standard Class,Home Office,East,Office Supplies,Binders,Columbus,6,0.05,101.78,18.33
2020-03-05,Second Class,Home Office,Central,Office Supplies,Supplies,Minneapolis,5,0.0,132.02,23.44
2020-03-05,Standard Class,Consumer,West,Furniture,Tables,Los Angeles,1,0.2,496.87,-41.24
2020-03-05,Second Class,Home Office,South,Technology,Accessories,Charlotte,6,0.1,1570.23,281.5
2020-03-05,First Class,Consumer,South,Office Supplies,Labels,Atlanta,2,0.15,112.0,30.66
2020-03-05,Standard Class,Consumer,Central,Office Supplies,Appliances,Houston,5,0.1,318.81,-0.21
2020-03-06,First Class,Consumer,Central,Technology,Accessories,Chicago,5,0.05,1184.41,278.35
2020-03-06,Standard Class,Home Office,West,Furniture,Bookcases,San Francisco,4,0.1,579.69,-34.95
2020-03-06,Same Day,Consumer,Central,Office Supplies,Supplies,Minneapolis,1,0.0,28.73,6.86
2020-03-06,Second Class,Corporate,West,Technology,Machines,San Francisco,4,0.1,1166.87,239.87
2020-03-06,Second Class,Corporate,Central,Furniture,Chairs,Houston,8,0.15,1370.87,-96.0
2020-03-06,Same Day,Consumer,West,Office Supplies,Labels,Denver,3,0.0,276.02,34.17
2020-03-06,First Class,Consumer,West,Office Supplies,Supplies,Los Angeles,1,0.2,70.79,6.2
2020-03-06,Second Class,Corporate,West,Furniture,Furnishings,Seattle,1,0.2,189.21,-10.37
2020-03-06,Standard Class,Home Office,West,Office Supplies,Fasteners,Los Angeles,6,0.15,429.37,17.18
2020-03-07,Second Class,Consumer,East,Technology,Copiers,Philadelphia,5,0.15,2128.08,330.13
2020-03-07,First Class,Consumer,West,Office Supplies,Paper,Denver,6,0.0,202.57,16.04
2020-03-07,Standard Class,Consumer,Central,Office Supplies,Supplies,Dallas,9,0.1,311.14,19.56
2020-03-07,Standard Class,Consumer,South,Technology,Accessories,Nashville,1,0.05,799.5,96.02
2020-03-07,Standard Class,Consumer,Central,Technology,Phones,Dallas,1,0.0,130.76,37.28
2020-03-07,Standard Class,Home Office,West,Office Supplies,Paper,San Francisco,2,0.2,84.2,2.91
2020-03-07,First Class,Consumer,Central,Office Supplies,Labels,Dallas,4,0.2,61.73,2.73
2020-03-08,Standard Class,Home Office,West,Office Supplies,Appliances,Los Angeles,5,0.2,643.9,-3.56
2020-03-08,Standard Class,Home Office,East,Furniture,Furnishings,New York City,7,0.0,3668.15,337.92
2020-03-08,Second Class,Corporate,West,Office Supplies,Art,Los Angeles,1,0.15,93.56,7.45
2020-03-08,Standard Class,Corporate,West,Office Supplies,Storage,Denver,1,0.0,80.32,14.77
2020-03-08,First Class,Corporate,West,Office Supplies,Fasteners,San Francisco,9,0.0,895.92,167.89
2020-03-09,First Class,Home Office,East,Office Supplies,Supplies,Boston,1,0.0,90.38,8.29
2020-03-09,Second Class,Corporate,East,Office Supplies,Paper,Columbus,2,0.0,211.19,23.04
2020-03-09,Standard Class,Corporate,Central,Office Supplies,Labels,Minneapolis,1,0.15,24.42,1.12
2020-03-09,Standard Class,Consumer,South,Office Supplies,Envelopes,Charlotte,5,0.3,91.11,3.99
2020-03-09,Same Day,Corporate,West,Office Supplies,Art,Los Angeles,8,0.05,656.01,122.23
2020-03-09,First Class,Corporate,Central,Office Supplies,Envelopes,Chicago,6,0.1,368.3,2.87
2020-03-09,Second Class,Corporate,South,Furniture,Furnishings,Charlotte,8,0.0,1038.31,40.27
2020-03-10,Standard Class,Home Office,East,Technology,Copiers,Columbus,7,0.1,1341.38,261.68
2020-03-10,First Class,Consumer,East,Furniture,Bookcases,New York City,3,0.15,257.5,-23.68
2020-03-10,Second Class,Consumer,Central,Office Supplies,Labels,Minneapolis,7,0.2,234.96,6.52
2020-03-10,Standard Class,Home Office,East,Office Supplies,Envelopes,Boston,1,0.4,15.47,-1.35
2020-03-10,Second Class,Consumer,Central,Office Supplies,Paper,Minneapolis,3,0.2,228.91,-1.63
2020-03-10,Standard Class,Consumer,East,Furniture,Chairs,Philadelphia,3,0.4,261.13,-51.92
2020-03-10,Same Day,Consumer,South,Furniture,Tables,Charlotte,4,0.2,540.05,19.59
2020-03-10,Second Class,Consumer,East,Office Supplies,Fasteners,Philadelphia,5,0.2,295.4,39.56
2020-03-11,Standard Class,Consumer,Central,Office Supplies,Labels,Chicago,9,0.3,503.86,6.7
2020-03-11,Standard Class,Home Office,Central,Office Supplies,Supplies,Chicago,2,0.0,91.01,6.98
2020-03-11,Standard Class,Consumer,East,Office Supplies,Paper,Boston,7,0.2,1389.86,253.39
2020-03-11,Standard Class,Consumer,Central,Office Supplies,Binders,Chicago,1,0.1,18.76,2.02
2020-03-11,First Class,Corporate,East,Furniture,Chairs,Philadelphia,7,0.3,475.22,-64.62
2020-03-12,Standard Class,Consumer,South,Office Supplies,Art,Atlanta,7,0.2,210.88,4.0
2020-03-12,Second Class,Corporate,South,Office Supplies,Labels,Nashville,9,0.2,369.17,0.76
2020-03-12,Second Class,Consumer,South,Furniture,Furnishings,Miami,9,0.2,2720.78,39.54
2020-03-12,Standard Class,Consumer,South,Office Supplies,Storage,Atlanta,4,0.1,216.88,41.32
2020-03-12,Standard Class,Corporate,Central,Office Supplies,Binders,Minneapolis,6,0.15,336.14,30.84
2020-03-13,Second Class,Consumer,Central,Furniture,Bookcases,Houston,8,0.2,1258.71,37.63
2020-03-13,Standard Class,Consumer,South,Furniture,Bookcases,Charlotte,7,0.2,3622.32,-32.47
2020-03-13,Second Class,Consumer,Central,Office Supplies,Storage,Houston,3,0.15,64.07,8.65
2020-03-13,Standard Class,Consumer,East,Furniture,Furnishings,Boston,7,0.2,1155.39,-16.68
2020-03-13,Second Class,Home Office,East,Office Supplies,Art,Columbus,8,0.0,625.36,137.21
2020-03-13,Standard Class,Consumer,West,Technology,Machines,Los Angeles,7,0.0,3231.74,821.56
2020-03-13,Standard Class,Consumer,East,Office Supplies,Envelopes,New York City,5,0.15,370.99,41.79
2020-03-13,Second Class,Home Office,West,Office Supplies,Storage,San Francisco,1,0.2,51.66,10.49
2020-03-13,Standard Class,Home Office,South,Technology,Copiers,Miami,5,0.0,864.65,140.43
2020-03-14,Standard Class,Consumer,Central,Technology,Phones,Chicago,8,0.2,941.88,18.52
2020-03-14,Standard Class,Corporate,West,Technology,Copiers,San Francisco,4,0.0,883.15,170.17
2020-03-14,Same Day,Corporate,East,Technology,Phones,New York City,7,0.1,2419.9,388.33
2020-03-14,Second Class,Consumer,East,Office Supplies,Fasteners,Columbus,6,0.4,119.29,-6.25
2020-03-14,First Class,Consumer,Central,Office Supplies,Labels,Minneapolis,5,0.1,254.89,-4.17
2020-03-14,Second Class,Home Office,Central,Technology,Copiers,Dallas,7,0.2,1068.69,93.16
2020-03-14,Standard Class,Consumer,West,Office Supplies,Appliances,Los Angeles,4,0.1,288.12,50.76
2020-03-14,Standard Class,Corporate,Central,Office Supplies,Envelopes,Houston,9,0.4,334.9,-0.57
2020-03-15,Standard Class,Home Office,East,Furniture,Tables,New York City,5,0.15,2085.33,82.84
2020-03-15,Standard Class,Corporate,West,Technology,Phones,San Francisco,9,0.2,2091.99,123.15
2020-03-15,First Class,Corporate,Central,Technology,Machines,Dallas,8,0.1,1572.71,362.01
2020-03-15,Second Class,Corporate,West,Furniture,Chairs,Seattle,3,0.1,511.21,81.11
2020-03-15,Standard Class,Consumer,West,Technology,Phones,San Francisco,1,0.2,201.73,36.19
2020-03-15,Second Class,Corporate,South,Office Supplies,Paper,Nashville,6,0.3,138.39,-20.28
2020-03-15,First Class,Consumer,East,Office Supplies,Appliances,Philadelphia,7,0.0,250.88,45.09
2020-03-15,First Class,Corporate,East,Office Supplies,Paper,Philadelphia,3,0.3,27.0,-1.42
2020-03-16,Standard Class,Consumer,West,Office Supplies,Labels,Denver,8,0.0,553.7,135.74
2020-03-16,Standard Class,Home Office,West,Technology,Phones,San Francisco,1,0.0,93.1,22.2
2020-03-16,Second Class,Corporate,East,Office Supplies,Paper,Philadelphia,3,0.2,183.7,-9.38
2020-03-16,Standard Class,Corporate,South,Office Supplies,Storage,Nashville,3,0.0,260.86,66.62
2020-03-16,Second Class,Consumer,West,Furniture,Furnishings,Seattle,9,0.05,1135.03,96.4
2020-03-16,Standard Class,Consumer,East,Office Supplies,Binders,Philadelphia,6,0.3,370.86,2.41
2020-03-16,First Class,Home Office,West,Office Supplies,Paper,Los Angeles,8,0.05,365.83,44.43
2020-03-16,Second Class,Consumer,East,Furniture,Furnishings,Boston,1,0.0,291.12,16.39
2020-03-16,Standard Class,Consumer,East,Office Supplies,Appliances,New York City,2,0.0,134.23,18.67
2020-03-16,First Class,Corporate,East,Furniture,Furnishings,Boston,2,0.0,319.38,48.2
2020-03-17,Standard Class,Corporate,West,Office Supplies,Envelopes,Seattle,2,0.15,67.87,5.7
2020-03-17,Second Class,Corporate,West,Furniture,Tables,Seattle,2,0.2,690.04,-103.58
2020-03-17,Standard Class,Consumer,Central,Office Supplies,Appliances,Houston,8,0.1,222.12,18.54
2020-03-17,Standard Class,Corporate,West,Office Supplies,Labels,San Francisco,6,0.0,329.05,38.19
2020-03-17,Standard Class,Consumer,Central,Furniture,Tables,Chicago,2,0.2,230.63,-11.83
2020-03-17,Standard Class,Corporate,West,Office Supplies,Labels,Seattle,7,0.15,380.19,8.15
2020-03-17,Standard Class,Home Office,Central,Furniture,Bookcases,Chicago,5,0.1,568.78,-28.14
2020-03-17,Standard Class,Consumer,Central,Office Supplies,Supplies,Houston,2,0.0,65.66,7.2
2020-03-17,Second Class,Corporate,West,Office Supplies,Labels,Denver,1,0.1,50.62,2.75
2020-03-17,Standard Class,Corporate,West,Office Supplies,Paper,Los Angeles,4,0.0,439.15,71.57
2020-03-17,Standard Class,Home Office,East,Office Supplies,Appliances,Philadelphia,6,0.1,306.7,31.08
2020-03-18,Standard Class,Consumer,East,Office Supplies,Storage,Philadelphia,3,0.4,57.1,-9.22
2020-03-18,First Class,Corporate,East,Office Supplies,Envelopes,Philadelphia,7,0.0,305.25,17.99
2020-03-18,Same Day,Consumer,East,Office Supplies,Binders,Boston,2,0.1,163.77,27.28
2020-03-18,Same Day,Home Office,East,Office Supplies,Binders,Philadelphia,1,0.4,23.46,-1.29
2020-03-18,First Class,Consumer,West,Office Supplies,Fasteners,San Francisco,6,0.05,474.05,115.6
2020-03-18,Standard Class,Consumer,South,Office Supplies,Labels,Miami,5,0.4,145.31,-5.59
2020-03-18,Second Class,Consumer,East,Technology,Phones,Columbus,9,0.1,3335.55,349.07
2020-03-18,Second Class,Consumer,Central,Office Supplies,Fasteners,Minneapolis,7,0.0,421.45,67.16
2020-03-19,Standard Class,Consumer,East,Technology,Machines,Philadelphia,4,0.1,942.02,91.77
2020-03-19,Standard Class,Home Office,East,Technology,Phones,Boston,9,0.1,3305.68,509.81
2020-03-19,First Class,Corporate,Central,Technology,Phones,Minneapolis,1,0.15,252.92,25.76
2020-03-19,First Class,Consumer,East,Technology,Copiers,Boston,6,0.2,962.47,64.41
2020-03-19,Same Day,Consumer,East,Office Supplies,Supplies,Boston,7,0.4,216.96,-43.63
2020-03-19,Standard Class,Corporate,East,Furniture,Chairs,New York City,9,0.0,1644.04,50.65
2020-03-19,Second Class,Consumer,East,Furniture,Bookcases,Boston,3,0.05,260.03,-2.87
2020-03-20,Standard Class,Home Office,East,Office Supplies,Fasteners,Boston,4,0.0,145.09,18.61
2020-03-20,Standard Class,Home Office,Central,Office Supplies,Storage,Chicago,3,0.15,123.26,9.24
2020-03-20,Standard Class,Home Office,Central,Office Supplies,Supplies,Minneapolis,5,0.0,637.33,81.65
2020-03-20,Standard Class,Corporate,East,Furniture,Bookcases,Columbus,1,0.1,346.7,13.31
2020-03-21,Standard Class,Consumer,East,Office Supplies,Binders,Philadelphia,8,0.05,408.92,85.19
2020-03-21,Same Day,Consumer,Central,Office Supplies,Envelopes,Chicago,6,0.0,222.18,26.54
2020-03-21,Second Class,Home Office,Central,Technology,Copiers,Chicago,3,0.2,414.33,36.65
2020-03-21,Second Class,Consumer,Central,Office Supplies,Appliances,Houston,4,0.0,428.97,59.59
2020-03-21,Standard Class,Corporate,Central,Office Supplies,Supplies,Dallas,6,0.0,644.22,161.28
2020-03-21,Standard Class,Corporate,East,Office Supplies,Labels,New York City,1,0.1,64.78,8.7
2020-03-21,First Class,Corporate,East,Office Supplies,Storage,Columbus,4,0.1,88.54,15.52
2020-03-21,Second Class,Corporate,South,Office Supplies,Labels,Nashville,1,0.15,24.82,3.19
2020-03-21,Same Day,Home Office,South,Technology,Phones,Nashville,7,0.0,4767.35,866.02
2020-03-21,Standard Class,Consumer,East,Office Supplies,Art,New York City,7,0.1,222.86,18.11
2020-03-21,Standard Class,Consumer,South,Office Supplies,Labels,Atlanta,2,0.15,42.36,3.66
2020-03-22,Standard Class,Consumer,South,Furniture,Tables,Miami,8,0.3,493.76,-21.31
2020-03-22,Standard Class,Corporate,South,Office Supplies,Binders,Charlotte,1,0.15,13.5,-0.03
2020-03-22,Standard Class,Corporate,South,Office Supplies,Appliances,Charlotte,2,0.1,79.06,2.32
2020-03-22,Standard Class,Consumer,South,Technology,Machines,Charlotte,7,0.3,2341.98,-113.81
2020-03-22,Standard Class,Corporate,West,Furniture,Furnishings,Seattle,1,0.1,138.3,10.9
2020-03-23,Second Class,Consumer,South,Office Supplies,Storage,Charlotte,8,0.2,85.88,-7.3
2020-03-23,Standard Class,Corporate,Central,Technology,Copiers,Dallas,2,0.2,534.16,46.47
2020-03-23,First Class,Consumer,West,Office Supplies,Fasteners,Denver,2,0.4,43.33,0.41
2020-03-23,Same Day,Consumer,East,Office Supplies,Fasteners,Philadelphia,5,0.2,426.55,25.57
2020-03-23,Second Class,Corporate,West,Office Supplies,Labels,San Francisco,8,0.0,713.36,135.95
2020-03-23,Standard Class,Corporate,South,Office Supplies,Storage,Miami,2,0.3,89.04,-3.31
2020-03-23,Standard Class,Home Office,East,Office Supplies,Storage,Philadelphia,1,0.15,88.35,7.86
2020-03-23,First Class,Corporate,Central,Office Supplies,Appliances,Dallas,6,0.15,203.74,-5.03
2020-03-24,First Class,Home Office,West,Office Supplies,Binders,San Francisco,6,0.15,292.77,39.51
2020-03-24,Standard Class,Home Office,East,Office Supplies,Storage,Columbus,4,0.3,341.85,-10.61
2020-03-24,First Class,Corporate,Central,Furniture,Bookcases,Houston,5,0.05,1060.31,-85.17
2020-03-24,Same Day,Consumer,Central,Technology,Phones,Dallas,8,0.15,3549.34,467.68
2020-03-25,Standard Class,Corporate,West,Office Supplies,Appliances,Los Angeles,8,0.0,319.5,80.13
2020-03-25,Standard Class,Consumer,Central,Office Supplies,Supplies,Chicago,7,0.15,473.61,51.47
2020-03-25,Same Day,Corporate,Central,Office Supplies,Binders,Minneapolis,4,0.15,102.63,2.53
2020-03-25,Second Class,Corporate,East,Technology,Phones,Philadelphia,3,0.0,1030.12,247.13
2020-03-25,Standard Class,Corporate,Central,Office Supplies,Appliances,Dallas,2,0.1,98.2,-3.88
2020-03-25,Same Day,Corporate,Central,Office Supplies,Labels,Minneapolis,3,0.0,63.75,16.25
2020-03-25,Standard Class,Consumer,West,Office Supplies,Fasteners,Seattle,3,0.15,93.3,16.05
2020-03-25,Standard Class,Consumer,South,Technology,Phones,Charlotte,2,0.05,571.04,109.66
2020-03-25,First Class,Consumer,Central,Furniture,Furnishings,Chicago,3,0.1,285.63,29.09
2020-03-25,Standard Class,Consumer,East,Office Supplies,Supplies,Philadelphia,4,0.0,877.28,76.46
2020-03-26,First Class,Consumer,Central,Office Supplies,Paper,Chicago,9,0.15,187.69,12.45
2020-03-26,Standard Class,Consumer,Central,Furniture,Furnishings,Minneapolis,5,0.05,748.86,-7.27
2020-03-26,First Class,Home Office,South,Office Supplies,Storage,Miami,3,0.15,77.93,3.29
2020-03-26,Standard Class,Consumer,West,Office Supplies,Labels,Los Angeles,9,0.4,439.11,-26.51
2020-03-26,Standard Class,Consumer,Central,Office Supplies,Binders,Chicago,9,0.0,420.71,48.21
2020-03-26,Standard Class,Consumer,Central,Office Supplies,Art,Chicago,4,0.0,143.73,27.87
2020-03-27,First Class,Home Office,South,Office Supplies,Labels,Miami,5,0.2,317.68,14.21
2020-03-27,Second Class,Corporate,Central,Technology,Phones,Dallas,4,0.0,1962.33,410.21
2020-03-27,Standard Class,Consumer,East,Office Supplies,Labels,New York City,3,0.1,163.86,16.73
2020-03-27,Standard Class,Consumer,East,Technology,Copiers,Columbus,9,0.05,1380.47,289.36
2020-03-27,Standard Class,Consumer,Central,Office Supplies,Paper,Houston,8,0.3,747.44,-35.18
2020-03-27,Standard Class,Consumer,East,Furniture,Tables,New York City,7,0.0,619.22,105.79
2020-03-27,Standard Class,Consumer,Central,Office Supplies,Art,Chicago,3,0.0,211.16,37.66
2020-03-27,Standard Class,Corporate,West,Office Supplies,Storage,Seattle,5,0.0,241.9,34.4
2020-03-28,Standard Class,Home Office,West,Technology,Accessories,Denver,2,0.3,655.28,-15.0
2020-03-28,Second Class,Home Office,West,Office Supplies,Binders,Seattle,4,0.1,251.52,26.41
2020-03-28,Second Class,Consumer,East,Office Supplies,Envelopes,Philadelphia,2,0.0,107.37,22.61
2020-03-29,Standard Class,Home Office,West,Office Supplies,Supplies,San Francisco,7,0.0,374.05,42.09
2020-03-29,Standard Class,Home Office,East,Furniture,Furnishings,Boston,7,0.0,1031.69,-44.54
2020-03-29,Standard Class,Corporate,South,Furniture,Bookcases,Atlanta,7,0.0,2420.33,250.2
2020-03-29,Standard Class,Home Office,West,Office Supplies,Envelopes,Los Angeles,7,0.2,494.25,40.32
2020-03-29,Standard Class,Corporate,East,Office Supplies,Labels,Philadelphia,5,0.0,341.67,76.39
2020-03-29,Standard Class,Corporate,East,Office Supplies,Storage,Boston,2,0.0,53.5,10.36
2020-03-30,Second Class,Consumer,South,Office Supplies,Supplies,Nashville,2,0.1,44.21,1.69
2020-03-30,Second Class,Home Office,East,Technology,Phones,Philadelphia,1,0.0,157.76,23.38
2020-03-30,Standard Class,Consumer,West,Office Supplies,Storage,Denver,5,0.0,191.56,40.3
2020-03-30,Second Class,Corporate,East,Technology,Accessories,Boston,1,0.0,186.61,24.1
2020-03-30,Standard Class,Consumer,West,Technology,Copiers,Seattle,2,0.1,250.22,37.31
2020-03-30,Standard Class,Corporate,West,Furniture,Tables,Seattle,4,0.0,574.84,20.98
2020-03-30,Standard Class,Consumer,East,Office Supplies,Storage,Philadelphia,7,0.15,429.82,80.24
2020-03-30,Standard Class,Consumer,East,Technology,Accessories,Columbus,5,0.3,505.94,35.8
2020-03-30,First Class,Consumer,West,Office Supplies,Fasteners,San Francisco,5,0.1,509.98,-5.8
2020-03-30,Standard Class,Corporate,Central,Office Supplies,Storage,Dallas,8,0.3,456.26,-20.24
2020-03-30,Same Day,Corporate,West,Furniture,Furnishings,Los Angeles,3,0.2,324.89,13.86
2020-03-30,Standard Class,Corporate,Central,Office Supplies,Binders,Houston,5,0.15,79.38,5.45
2020-03-31,Second Class,Consumer,West,Office Supplies,Fasteners,Seattle,5,0.1,266.12,18.89
2020-03-31,Second Class,Consumer,Central,Furniture,Bookcases,Houston,1,0.0,177.31,2.56
2020-03-31,Second Class,Corporate,East,Technology,Accessories,Boston,5,0.2,374.54,35.01
2020-04-01,,Home Office,Central,Office Supplies,Binders,Minneapolis,5,0.0,297.35,42.99
2020-04-01,Standard Class,Corporate,South,Office Supplies,Supplies,Atlanta,1,0.2,38.47,-1.81
2020-04-01,Standard Class,Corporate,East,Office Supplies,Paper,Boston,2,0.15,47.06,6.22
2020-04-01,First Class,Home Office,Central,Office Supplies,Art,Minneapolis,3,0.3,119.7,7.53
2020-04-01,Standard Class,Consumer,East,Office Supplies,Art,Columbus,2,0.0,110.12,24.85
2020-04-02,Standard Class,Consumer,West,Furniture,Bookcases,San Francisco,1,0.2,145.8,-9.17
2020-04-02,First Class,Consumer,East,Technology,Machines,Columbus,2,0.0,247.75,39.4
2020-04-02,Standard Class,Consumer,West,Office Supplies,Supplies,Denver,5,0.15,624.58,-9.07
2020-04-02,First Class,Corporate,West,Furniture,Chairs,Denver,6,0.0,707.49,73.15
2020-04-02,First Class,Corporate,West,Furniture,Bookcases,Denver,1,0.0,154.47,14.62
2020-04-02,First Class,Corporate,Central,Technology,Copiers,Houston,3,0.4,457.25,-42.01
2020-04-02,Standard Class,Consumer,South,Office Supplies,Storage,Atlanta,7,0.0,199.99,23.09
2020-04-02,Second Class,Home Office,Central,Office Supplies,Labels,Dallas,7,0.0,336.81,67.23
2020-04-02,Same Day,Consumer,West,Office Supplies,Labels,Seattle,8,0.15,185.24,2.42
2020-04-03,Standard Class,Home Office,East,Office Supplies,Art,Boston,7,0.3,222.54,-7.33
2020-04-03,Standard Class,Consumer,West,Office Supplies,Storage,Los Angeles,1,0.15,39.79,2.1
2020-04-03,First Class,Home Office,Central,Office Supplies,Paper,Dallas,1,0.0,35.92,-0.3
2020-04-03,Standard Class,Consumer,West,Office Supplies,Storage,Los Angeles,3,0.0,72.99,9.1
2020-04-03,Standard Class,Consumer,East,Office Supplies,Binders,Boston,7,0.2,502.55,-15.33
2020-04-03,Standard Class,Corporate,Central,Technology,Accessories,Chicago,5,0.4,812.64,-36.69
2020-04-03,Standard Class,Consumer,South,Office Supplies,Supplies,Nashville,6,0.3,193.77,-1.85
2020-04-03,Standard Class,Consumer,South,Office Supplies,Paper,Nashville,3,0.1,219.35,38.3
2020-04-04,Second Class,Consumer,Central,Furniture,Chairs,Houston,8,0.0,1464.51,39.71
2020-04-04,Second Class,Corporate,West,Technology,Machines,Denver,3,0.3,720.23,21.84
2020-04-04,Standard Class,Corporate,East,Technology,Copiers,New York City,7,0.15,716.48,109.52
2020-04-04,Second Class,Home Office,West,Technology,Copiers,Seattle,4,0.15,685.37,132.42
2020-04-04,Standard Class,Consumer,Central,Office Supplies,Paper,Dallas,7,0.15,265.76,33.89
2020-04-04,Standard Class,Consumer,Central,Office Supplies,Art,Chicago,1,0.15,24.47,1.47
2020-04-05,First Class,Consumer,West,Office Supplies,Paper,Los Angeles,3,0.1,114.93,2.04
2020-04-05,Second Class,Home Office,East,Furniture,Furnishings,New York City,1,0.1,105.59,-5.15
2020-04-05,First Class,Consumer,West,Technology,Machines,San Francisco,8,0.2,1094.74,52.0
2020-04-05,Standard Class,Consumer,Central,Furniture,Tables,Minneapolis,9,0.2,1711.82,-172.74
2020-04-05,First Class,Home Office,South,Office Supplies,Paper,Miami,6,0.3,317.88,13.11
2020-04-05,Standard Class,Corporate,Central,Furniture,Bookcases,Houston,4,0.4,630.19,-82.27
2020-04-05,Standard Class,Consumer,East,Technology,Accessories,Columbus,6,0.1,2208.35,256.1
2020-04-06,Standard Class,Home Office,East,Furniture,Tables,New York City,4,0.15,873.94,16.83
2020-04-06,Second Class,Consumer,Central,Office Supplies,Storage,Chicago,2,0.2,35.83,1.09
2020-04-06,Second Class,Consumer,West,Furniture,Chairs,Seattle,4,0.0,421.67,23.44
2020-04-06,Standard Class,Consumer,South,Office Supplies,Supplies,Charlotte,8,0.15,541.88,-6.7
2020-04-07,Standard Class,Consumer,East,Office Supplies,Fasteners,Philadelphia,8,0.3,464.05,-15.98
2020-04-07,Standard Class,Corporate,West,Office Supplies,Labels,San Francisco,2,0.0,57.9,8.19
2020-04-07,First Class,Consumer,East,Office Supplies,Supplies,Columbus,3,0.0,224.08,33.15
2020-04-07,Second Class,Corporate,East,Office Supplies,Supplies,Columbus,3,0.0,208.44,7.8
2020-04-07,Standard Class,Corporate,Central,Technology,Machines,Houston,9,0.2,1200.04,129.46
2020-04-07,Second Class,Corporate,West,Office Supplies,Storage,Los Angeles,7,0.0,134.2,19.32
2020-04-07,Standard Class,Corporate,South,Office Supplies,Fasteners,Charlotte,7,0.1,221.69,13.57
2020-04-07,Standard Class,Consumer,West,Office Supplies,Appliances,San Francisco,8,0.0,784.45,123.38
2020-04-07,Same Day,Home Office,West,Office Supplies,Appliances,Denver,4,0.15,80.85,4.14
2020-04-08,Standard Class,Consumer,West,Office Supplies,Envelopes,Denver,4,0.15,211.98,8.62
2020-04-08,Standard Class,Home Office,Central,Office Supplies,Supplies,Houston,3,0.05,140.11,25.59
2020-04-08,Standard Class,Corporate,Central,Office Supplies,Art,Houston,1,0.0,44.84,8.62
2020-04-08,First Class,Corporate,Central,Technology,Machines,Minneapolis,4,0.0,1187.02,181.58
2020-04-08,Standard Class,Home Office,East,Office Supplies,Supplies,Boston,8,0.15,959.58,119.05
2020-04-08,Standard Class,Consumer,East,Office Supplies,Labels,Philadelphia,3,0.15,89.74,8.64
2020-04-08,First Class,Consumer,Central,Office Supplies,Binders,Houston,6,0.1,695.88,91.18
2020-04-08,Standard Class,Consumer,East,Office Supplies,Appliances,New York City,5,0.05,317.86,18.49
2020-04-09,First Class,Consumer,West,Furniture,Tables,San Francisco,7,0.3,1244.83,-283.41
2020-04-09,Standard Class,Corporate,West,Furniture,Bookcases,Los Angeles,7,0.0,660.42,-9.98
2020-04-09,Standard Class,Consumer,East,Office Supplies,Storage,Boston,5,0.05,165.8,34.4
2020-04-09,Standard Class,Corporate,West,Office Supplies,Appliances,San Francisco,3,0.2,161.73,5.5
2020-04-09,Second Class,Corporate,West,Office Supplies,Storage,San Francisco,8,0.2,165.59,10.28
2020-04-09,First Class,Consumer,East,Office Supplies,Envelopes,Columbus,2,0.2,108.49,0.93
2020-04-09,First Class,Home Office,Central,Technology,Machines,Minneapolis,5,0.2,4340.83,506.92
2020-04-09,Standard Class,Consumer,West,Furniture,Furnishings,Los Angeles,6,0.15,1236.06,-104.47
2020-04-09,Standard Class,Corporate,Central,Office Supplies,Labels,Minneapolis,2,0.3,38.32,1.07
2020-04-10,Standard Class,Corporate,East,Technology,Phones,Boston,6,0.0,1723.26,305.58
2020-04-10,Second Class,Consumer,West,Office Supplies,Fasteners,Denver,6,0.2,270.64,36.15
2020-04-11,First Class,Home Office,Central,Technology,Copiers,Dallas,4,0.2,637.08,65.29
2020-04-11,Standard Class,Corporate,West,Furniture,Furnishings,Los Angeles,4,0.4,646.23,-170.95
2020-04-11,Standard Class,Corporate,Central,Technology,Accessories,Chicago,2,0.3,194.08,2.82
2020-04-11,Standard Class,Corporate,West,Furniture,Chairs,Los Angeles,5,0.3,862.24,67.05
2020-04-11,Second Class,Corporate,West,Office Supplies,Paper,Denver,4,0.2,91.89,-1.68
2020-04-11,Same Day,Consumer,Central,Office Supplies,Storage,Houston,9,0.0,964.32,162.16
2020-04-11,Standard Class,Corporate,East,Technology,Accessories,Boston,3,0.0,561.54,137.99
2020-04-12,Standard Class,Consumer,East,Furniture,Bookcases,Boston,3,0.3,370.48,-44.16
2020-04-12,Standard Class,Consumer,East,Office Supplies,Supplies,Columbus,5,0.0,215.23,43.72
2020-04-12,Standard Class,Consumer,West,Office Supplies,Binders,Denver,6,0.05,135.66,15.43
2020-04-12,First Class,Corporate,West,Furniture,Tables,Seattle,4,0.0,796.68,41.56
2020-04-12,First Class,Home Office,West,Office Supplies,Fasteners,Seattle,5,0.2,207.07,5.01
2020-04-13,Standard Class,Consumer,South,Furniture,Chairs,Nashville,8,0.2,1551.19,-45.34
2020-04-13,First Class,Consumer,West,Technology,Accessories,Los Angeles,8,0.15,1205.59,91.42
2020-04-13,First Class,Consumer,West,Furniture,Tables,San Francisco,9,0.0,567.53,59.97
2020-04-13,Standard Class,Home Office,West,Office Supplies,Labels,Seattle,2,0.0,72.42,9.57
2020-04-13,Standard Class,Consumer,West,Furniture,Tables,Denver,5,0.0,577.99,18.68
2020-04-13,Standard Class,Consumer,South,Furniture,Furnishings,Charlotte,3,0.0,359.36,58.8
2020-04-14,Second Class,Consumer,East,Office Supplies,Appliances,New York City,8,0.2,226.98,-20.71
2020-04-14,Standard Class,Consumer,East,Furniture,Bookcases,Philadelphia,8,0.2,1037.85,11.19
2020-04-14,Standard Class,Consumer,Central,Office Supplies,Binders,Houston,7,0.1,250.71,17.84
2020-04-14,Standard Class,Corporate,Central,Technology,Phones,Chicago,4,0.1,694.45,17.83
2020-04-14,Standard Class,Consumer,West,Office Supplies,Appliances,Seattle,1,0.15,23.72,2.95
2020-04-14,Second Class,Home Office,West,Office Supplies,Paper,Los Angeles,4,0.1,191.89,47.49
2020-04-15,Standard Class,Corporate,West,Furniture,Tables,Seattle,4,0.15,209.83,0.59
2020-04-15,First Class,Corporate,Central,Technology,Machines,Dallas,6,0.3,581.49,-26.86
2020-04-15,Second Class,Consumer,East,Technology,Copiers,Boston,8,0.2,1098.89,101.25
2020-04-15,Standard Class,Consumer,East,Technology,Phones,Columbus,4,0.1,2123.54,444.59
2020-04-15,First Class,Consumer,Central,Technology,Accessories,Dallas,9,0.1,1710.85,322.88
2020-04-15,Standard Class,Corporate,East,Office Supplies,Supplies,New York City,7,0.4,121.54,-7.59
2020-04-15,Second Class,Corporate,East,Office Supplies,Art,Columbus,3,0.0,221.28,52.87
2020-04-16,Standard Class,Consumer,Central,Technology,Machines,Dallas,7,0.15,3089.72,414.49
2020-04-16,Second Class,Corporate,South,Office Supplies,Appliances,Charlotte,4,0.0,115.59,16.75
2020-04-16,First Class,Home Office,East,Office Supplies,Labels,Philadelphia,7,0.2,233.27,27.48
2020-04-16,Standard Class,Consumer,West,Office Supplies,Fasteners,Denver,2,0.3,212.86,2.93
2020-04-16,Standard Class,Home Office,East,Office Supplies,Fasteners,Columbus,6,0.15,168.69,32.8
2020-04-16,Standard Class,Consumer,East,Furniture,Furnishings,Columbus,4,0.15,940.58,-4.89
2020-04-16,First Class,Corporate,West,Office Supplies,Art,Los Angeles,9,0.2,755.55,39.77
2020-04-17,Second Class,Corporate,West,Office Supplies,Storage,San Francisco,6,0.2,186.81,10.15
2020-04-17,Second Class,Corporate,East,Technology,Accessories,Philadelphia,2,0.0,972.55,140.77
2020-04-17,Standard Class,Corporate,Central,Office Supplies,Storage,Chicago,5,0.2,569.0,1.51
2020-04-17,Standard Class,Consumer,Central,Office Supplies,Storage,Minneapolis,4,0.3,80.63,6.13
2020-04-17,Standard Class,Corporate,East,Office Supplies,Storage,Columbus,6,0.1,123.0,1.36
2020-04-18,Standard Class,Home Office,East,Furniture,Bookcases,Boston,9,0.4,1231.63,-256.96
2020-04-18,Standard Class,Consumer,Central,Technology,Copiers,Houston,1,0.2,355.33,75.61
2020-04-18,Standard Class,Home Office,East,Office Supplies,Supplies,New York City,3,0.2,97.47,-3.2
2020-04-18,Second Class,Consumer,South,Office Supplies,Art,Atlanta,1,0.1,41.27,6.16
2020-04-18,Standard Class,Corporate,East,Technology,Accessories,Columbus,3,0.1,1238.35,152.54
2020-04-18,Second Class,Consumer,South,Office Supplies,Supplies,Nashville,4,0.1,219.63,-3.57
2020-04-18,Second Class,Consumer,West,Office Supplies,Storage,San Francisco,1,0.1,38.64,3.07
2020-04-18,Second Class,Consumer,Central,Office Supplies,Appliances,Minneapolis,7,0.05,507.91,96.48
2020-04-18,Standard Class,Corporate,South,Office Supplies,Envelopes,Charlotte,7,0.1,284.04,16.3
2020-04-19,Standard Class,Corporate,West,Furniture,Furnishings,Seattle,7,0.15,807.8,-59.49
2020-04-19,Same Day,Consumer,Central,Technology,Machines,Chicago,8,0.0,1204.75,218.59
2020-04-19,Standard Class,Consumer,Central,Office Supplies,Labels,Chicago,9,0.1,1223.64,154.57
2020-04-19,Standard Class,Consumer,West,Office Supplies,Storage,Los Angeles,9,0.15,524.02,119.22
2020-04-19,Standard Class,Consumer,West,Office Supplies,Paper,Seattle,1,0.1,64.44,-0.43
2020-04-19,Standard Class,Consumer,South,Furniture,Furnishings,Atlanta,9,0.15,1386.77,44.38
2020-04-19,Second Class,Consumer,South,Office Supplies,Art,Nashville,5,0.1,296.05,26.18
2020-04-19,Standard Class,Home Office,Central,Furniture,Chairs,Dallas,4,0.2,635.51,-47.79
2020-04-19,Standard Class,Home Office,South,Technology,Accessories,Atlanta,2,0.05,360.39,40.19
2020-04-19,First Class,Consumer,South,Office Supplies,Binders,Miami,9,0.0,798.21,147.41
2020-04-20,Standard Class,Corporate,South,Office Supplies,Labels,Miami,2,0.0,73.84,14.0
2020-04-20,Standard Class,Corporate,Central,Office Supplies,Storage,Minneapolis,2,0.0,72.28,13.26
2020-04-20,Standard Class,Corporate,Central,Office Supplies,Paper,Chicago,1,0.15,43.9,4.6
2020-04-21,Second Class,Corporate,West,Office Supplies,Fasteners,San Francisco,1,0.4,27.91,-1.54
2020-04-21,First Class,Consumer,South,Furniture,Chairs,Charlotte,5,0.1,529.5,19.92
2020-04-21,Standard Class,Consumer,West,Office Supplies,Storage,Denver,8,0.1,828.71,73.44
2020-04-21,Standard Class,Consumer,East,Office Supplies,Envelopes,Columbus,2,0.15,131.44,5.81
2020-04-22,Second Class,Corporate,South,Technology,Copiers,Atlanta,6,0.0,1872.36,448.36
2020-04-22,Standard Class,Home Office,East,Office Supplies,Fasteners,New York City,4,0.2,213.8,14.25
2020-04-22,Standard Class,Corporate,Central,Technology,Copiers,Chicago,3,0.0,413.1,95.41
2020-04-22,First Class,Consumer,South,Office Supplies,Envelopes,Nashville,1,0.0,105.86,23.31
2020-04-22,Second Class,Consumer,East,Office Supplies,Art,Philadelphia,8,0.05,496.77,152.81
2020-04-22,Standard Class,Consumer,West,Technology,Copiers,Los Angeles,2,0.05,541.99,149.37
2020-04-22,Standard Class,Corporate,Central,Furniture,Furnishings,Dallas,5,0.0,1898.33,86.24
2020-04-22,Second Class,Consumer,East,Office Supplies,Storage,Boston,9,0.05,342.62,11.62
2020-04-23,Standard Class,Corporate,East,Technology,Copiers,Philadelphia,4,0.1,1138.8,149.88
2020-04-23,Second Class,Consumer,West,Office Supplies,Binders,Seattle,7,0.0,255.63,44.27
2020-04-23,Standard Class,Corporate,West,Office Supplies,Binders,Los Angeles,9,0.05,347.55,53.09
2020-04-23,Same Day,Consumer,East,Office Supplies,Paper,New York City,2,0.3,188.39,3.97
2020-04-23,Standard Class,Corporate,East,Office Supplies,Storage,New York City,3,0.0,201.02,31.85
2020-04-23,Standard Class,Corporate,Central,Office Supplies,Fasteners,Minneapolis,2,0.1,182.48,18.39
2020-04-23,Second Class,Consumer,Central,Office Supplies,Art,Minneapolis,9,0.0,302.14,35.28
2020-04-23,Second Class,Consumer,South,Furniture,Chairs,Charlotte,5,0.3,336.1,-53.39
2020-04-23,Standard Class,Corporate,East,Office Supplies,Storage,Boston,5,0.0,108.61,19.5
2020-04-23,Standard Class,Consumer,Central,Furniture,Chairs,Dallas,4,0.0,703.2,89.1
2020-04-24,Standard Class,Consumer,West,Office Supplies,Labels,Seattle,1,0.0,18.07,1.47
2020-04-24,Standard Class,Home Office,East,Technology,Machines,Boston,7,0.0,1396.88,425.61
2020-04-24,Standard Class,Corporate,East,Office Supplies,Binders,New York City,3,0.2,138.31,2.92
2020-04-24,Standard Class,Consumer,Central,Furniture,Chairs,Chicago,7,0.1,677.09,6.73
2020-04-24,Standard Class,Corporate,Central,Office Supplies,Paper,Minneapolis,7,0.0,295.56,32.88
2020-04-24,Standard Class,Consumer,Central,Office Supplies,Supplies,Chicago,3,0.1,394.97,10.89
2020-04-24,Standard Class,Consumer,Central,Technology,Copiers,Minneapolis,4,0.0,4209.02,487.03
2020-04-24,First Class,Consumer,Central,Furniture,Tables,Minneapolis,7,0.15,2548.23,-177.76
2020-04-25,Standard Class,Consumer,Central,Office Supplies,Appliances,Dallas,8,0.0,590.91,72.8
2020-04-25,First Class,Consumer,South,Technology,Accessories,Nashville,7,0.0,2363.59,494.01
2020-04-25,Standard Class,Home Office,East,Office Supplies,Art,New York City,5,0.2,91.7,4.1
2020-04-25,Standard Class,Consumer,South,Office Supplies,Art,Miami,8,0.15,396.67,11.64
2020-04-25,Second Class,Consumer,East,Office Supplies,Binders,Columbus,5,0.1,183.99,7.14
2020-04-25,Standard Class,Corporate,West,Office Supplies,Fasteners,Los Angeles,4,0.0,543.36,98.78
2020-04-25,Second Class,Corporate,East,Office Supplies,Labels,Philadelphia,8,0.15,568.61,-29.61
2020-04-25,First Class,Consumer,West,Office Supplies,Storage,Seattle,2,0.0,177.63,39.09
2020-04-25,First Class,Corporate,South,Furniture,Tables,Atlanta,9,0.2,1374.99,-46.43
2020-04-26,Standard Class,Consumer,East,Office Supplies,Labels,Philadelphia,3,0.0,159.28,11.34
2020-04-26,Standard Class,Home Office,South,Technology,Machines,Nashville,3,0.3,468.65,-6.61
2020-04-26,First Class,Consumer,East,Office Supplies,Binders,Columbus,8,0.3,364.68,17.32
2020-04-26,Standard Class,Corporate,East,Furniture,Furnishings,Boston,5,0.15,933.46,-41.68
2020-04-27,Standard Class,Consumer,South,Office Supplies,Appliances,Atlanta,9,0.1,218.54,23.92
2020-04-27,Standard Class,Home Office,East,Office Supplies,Envelopes,Boston,8,0.2,423.64,-3.18
2020-04-27,Standard Class,Corporate,West,Office Supplies,Storage,San Francisco,8,0.05,589.89,38.81
2020-04-27,Standard Class,Consumer,East,Office Supplies,Art,Boston,4,0.0,112.1,26.68
2020-04-27,Second Class,Home Office,South,Office Supplies,Paper,Charlotte,4,0.15,116.59,20.55
2020-04-27,First Class,Corporate,East,Technology,Phones,Philadelphia,1,0.0,142.74,31.01
2020-04-27,Standard Class,Consumer,Central,Furniture,Tables,Dallas,2,0.2,455.48,-33.75
2020-04-27,Standard Class,Consumer,East,Office Supplies,Binders,New York City,1,0.05,60.02,10.45
2020-04-27,Standard Class,Corporate,West,Office Supplies,Fasteners,Los Angeles,9,0.1,473.1,24.37
2020-04-28,Second Class,Corporate,West,Office Supplies,Art,Denver,9,0.1,480.79,44.24
2020-04-28,Standard Class,Consumer,West,Technology,Machines,Seattle,8,0.4,1434.76,-202.77
2020-04-28,Standard Class,Home Office,Central,Office Supplies,Labels,Minneapolis,8,0.2,563.28,69.3
2020-04-28,First Class,Consumer,Central,Office Supplies,Labels,Minneapolis,1,0.1,44.45,7.99
2020-04-28,Second Class,Consumer,Central,Office Supplies,Envelopes,Minneapolis,9,0.2,528.99,48.32
2020-04-29,Same Day,Consumer,Central,Technology,Machines,Dallas,2,0.0,668.88,136.82
2020-04-29,Standard Class,Home Office,East,Technology,Copiers,New York City,2,0.0,338.69,47.64
2020-04-29,Standard Class,Corporate,East,Office Supplies,Envelopes,Boston,9,0.0,469.88,79.97
2020-04-29,Second Class,Corporate,West,Furniture,Furnishings,Seattle,9,0.1,697.9,-2.4
2020-04-29,First Class,Home Office,South,Office Supplies,Appliances,Nashville,6,0.1,139.87,9.87
2020-04-29,Standard Class,Consumer,East,Office Supplies,Paper,New York City,8,0.15,391.91,12.03
2020-04-30,Standard Class,Consumer,East,Office Supplies,Fasteners,Philadelphia,7,0.3,161.79,-7.22
2020-04-30,Second Class,Consumer,Central,Technology,Accessories,Dallas,7,0.1,1532.82,242.41
2020-04-30,Standard Class,Consumer,West,Office Supplies,Paper,San Francisco,5,0.3,191.1,-6.32
2020-04-30,Standard Class,Home Office,Central,Office Supplies,Appliances,Minneapolis,9,0.05,1295.56,27.51
2020-04-30,Standard Class,Consumer,West,Office Supplies,Paper,Los Angeles,4,0.15,247.24,20.89
2020-04-30,Second Class,Corporate,Central,Technology,Phones,Dallas,3,0.0,916.84,198.64
2020-04-30,Standard Class,Corporate,West,Office Supplies,Paper,Los Angeles,4,0.2,407.92,-20.31
2020-05-01,Same Day,Consumer,East,Office Supplies,Envelopes,Columbus,2,0.0,107.53,23.19
2020-05-01,First Class,Home Office,Central,Technology,Accessories,Dallas,4,0.0,1939.88,242.56
2020-05-01,Standard Class,Consumer,East,Office Supplies,Art,Columbus,4,0.0,190.72,35.76
2020-05-01,Second Class,Consumer,Central,Furniture,Tables,Minneapolis,7,0.0,3352.76,659.44
2020-05-01,Standard Class,Corporate,West,Office Supplies,Storage,Los Angeles,7,0.05,187.93,39.05
2020-05-01,Standard Class,Consumer,South,Office Supplies,Storage,Miami,8,0.1,339.35,14.44
2020-05-01,Standard Class,Consumer,West,Office Supplies,Fasteners,San Francisco,8,0.1,274.43,28.65
2020-05-02,Standard Class,Corporate,Central,Furniture,Tables,Chicago,6,0.4,473.45,-58.84
2020-05-02,Standard Class,Consumer,East,Furniture,Tables,Boston,5,0.0,1418.13,111.45
2020-05-03,First Class,Consumer,Central,Office Supplies,Fasteners,Chicago,6,0.1,160.45,-4.4
2020-05-03,Standard Class,Corporate,East,Office Supplies,Fasteners,Columbus,7,0.2,421.18,57.57
2020-05-03,Standard Class,Corporate,South,Office Supplies,Fasteners,Miami,2,0.2,150.03,-6.6
2020-05-03,Standard Class,Corporate,East,Office Supplies,Art,Columbus,4,0.2,320.23,28.96
2020-05-03,Second Class,Home Office,Central,Technology,Accessories,Minneapolis,7,0.3,1487.56,5.79
2020-05-03,First Class,Corporate,East,Office Supplies,Appliances,Boston,4,0.0,132.49,21.95
2020-05-03,Standard Class,Consumer,East,Office Supplies,Binders,Columbus,4,0.1,167.15,26.13
2020-05-03,Standard Class,Consumer,West,Office Supplies,Binders,Denver,7,0.2,508.85,14.38
2020-05-03,Standard Class,Corporate,West,Furniture,Bookcases,Los Angeles,5,0.05,602.08,8.35
2020-05-04,Same Day,Corporate,West,Office Supplies,Binders,Los Angeles,5,0.0,388.4,70.63
2020-05-04,Standard Class,Corporate,West,Furniture,Bookcases,Los Angeles,1,0.1,181.12,18.51
2020-05-04,Standard Class,Consumer,West,Technology,Accessories,Los Angeles,3,0.0,1014.3,194.87
2020-05-04,Standard Class,Home Office,Central,Office Supplies,Appliances,Chicago,2,0.3,107.91,11.76
2020-05-04,Second Class,Consumer,South,Technology,Machines,Charlotte,2,0.2,633.73,120.01
2020-05-04,Standard Class,Corporate,West,Furniture,Bookcases,San Francisco,1,0.2,49.66,-2.16
2020-05-05,First Class,Consumer,West,Office Supplies,Labels,Seattle,5,0.1,407.23,36.28
2020-05-05,Standard Class,Home Office,Central,Office Supplies,Paper,Minneapolis,3,0.0,211.4,38.34
2020-05-05,First Class,Consumer,East,Furniture,Bookcases,Columbus,8,0.05,4101.61,538.71
2020-05-05,Standard Class,Consumer,West,Office Supplies,Fasteners,Denver,7,0.15,346.22,48.89
2020-05-05,Second Class,Corporate,West,Office Supplies,Fasteners,San Francisco,3,0.2,139.95,13.59
2020-05-05,Standard Class,Consumer,Central,Office Supplies,Binders,Dallas,6,0.0,254.52,29.72
2020-05-05,First Class,Consumer,West,Office Supplies,Supplies,Los Angeles,6,0.2,340.46,31.08
2020-05-06,First Class,Corporate,West,Office Supplies,Labels,Denver,9,0.0,258.17,68.34
2020-05-06,Standard Class,Consumer,East,Office Supplies,Fasteners,Philadelphia,2,0.1,83.65,11.32
2020-05-06,First Class,Home Office,Central,Technology,Copiers,Minneapolis,8,0.2,1790.6,381.9
2020-05-06,First Class,Home Office,West,Office Supplies,Fasteners,Los Angeles,5,0.15,371.64,69.04
2020-05-07,Standard Class,Corporate,West,Technology,Copiers,Denver,3,0.15,455.55,-3.96
2020-05-07,Standard Class,Corporate,East,Furniture,Furnishings,Columbus,5,0.4,703.53,-52.52
2020-05-07,Standard Class,Consumer,East,Office Supplies,Binders,Columbus,8,0.15,280.28,15.04
2020-05-07,Second Class,Consumer,West,Furniture,Bookcases,San Francisco,5,0.2,845.05,8.94
2020-05-07,Standard Class,Consumer,East,Office Supplies,Fasteners,New York City,6,0.1,504.5,101.55
2020-05-07,Standard Class,Consumer,West,Furniture,Chairs,San Francisco,2,0.15,657.04,-69.27
2020-05-07,Second Class,Home Office,West,Office Supplies,Storage,San Francisco,1,0.0,91.56,19.35
2020-05-07,Standard Class,Consumer,Central,Technology,Accessories,Dallas,4,0.1,541.52,39.56
2020-05-08,Standard Class,Corporate,East,Technology,Copiers,New York City,4,0.15,287.03,43.87
2020-05-08,Standard Class,Consumer,Central,Furniture,Furnishings,Houston,9,0.2,1577.09,84.85
2020-05-08,Standard Class,Home Office,West,Office Supplies,Binders,Los Angeles,2,0.3,58.88,0.89
2020-05-08,Standard Class,Consumer,Central,Office Supplies,Envelopes,Minneapolis,6,0.4,174.98,-7.36
2020-05-08,Standard Class,Corporate,West,Office Supplies,Labels,San Francisco,8,0.2,553.56,48.91
2020-05-08,Standard Class,Corporate,West,Office Supplies,Binders,San Francisco,9,0.0,751.75,98.26
2020-05-09,Second Class,Consumer,South,Office Supplies,Supplies,Atlanta,2,0.0,208.42,34.06
2020-05-09,First Class,Consumer,Central,Technology,Phones,Chicago,4,0.0,1301.44,396.73
2020-05-09,Standard Class,Corporate,East,Office Supplies,Appliances,Columbus,5,0.15,224.11,9.69
2020-05-09,Standard Class,Consumer,East,Office Supplies,Appliances,New York City,5,0.0,108.45,15.87
2020-05-09,Standard Class,Corporate,Central,Office Supplies,Appliances,Houston,9,0.0,564.67,25.2
2020-05-09,Standard Class,Home Office,West,Technology,Machines,Seattle,3,0.2,912.64,138.88
2020-05-09,Standard Class,Home Office,West,Office Supplies,Labels,Seattle,1,0.1,76.4,7.52
2020-05-09,Standard Class,Corporate,West,Furniture,Bookcases,Seattle,3,0.0,362.81,20.95
2020-05-10,Second Class,Consumer,South,Technology,Phones,Charlotte,1,0.0,625.45,109.35
2020-05-10,Standard Class,Consumer,Central,Technology,Phones,Chicago,9,0.3,1452.23,166.43
2020-05-10,Standard Class,Consumer,East,Office Supplies,Paper,Boston,6,0.0,653.37,174.38
2020-05-10,Same Day,Consumer,South,Technology,Phones,Miami,3,0.15,1080.28,167.57
2020-05-10,Standard Class,Corporate,West,Office Supplies,Binders,Denver,2,0.2,157.86,9.64
2020-05-10,Standard Class,Corporate,East,Furniture,Furnishings,New York City,1,0.0,221.36,28.29
2020-05-11,First Class,Consumer,Central,Office Supplies,Art,Houston,6,0.0,249.17,41.14
2020-05-11,Same Day,Consumer,South,Office Supplies,Binders,Nashville,1,0.2,18.72,1.52
2020-05-11,First Class,Corporate,Central,Technology,Accessories,Houston,5,0.2,822.52,47.27
2020-05-11,Standard Class,Consumer,Central,Office Supplies,Envelopes,Chicago,1,0.15,18.67,0.68
2020-05-11,Standard Class,Consumer,West,Office Supplies,Fasteners,Los Angeles,6,0.3,98.33,0.89
2020-05-11,Second Class,Consumer,Central,Office Supplies,Art,Houston,7,0.3,358.81,-17.95
2020-05-12,Standard Class,Consumer,Central,Office Supplies,Paper,Chicago,5,0.0,121.95,14.52
2020-05-12,Standard Class,Corporate,Central,Office Supplies,Labels,Chicago,6,0.4,212.79,-22.28
2020-05-12,Second Class,Corporate,Central,Office Supplies,Storage,Chicago,5,0.3,186.9,3.19
2020-05-12,Standard Class,Home Office,South,Office Supplies,Labels,Charlotte,9,0.15,581.91,44.22
2020-05-12,First Class,Home Office,East,Office Supplies,Binders,Philadelphia,9,0.0,334.16,80.96
2020-05-12,Standard Class,Home Office,South,Office Supplies,Paper,Miami,7,0.05,225.63,35.8
2020-05-12,Standard Class,Consumer,West,Office Supplies,Supplies,Los Angeles,8,0.2,547.74,38.55
2020-05-12,Second Class,Consumer,South,Office Supplies,Supplies,Charlotte,3,0.05,85.86,8.51
2020-05-13,Standard Class,Consumer,South,Furniture,Furnishings,Nashville,9,0.0,2791.17,267.42
2020-05-13,Standard Class,Consumer,Central,Technology,Phones,Dallas,9,0.0,1019.45,228.99
2020-05-13,Standard Class,Consumer,West,Office Supplies,Envelopes,Seattle,9,0.1,752.62,68.0
2020-05-13,Standard Class,Consumer,Central,Furniture,Tables,Dallas,6,0.15,1006.48,30.57
2020-05-13,Second Class,Consumer,South,Office Supplies,Supplies,Nashville,3,0.0,138.54,19.1
2020-05-13,First Class,Corporate,East,Furniture,Chairs,Columbus,6,0.15,1336.16,43.83
2020-05-13,Standard Class,Home Office,East,Technology,Copiers,Columbus,8,0.1,3432.77,739.46
2020-05-13,Standard Class,Consumer,West,Office Supplies,Fasteners,San Francisco,8,0.1,267.19,26.17
2020-05-13,Standard Class,Corporate,West,Office Supplies,Binders,San Francisco,1,0.0,46.66,9.31
2020-05-14,Second Class,Home Office,East,Office Supplies,Art,New York City,2,0.0,202.15,22.91
2020-05-14,Standard Class,Consumer,South,Office Supplies,Supplies,Atlanta,6,0.05,175.79,27.04
2020-05-14,Standard Class,Home Office,Central,Office Supplies,Appliances,Minneapolis,8,0.3,143.6,1.25
2020-05-14,First Class,Consumer,Central,Technology,Accessories,Dallas,8,0.15,1220.41,142.87
2020-05-15,Standard Class,Consumer,Central,Office Supplies,Paper,Minneapolis,9,0.2,673.57,61.2
2020-05-15,Standard Class,Consumer,East,Furniture,Tables,Philadelphia,4,0.1,408.61,-9.62
2020-05-15,Second Class,Home Office,Central,Furniture,Bookcases,Minneapolis,6,0.15,1148.23,-32.28
2020-05-16,Standard Class,Corporate,Central,Office Supplies,Fasteners,Chicago,2,0.05,73.65,14.02
2020-05-16,Second Class,Consumer,East,Furniture,Tables,New York City,2,0.2,132.62,-8.82
2020-05-16,Second Class,Corporate,West,Office Supplies,Labels,Los Angeles,7,0.0,259.28,23.5
2020-05-16,Standard Class,Corporate,East,Office Supplies,Art,New York City,5,0.0,298.11,69.05
2020-05-16,Second Class,Corporate,East,Office Supplies,Paper,Columbus,5,0.1,531.88,68.12
2020-05-16,First Class,Consumer,West,Office Supplies,Binders,Los Angeles,9,0.1,225.11,-0.32
2020-05-16,Standard Class,Consumer,East,Technology,Phones,New York City,5,0.0,1411.89,330.59
2020-05-16,Standard Class,Corporate,East,Office Supplies,Binders,Philadelphia,3,0.2,314.96,25.54
2020-05-16,Second Class,Consumer,Central,Office Supplies,Envelopes,Houston,6,0.0,459.07,86.95
2020-05-17,Second Class,Consumer,West,Office Supplies,Paper,Seattle,8,0.3,369.32,50.54
2020-05-17,Standard Class,Consumer,Central,Technology,Phones,Minneapolis,5,0.15,1439.76,199.76
2020-05-17,Standard Class,Consumer,South,Technology,Accessories,Nashville,8,0.05,2971.31,656.71
2020-05-17,Standard Class,Consumer,South,Office Supplies,Fasteners,Miami,4,0.0,385.15,77.62
2020-05-17,First Class,Corporate,East,Office Supplies,Binders,New York City,2,0.2,85.33,4.24
2020-05-17,Standard Class,Consumer,East,Office Supplies,Fasteners,Philadelphia,7,0.15,652.15,72.2
2020-05-17,Standard Class,Consumer,East,Office Supplies,Binders,New York City,4,0.0,398.09,16.25
2020-05-17,Standard Class,Consumer,West,Office Supplies,Labels,Los Angeles,7,0.4,438.52,-48.77
2020-05-17,Standard Class,Consumer,East,Office Supplies,Envelopes,New York City,2,0.0,131.22,16.82
2020-05-17,Standard Class,Home Office,Central,Office Supplies,Labels,Chicago,2,0.4,41.03,-4.38
2020-05-17,First Class,Consumer,South,Technology,Machines,Miami,2,0.2,655.32,41.69
2020-05-18,Standard Class,Consumer,West,Office Supplies,Binders,Los Angeles,9,0.0,389.05,48.47
2020-05-18,First Class,Consumer,East,Office Supplies,Fasteners,New York City,9,0.4,564.49,-10.71
2020-05-18,Standard Class,Home Office,South,Furniture,Furnishings,Nashville,4,0.0,407.16,18.2
2020-05-18,First Class,Consumer,South,Technology,Copiers,Miami,9,0.1,3376.66,288.64
2020-05-18,Second Class,Consumer,East,Office Supplies,Fasteners,Philadelphia,2,0.0,92.75,13.44
2020-05-18,Second Class,Home Office,West,Office Supplies,Supplies,Denver,2,0.15,340.6,5.25
2020-05-18,Second Class,Consumer,East,Office Supplies,Art,Philadelphia,8,0.2,414.33,10.23
2020-05-18,Standard Class,Consumer,Central,Technology,Copiers,Houston,7,0.05,1879.44,254.34
2020-05-18,Standard Class,Consumer,West,Office Supplies,Supplies,San Francisco,7,0.15,297.89,30.26
2020-05-18,Standard Class,Consumer,Central,Technology,Copiers,Houston,6,0.3,876.43,87.51
2020-05-18,Standard Class,Consumer,Central,Office Supplies,Storage,Houston,4,0.2,170.97,12.37
2020-05-19,Standard Class,Corporate,South,Office Supplies,Labels,Miami,7,0.2,161.86,5.79
2020-05-19,Standard Class,Consumer,West,Office Supplies,Paper,Denver,7,0.2,785.15,18.55
2020-05-19,Second Class,Corporate,West,Office Supplies,Paper,Seattle,9,0.3,828.82,-34.41
2020-05-19,Standard Class,Consumer,West,Furniture,Chairs,Los Angeles,4,0.4,528.6,-20.33
2020-05-19,Standard Class,Consumer,West,Office Supplies,Appliances,Los Angeles,5,0.0,389.92,56.62
2020-05-19,Second Class,Consumer,West,Office Supplies,Envelopes,Seattle,8,0.2,265.75,-1.3
2020-05-19,Second Class,Consumer,East,Office Supplies,Appliances,Boston,5,0.0,154.65,27.87
2020-05-19,Standard Class,Home Office,Central,Office Supplies,Paper,Minneapolis,7,0.0,247.32,44.06
2020-05-19,Standard Class,Home Office,Central,Office Supplies,Fasteners,Minneapolis,7,0.2,208.86,-0.34
2020-05-19,Standard Class,Home Office,East,Office Supplies,Envelopes,Columbus,7,0.2,479.47,16.46
2020-05-20,Standard Class,Consumer,Central,Office Supplies,Supplies,Chicago,7,0.2,263.57,11.99
2020-05-20,Standard Class,Consumer,West,Office Supplies,Storage,Seattle,2,0.0,228.52,47.7
2020-05-20,Standard Class,Consumer,East,Furniture,Chairs,New York City,3,0.0,770.63,-19.73
2020-05-20,Standard Class,Corporate,East,Office Supplies,Storage,New York City,6,0.2,140.84,1.52
2020-05-20,Standard Class,Consumer,South,Office Supplies,Labels,Miami,8,0.3,493.94,31.45
2020-05-20,Standard Class,Home Office,West,Office Supplies,Paper,San Francisco,7,0.3,560.22,28.04
2020-05-20,Standard Class,Consumer,East,Technology,Phones,Boston,8,0.1,859.02,26.83
2020-05-20,Standard Class,Home Office,Central,Office Supplies,Envelopes,Houston,8,0.1,275.76,11.17
2020-05-20,Standard Class,Corporate,Central,Furniture,Chairs,Dallas,2,0.3,274.74,-18.41
2020-05-20,Standard Class,Consumer,East,Furniture,Chairs,Columbus,2,0.0,937.62,127.54
2020-05-21,Standard Class,Corporate,Central,Office Supplies,Labels,Minneapolis,4,0.1,240.06,27.53
2020-05-21,First Class,Consumer,Central,Furniture,Bookcases,Minneapolis,1,0.2,282.23,-48.04
2020-05-21,Second Class,Consumer,Central,Technology,Machines,Minneapolis,4,0.4,1077.66,-151.61
2020-05-21,Standard Class,Home Office,West,Office Supplies,Labels,Seattle,1,0.15,66.22,3.01
2020-05-21,Standard Class,Corporate,South,Technology,Machines,Miami,9,0.2,912.1,10.33
2020-05-21,Second Class,Corporate,South,Furniture,Tables,Atlanta,6,0.0,1652.61,27.92
2020-05-21,Second Class,Corporate,East,Technology,Phones,New York City,2,0.15,301.11,18.72
2020-05-21,Standard Class,Corporate,Central,Office Supplies,Envelopes,Dallas,1,0.0,31.54,3.98
2020-05-21,Standard Class,Consumer,East,Furniture,Tables,New York City,2,0.1,153.88,2.73
2020-05-22,Standard Class,Home Office,West,Furniture,Furnishings,San Francisco,7,0.1,1313.1,-59.82
2020-05-22,Second Class,Consumer,East,Office Supplies,Binders,New York City,6,0.4,81.54,2.37
2020-05-22,Standard Class,Consumer,East,Office Supplies,Supplies,New York City,2,0.1,92.63,11.28
2020-05-22,First Class,Consumer,East,Office Supplies,Storage,Philadelphia,8,0.1,541.09,79.92
2020-05-22,Standard Class,Consumer,East,Furniture,Furnishings,Columbus,7,0.0,710.71,59.11
2020-05-22,Standard Class,Corporate,West,Office Supplies,Storage,Denver,3,0.1,486.39,101.11
2020-05-22,Standard Class,Home Office,East,Technology,Accessories,Columbus,2,0.4,347.59,-2.62
2020-05-22,Second Class,Consumer,East,Furniture,Bookcases,Philadelphia,7,0.3,1289.31,-59.02
2020-05-22,Standard Class,Corporate,West,Office Supplies,Appliances,Denver,9,0.15,115.54,21.81
2020-05-22,Standard Class,Corporate,Central,Office Supplies,Binders,Dallas,1,0.05,49.2,3.65
2020-05-23,First Class,Consumer,South,Office Supplies,Appliances,Miami,4,0.2,125.64,8.8
2020-05-23,Standard Class,Consumer,East,Technology,Machines,Philadelphia,8,0.2,1098.35,103.26
2020-05-23,First Class,Consumer,West,Office Supplies,Storage,Los Angeles,4,0.05,104.74,12.36
2020-05-23,Standard Class,Consumer,West,Furniture,Bookcases,Los Angeles,2,0.2,346.83,-14.88
2020-05-23,Second Class,Corporate,West,Technology,Machines,Los Angeles,5,0.2,1142.11,89.51
2020-05-23,Standard Class,Corporate,East,Office Supplies,Labels,Columbus,4,0.05,133.1,30.29
2020-05-23,Second Class,Home Office,West,Office Supplies,Envelopes,Denver,7,0.0,757.96,120.66
2020-05-23,Standard Class,Corporate,East,Office Supplies,Appliances,New York City,3,0.0,105.47,21.11
2020-05-23,Standard Class,Consumer,East,Furniture,Chairs,Philadelphia,3,0.0,506.82,70.21
2020-05-23,First Class,Corporate,Central,Office Supplies,Storage,Dallas,6,0.4,98.24,-7.5
2020-05-23,Second Class,Corporate,East,Technology,Accessories,Philadelphia,7,0.1,1053.96,138.93
2020-05-24,Second Class,Consumer,Central,Office Supplies,Appliances,Dallas,1,0.3,29.76,2.86
2020-05-24,Standard Class,Home Office,East,Office Supplies,Labels,Boston,1,0.1,46.86,2.89
2020-05-24,First Class,Consumer,Central,Office Supplies,Appliances,Houston,4,0.0,205.45,21.65
2020-05-24,Second Class,Consumer,West,Furniture,Furnishings,San Francisco,9,0.0,1053.6,113.17
2020-05-24,Standard Class,Corporate,East,Technology,Accessories,Philadelphia,8,0.3,2032.24,101.43
2020-05-24,Standard Class,Consumer,Central,Technology,Accessories,Chicago,7,0.3,1354.17,21.15
2020-05-24,Second Class,Corporate,Central,Office Supplies,Appliances,Dallas,7,0.0,625.01,150.26
2020-05-24,Standard Class,Home Office,Central,Office Supplies,Appliances,Minneapolis,8,0.2,237.09,6.67
2020-05-25,Standard Class,Home Office,Central,Office Supplies,Paper,Minneapolis,6,0.0,189.62,36.42
2020-05-25,Standard Class,Corporate,South,Office Supplies,Envelopes,Nashville,8,0.0,550.88,38.39
2020-05-25,Standard Class,Consumer,Central,Technology,Phones,Minneapolis,8,0.0,1284.86,435.35
2020-05-25,Standard Class,Consumer,West,Office Supplies,Storage,Seattle,9,0.0,559.52,71.79
2020-05-25,Standard Class,Consumer,Central,Furniture,Furnishings,Dallas,1,0.0,218.78,0.37
2020-05-25,Standard Class,Consumer,West,Furniture,Tables,San Francisco,5,0.4,489.66,-102.9
2020-05-25,Standard Class,Consumer,South,Office Supplies,Supplies,Atlanta,9,0.4,532.07,-53.88
2020-05-25,Standard Class,Corporate,East,Technology,Phones,Philadelphia,5,0.0,799.05,137.44
2020-05-25,Standard Class,Consumer,East,Office Supplies,Appliances,New York City,3,0.2,86.39,-0.86
2020-05-25,First Class,Corporate,South,Furniture,Bookcases,Nashville,2,0.2,193.1,-15.19
2020-05-25,Standard Class,Consumer,South,Office Supplies,Storage,Nashville,6,0.2,256.78,11.92
2020-05-26,First Class,Consumer,West,Office Supplies,Art,Denver,8,0.0,1288.36,273.21
2020-05-26,Second Class,Consumer,West,Office Supplies,Supplies,Los Angeles,9,0.2,474.08,46.96
2020-05-26,Second Class,Corporate,West,Furniture,Tables,Seattle,8,0.4,1018.31,-203.03
2020-05-26,First Class,Consumer,East,Technology,Copiers,Boston,9,0.2,1460.76,154.59
2020-05-26,Standard Class,Corporate,East,Furniture,Bookcases,New York City,1,0.1,252.76,6.49
2020-05-26,Standard Class,Consumer,East,Furniture,Bookcases,Columbus,8,0.0,1367.3,-3.15
2020-05-26,Standard Class,Corporate,Central,Office Supplies,Fasteners,Chicago,4,0.1,150.16,6.27
2020-05-26,Second Class,Corporate,Central,Office Supplies,Art,Houston,6,0.0,267.65,-2.66
2020-05-27,Standard Class,Consumer,East,Furniture,Chairs,New York City,4,0.15,690.92,-8.24
2020-05-27,Standard Class,Home Office,West,Office Supplies,Supplies,San Francisco,4,0.1,159.25,22.74
2020-05-27,Standard Class,Corporate,Central,Technology,Machines,Houston,8,0.0,1137.48,243.84
2020-05-27,First Class,Corporate,West,Office Supplies,Labels,San Francisco,9,0.4,327.87,-3.21
2020-05-27,Standard Class,Consumer,East,Office Supplies,Binders,New York City,3,0.05,94.41,9.19
2020-05-28,First Class,Consumer,South,Furniture,Tables,Nashville,1,0.05,386.44,21.05
2020-05-28,Standard Class,Corporate,South,Technology,Machines,Nashville,8,0.05,3457.49,614.0
2020-05-28,Standard Class,Consumer,East,Technology,Machines,Columbus,7,0.3,1724.65,110.64
2020-05-28,Second Class,Home Office,West,Office Supplies,Paper,San Francisco,9,0.05,847.78,130.31
2020-05-28,Standard Class,Home Office,South,Office Supplies,Fasteners,Miami,5,0.1,114.39,7.39
2020-05-29,First Class,Home Office,West,Office Supplies,Paper,Los Angeles,7,0.1,143.19,18.84
2020-05-29,Same Day,Consumer,East,Technology,Accessories,New York City,1,0.0,256.91,48.85
2020-05-29,Standard Class,Corporate,East,Office Supplies,Labels,Columbus,8,0.0,395.54,70.81
2020-05-29,First Class,Home Office,East,Technology,Phones,Columbus,1,0.05,613.06,121.59
2020-05-29,Standard Class,Consumer,West,Office Supplies,Binders,Denver,9,0.15,450.69,17.64
2020-05-30,Standard Class,Home Office,Central,Furniture,Bookcases,Chicago,1,0.2,102.01,-10.69
2020-05-30,Same Day,Corporate,West,Office Supplies,Appliances,San Francisco,3,0.0,335.21,59.27
2020-05-30,Second Class,Consumer,East,Technology,Accessories,Boston,3,0.1,763.18,157.8
2020-05-30,First Class,Consumer,West,Office Supplies,Envelopes,Seattle,7,0.2,797.39,-23.81
2020-05-30,Standard Class,Home Office,South,Technology,Accessories,Nashville,2,0.2,365.68,38.08
2020-05-30,Second Class,Corporate,Central,Office Supplies,Paper,Minneapolis,5,0.0,302.47,70.97
2020-05-30,Standard Class,Consumer,East,Office Supplies,Labels,Columbus,1,0.2,30.31,2.25
2020-05-30,First Class,Home Office,Central,Office Supplies,Supplies,Chicago,9,0.2,451.57,-3.83
2020-05-30,Standard Class,Consumer,West,Technology,Copiers,Denver,1,0.15,139.75,20.28
2020-05-31,First Class,Corporate,Central,Furniture,Bookcases,Minneapolis,1,0.15,142.79,-4.35
2020-05-31,Standard Class,Corporate,South,Office Supplies,Paper,Miami,9,0.05,220.05,9.21
2020-05-31,Same Day,Home Office,East,Office Supplies,Labels,Philadelphia,4,0.0,185.51,23.67
2020-05-31,Standard Class,Corporate,West,Technology,Accessories,San Francisco,5,0.0,2034.73,572.71
2020-05-31,Standard Class,Consumer,East,Furniture,Tables,Philadelphia,5,0.1,844.03,98.09
2020-05-31,Standard Class,Consumer,Central,Office Supplies,Appliances,Houston,4,0.2,175.9,15.16
2020-05-31,Second Class,Corporate,East,Furniture,Tables,Boston,3,0.0,726.2,74.97
2020-05-31,First Class,Consumer,West,Office Supplies,Fasteners,San Francisco,2,0.1,187.53,8.27
2020-05-31,Standard Class,Consumer,West,Office Supplies,Envelopes,San Francisco,9,0.15,554.78,-19.29
2020-06-01,Standard Class,Home Office,East,Furniture,Bookcases,Philadelphia,5,0.0,1294.35,167.6
2020-06-01,Standard Class,Corporate,Central,Furniture,Tables,Houston,1,0.1,125.41,10.78
2020-06-01,Standard Class,Home Office,Central,Office Supplies,Fasteners,Chicago,9,0.0,472.11,76.42
2020-06-01,Second Class,Consumer,East,Technology,Machines,New York City,8,0.15,1939.06,247.26
2020-06-01,Standard Class,Home Office,West,Office Supplies,Fasteners,San Francisco,4,0.2,80.43,6.83
2020-06-02,Second Class,Consumer,South,Furniture,Chairs,Nashville,7,0.2,1227.09,-78.84
2020-06-02,Standard Class,Home Office,East,Office Supplies,Appliances,New York City,6,0.1,266.88,18.44
2020-06-02,Standard Class,Consumer,West,Office Supplies,Appliances,Denver,2,0.15,85.81,15.66
2020-06-02,Standard Class,Corporate,Central,Office Supplies,Storage,Houston,6,0.15,347.01,-19.19
2020-06-02,Standard Class,Home Office,West,Office Supplies,Storage,Seattle,2,0.0,116.29,21.77
2020-06-02,Standard Class,Consumer,West,Office Supplies,Paper,Denver,3,0.0,164.43,30.08
2020-06-02,Standard Class,Consumer,East,Office Supplies,Labels,Boston,5,0.2,113.08,-7.57
2020-06-03,Standard Class,Home Office,West,Office Supplies,Supplies,San Francisco,9,0.1,373.82,17.98
2020-06-03,Standard Class,Consumer,Central,Furniture,Chairs,Minneapolis,6,0.0,2602.1,264.68
2020-06-03,First Class,Home Office,South,Furniture,Bookcases,Charlotte,8,0.15,1376.63,11.95
2020-06-03,Second Class,Corporate,Central,Office Supplies,Labels,Chicago,2,0.05,205.04,25.75
2020-06-03,Standard Class,Consumer,West,Furniture,Tables,San Francisco,6,0.1,925.89,-41.31
2020-06-03,Standard Class,Consumer,South,Technology,Copiers,Miami,2,0.0,1129.86,343.32
2020-06-03,Standard Class,Consumer,West,Furniture,Tables,San Francisco,6,0.0,1092.47,4.45
2020-06-03,Standard Class,Consumer,West,Technology,Accessories,Los Angeles,8,0.0,1668.61,249.09
2020-06-04,Standard Class,Consumer,Central,Technology,Accessories,Chicago,5,0.0,979.52,186.93
2020-06-04,Standard Class,Consumer,East,Office Supplies,Envelopes,New York City,1,0.3,50.92,-1.24
2020-06-04,Standard Class,Consumer,South,Technology,Phones,Miami,6,0.3,913.91,92.91
2020-06-05,First Class,Home Office,East,Office Supplies,Appliances,New York City,2,0.0,262.71,35.56
2020-06-05,Standard Class,Consumer,East,Office Supplies,Binders,New York City,1,0.15,21.37,2.24
2020-06-05,Standard Class,Home Office,West,Office Supplies,Storage,Denver,2,0.15,264.25,24.09
2020-06-06,First Class,Corporate,Central,Office Supplies,Supplies,Dallas,6,0.1,704.37,17.5
2020-06-06,Standard Class,Consumer,East,Furniture,Chairs,Columbus,4,0.4,252.58,-27.25
2020-06-06,Standard Class,Consumer,South,Furniture,Chairs,Charlotte,3,0.0,345.11,11.51
2020-06-06,Standard Class,Consumer,East,Office Supplies,Appliances,Columbus,6,0.3,140.48,-1.82
2020-06-06,Standard Class,Consumer,West,Office Supplies,Labels,San Francisco,4,0.0,126.91,20.32
2020-06-06,Standard Class,Corporate,West,Office Supplies,Storage,Los Angeles,9,0.0,625.87,90.67
2020-06-06,First Class,Corporate,East,Furniture,Bookcases,Philadelphia,7,0.05,1598.01,67.9
2020-06-06,Standard Class,Corporate,East,Technology,Copiers,Philadelphia,3,0.2,383.43,47.03
2020-06-07,Standard Class,Consumer,South,Office Supplies,Paper,Charlotte,1,0.1,118.17,15.48
2020-06-07,First Class,Consumer,South,Technology,Copiers,Miami,9,0.2,1600.74,344.97
2020-06-07,Standard Class,Corporate,West,Furniture,Tables,Los Angeles,8,0.15,774.36,-32.56
2020-06-07,Standard Class,Corporate,East,Office Supplies,Art,Boston,7,0.05,608.89,78.73
2020-06-07,Second Class,Consumer,West,Office Supplies,Storage,Los Angeles,3,0.0,105.28,21.54
2020-06-08,Standard Class,Consumer,West,Technology,Accessories,San Francisco,8,0.15,2308.35,304.41
2020-06-08,Standard Class,Home Office,West,Office Supplies,Storage,San Francisco,9,0.15,357.03,20.75
2020-06-08,First Class,Home Office,West,Technology,Copiers,San Francisco,2,0.2,212.79,45.57
2020-06-08,Standard Class,Consumer,Central,Office Supplies,Fasteners,Dallas,4,0.4,127.77,-12.29
2020-06-08,Standard Class,Home Office,Central,Furniture,Bookcases,Houston,6,0.2,496.12,-24.71
2020-06-08,Standard Class,Consumer,East,Technology,Copiers,Philadelphia,9,0.4,919.0,-135.99
2020-06-08,First Class,Corporate,East,Office Supplies,Art,Columbus,5,0.1,500.98,55.47
2020-06-08,Standard Class,Corporate,East,Office Supplies,Supplies,Philadelphia,9,0.0,327.5,54.49
2020-06-08,Second Class,Home Office,Central,Office Supplies,Envelopes,Dallas,2,0.2,43.21,4.25
2020-06-08,Standard Class,Consumer,South,Office Supplies,Paper,Nashville,8,0.3,354.67,-0.62
2020-06-09,Second Class,Home Office,East,Office Supplies,Labels,Philadelphia,3,0.0,195.92,38.53
2020-06-09,Standard Class,Corporate,East,Technology,Machines,Boston,9,0.15,2696.58,268.1
2020-06-09,Second Class,Corporate,Central,Office Supplies,Paper,Chicago,8,0.2,477.43,-37.71
2020-06-09,Standard Class,Consumer,East,Office Supplies,Supplies,Boston,3,0.0,96.89,24.3
2020-06-09,Second Class,Corporate,East,Office Supplies,Labels,New York City,2,0.2,107.05,5.78
2020-06-09,First Class,Corporate,Central,Office Supplies,Supplies,Houston,7,0.1,888.24,34.43
2020-06-09,Standard Class,Consumer,South,Office Supplies,Binders,Charlotte,9,0.1,106.09,15.59
2020-06-10,Standard Class,Home Office,East,Office Supplies,Fasteners,Boston,6,0.2,364.15,34.68
2020-06-10,Standard Class,Consumer,Central,Office Supplies,Appliances,Chicago,4,0.05,296.68,42.98
2020-06-10,Second Class,Consumer,West,Furniture,Tables,Los Angeles,7,0.0,920.4,62.63
2020-06-10,Standard Class,Consumer,South,Furniture,Tables,Atlanta,8,0.0,2069.7,304.35
2020-06-10,Standard Class,Consumer,Central,Office Supplies,Labels,Minneapolis,4,0.15,272.92,36.4
2020-06-10,First Class,Home Office,Central,Office Supplies,Binders,Minneapolis,4,0.15,65.55,-0.82
2020-06-10,Standard Class,Corporate,Central,Office Supplies,Supplies,Houston,8,0.4,210.8,10.35
2020-06-10,Standard Class,Corporate,South,Office Supplies,Binders,Miami,2,0.2,68.22,6.44
2020-06-10,Standard Class,Consumer,East,Office Supplies,Storage,Philadelphia,6,0.4,188.07,0.58
2020-06-10,Second Class,Corporate,South,Office Supplies,Supplies,Atlanta,1,0.2,80.31,0.43
2020-06-10,Second Class,Consumer,West,Office Supplies,Paper,Seattle,3,0.0,321.61,28.64
2020-06-11,Same Day,Corporate,West,Furniture,Bookcases,Los Angeles,2,0.0,225.12,8.64
2020-06-11,Standard Class,Home Office,Central,Office Supplies,Art,Dallas,8,0.1,479.09,43.8
2020-06-11,First Class,Corporate,West,Technology,Accessories,San Francisco,8,0.3,1136.47,98.46
2020-06-11,Second Class,Home Office,Central,Technology,Phones,Houston,8,0.0,4040.64,955.28
2020-06-12,Standard Class,Corporate,West,Office Supplies,Art,Seattle,3,0.2,107.61,2.27
2020-06-12,First Class,Home Office,East,Technology,Machines,Boston,2,0.4,843.71,-28.6
2020-06-12,Standard Class,Corporate,South,Technology,Machines,Atlanta,4,0.3,870.99,-44.5
2020-06-12,First Class,Consumer,East,Office Supplies,Storage,Philadelphia,1,0.05,16.35,2.02
2020-06-12,Second Class,Corporate,West,Office Supplies,Fasteners,Seattle,9,0.05,358.79,75.04
2020-06-12,Same Day,Corporate,Central,Office Supplies,Paper,Houston,3,0.0,161.14,22.74
2020-06-12,Standard Class,Home Office,Central,Office Supplies,Paper,Chicago,2,0.1,56.51,5.81
2020-06-12,Standard Class,Home Office,Central,Furniture,Tables,Dallas,9,0.05,774.21,-1.2
2020-06-13,Standard Class,Consumer,East,Office Supplies,Fasteners,New York City,9,0.2,357.33,0.41
2020-06-13,Second Class,Consumer,Central,Office Supplies,Fasteners,Houston,7,0.1,1008.71,214.13
2020-06-13,Standard Class,Consumer,West,Furniture,Chairs,Los Angeles,7,0.2,825.34,-66.85
2020-06-13,Second Class,Corporate,South,Technology,Phones,Atlanta,2,0.0,262.67,82.24
2020-06-13,Standard Class,Corporate,West,Technology,Machines,Los Angeles,1,0.0,347.34,94.62
2020-06-13,Second Class,Corporate,South,Furniture,Furnishings,Miami,7,0.2,814.44,-27.71
2020-06-13,Standard Class,Corporate,East,Furniture,Tables,New York City,6,0.3,690.89,11.46
2020-06-14,Standard Class,Corporate,East,Office Supplies,Fasteners,Philadelphia,5,0.15,308.69,53.05
2020-06-14,Same Day,Consumer,West,Office Supplies,Envelopes,Seattle,7,0.1,232.11,21.16
2020-06-14,First Class,Corporate,East,Office Supplies,Supplies,Philadelphia,7,0.0,655.19,127.57
2020-06-14,Standard Class,Corporate,West,Office Supplies,Art,Seattle,1,0.3,26.33,-1.41
2020-06-14,First Class,Consumer,East,Office Supplies,Labels,Columbus,7,0.2,440.05,52.48
2020-06-14,First Class,Home Office,South,Furniture,Bookcases,Miami,8,0.2,1868.17,-42.26
2020-06-15,Standard Class,Consumer,Central,Furniture,Furnishings,Minneapolis,4,0.2,369.72,-13.35
2020-06-15,Second Class,Consumer,West,Office Supplies,Supplies,San Francisco,2,0.0,226.72,57.14
2020-06-15,Standard Class,Consumer,West,Furniture,Chairs,Los Angeles,4,0.4,277.08,-23.87
2020-06-15,First Class,Home Office,Central,Office Supplies,Paper,Dallas,8,0.2,550.06,24.01
2020-06-16,Second Class,Consumer,West,Technology,Accessories,Denver,6,0.0,2469.41,647.62
2020-06-16,Standard Class,Consumer,West,Office Supplies,Fasteners,Seattle,8,0.15,483.37,25.96
2020-06-16,Standard Class,Consumer,Central,Furniture,Bookcases,Chicago,8,0.4,967.33,-159.51
2020-06-16,Standard Class,Corporate,East,Office Supplies,Binders,Columbus,2,0.0,90.07,14.9
2020-06-16,First Class,Corporate,South,Office Supplies,Envelopes,Charlotte,2,0.0,100.66,11.31
2020-06-16,Standard Class,Consumer,West,Furniture,Bookcases,Denver,3,0.0,522.13,24.52
2020-06-16,Standard Class,Consumer,South,Office Supplies,Fasteners,Charlotte,1,0.2,41.54,-0.14
2020-06-17,Standard Class,Consumer,East,Office Supplies,Labels,Philadelphia,9,0.0,663.92,91.98
2020-06-17,Standard Class,Corporate,Central,Office Supplies,Envelopes,Chicago,4,0.0,281.15,83.61
2020-06-17,Standard Class,Consumer,South,Furniture,Chairs,Miami,6,0.1,826.11,-36.56
2020-06-17,Standard Class,Consumer,West,Technology,Phones,Seattle,8,0.4,1318.33,-131.36
2020-06-17,Second Class,Home Office,South,Office Supplies,Fasteners,Miami,8,0.15,347.22,23.37
2020-06-17,First Class,Consumer,West,Office Supplies,Labels,Seattle,7,0.15,213.23,9.9
2020-06-17,First Class,Home Office,East,Furniture,Chairs,Boston,4,0.3,424.9,-36.28
2020-06-17,Standard Class,Corporate,West,Furniture,Furnishings,San Francisco,5,0.05,1211.65,80.08
2020-06-17,Standard Class,Consumer,West,Office Supplies,Labels,Denver,8,0.05,347.09,21.74
2020-06-17,First Class,Home Office,South,Office Supplies,Labels,Atlanta,3,0.0,107.27,10.31
2020-06-17,Standard Class,Home Office,East,Office Supplies,Labels,Philadelphia,6,0.0,268.6,23.39
2020-06-17,Second Class,Consumer,Central,Technology,Copiers,Houston,2,0.15,392.87,55.92
2020-06-18,Second Class,Consumer,East,Office Supplies,Supplies,Columbus,6,0.0,355.4,79.01
2020-06-18,First Class,Home Office,Central,Technology,Phones,Houston,7,0.1,2141.36,148.2
2020-06-18,Standard Class,Corporate,West,Technology,Phones,San Francisco,5,0.0,1111.32,295.6
2020-06-18,First Class,Consumer,West,Technology,Copiers,San Francisco,3,0.05,1124.96,302.09
2020-06-18,Second Class,Consumer,South,Furniture,Tables,Nashville,4,0.1,495.51,-15.46
2020-06-18,Standard Class,Home Office,East,Office Supplies,Binders,Boston,9,0.0,1381.13,210.76
2020-06-19,First Class,Consumer,East,Furniture,Chairs,New York City,6,0.0,1862.78,250.13
2020-06-19,Second Class,Home Office,East,Office Supplies,Binders,Boston,8,0.15,734.66,17.6
2020-06-19,Standard Class,Home Office,West,Technology,Accessories,Seattle,3,0.0,410.33,84.41
2020-06-19,Standard Class,Home Office,East,Furniture,Chairs,Philadelphia,5,0.2,1219.08,-0.88
2020-06-19,Second Class,Home Office,West,Office Supplies,Labels,Los Angeles,9,0.0,509.85,119.49
2020-06-19,Standard Class,Home Office,East,Office Supplies,Supplies,Columbus,6,0.1,356.52,57.1
2020-06-20,First Class,Home Office,South,Technology,Phones,Miami,6,0.15,607.55,118.14
2020-06-20,Standard Class,Home Office,East,Office Supplies,Envelopes,New York City,7,0.1,142.28,15.23
2020-06-20,First Class,Consumer,South,Office Supplies,Supplies,Charlotte,4,0.15,338.89,20.58
2020-06-20,Standard Class,Consumer,South,Office Supplies,Paper,Atlanta,5,0.0,429.58,43.78
2020-06-20,Standard Class,Home Office,East,Technology,Machines,Columbus,8,0.3,1474.48,122.19
2020-06-20,Standard Class,Home Office,West,Office Supplies,Fasteners,Los Angeles,3,0.15,173.74,18.13
2020-06-20,First Class,Consumer,Central,Office Supplies,Envelopes,Minneapolis,9,0.0,710.61,172.36
2020-06-21,Same Day,Corporate,West,Office Supplies,Envelopes,Los Angeles,1,0.15,22.15,2.23
2020-06-21,Standard Class,Consumer,West,Office Supplies,Art,Denver,7,0.1,287.75,45.57
2020-06-21,Standard Class,Consumer,West,Office Supplies,Appliances,Seattle,5,0.15,214.53,11.27
2020-06-21,Standard Class,Consumer,East,Office Supplies,Envelopes,Philadelphia,5,0.1,327.94,38.89
2020-06-22,Standard Class,Consumer,East,Office Supplies,Binders,New York City,4,0.2,477.05,-42.92
2020-06-22,First Class,Consumer,Central,Furniture,Chairs,Chicago,8,0.0,692.99,63.28
2020-06-22,Standard Class,Consumer,Central,Office Supplies,Storage,Dallas,3,0.0,185.22,32.55
2020-06-22,Same Day,Corporate,East,Technology,Machines,Philadelphia,7,0.2,1152.48,7.37
2020-06-22,Standard Class,Consumer,Central,Office Supplies,Appliances,Chicago,6,0.0,381.38,58.85
2020-06-23,Standard Class,Corporate,South,Furniture,Chairs,Charlotte,4,0.4,996.6,-154.4
2020-06-23,Standard Class,Consumer,South,Office Supplies,Art,Atlanta,2,0.2,203.59,27.51
2020-06-23,Standard Class,Consumer,West,Office Supplies,Fasteners,Los Angeles,7,0.1,252.8,2.49
2020-06-23,Standard Class,Consumer,Central,Office Supplies,Appliances,Dallas,7,0.0,425.15,72.12
2020-06-23,Second Class,Home Office,West,Office Supplies,Labels,Los Angeles,6,0.2,289.28,32.95
2020-06-23,Standard Class,Corporate,Central,Technology,Accessories,Dallas,6,0.15,2283.58,579.28
2020-06-23,Standard Class,Corporate,South,Office Supplies,Supplies,Charlotte,7,0.05,562.45,65.94
2020-06-24,Same Day,Consumer,West,Office Supplies,Paper,Los Angeles,7,0.0,464.51,87.81
2020-06-24,Standard Class,Corporate,Central,Office Supplies,Fasteners,Chicago,8,0.3,484.14,53.25
2020-06-24,Standard Class,Corporate,West,Office Supplies,Art,Los Angeles,8,0.2,340.18,36.11
2020-06-24,First Class,Home Office,East,Office Supplies,Envelopes,Columbus,9,0.0,940.82,165.05
2020-06-24,Second Class,Consumer,East,Office Supplies,Art,Boston,2,0.2,65.13,8.49
2020-06-24,Standard Class,Consumer,East,Furniture,Furnishings,Boston,1,0.0,199.73,22.23
2020-06-24,Standard Class,Corporate,Central,Technology,Accessories,Houston,4,0.2,781.2,41.06
2020-06-24,Standard Class,Consumer,West,Office Supplies,Binders,San Francisco,9,0.2,287.85,-5.21
2020-06-25,Standard Class,Corporate,South,Office Supplies,Paper,Charlotte,6,0.3,478.76,2.85
2020-06-25,Second Class,Home Office,West,Office Supplies,Binders,San Francisco,8,0.1,216.08,20.84
2020-06-25,First Class,Home Office,East,Office Supplies,Labels,New York City,5,0.15,190.28,24.9
2020-06-25,Standard Class,Consumer,West,Technology,Phones,Seattle,2,0.0,329.28,79.63
2020-06-26,Standard Class,Consumer,East,Furniture,Tables,New York City,9,0.05,3865.85,237.58
2020-06-26,Standard Class,Consumer,Central,Office Supplies,Paper,Chicago,7,0.0,745.98,151.39
2020-06-26,Standard Class,Consumer,West,Office Supplies,Fasteners,San Francisco,2,0.2,48.17,1.27
2020-06-26,Standard Class,Consumer,West,Furniture,Tables,Denver,4,0.2,762.02,-52.9
2020-06-26,Standard Class,Corporate,West,Office Supplies,Storage,Los Angeles,2,0.05,69.72,13.57
2020-06-27,Standard Class,Consumer,Central,Furniture,Bookcases,Houston,6,0.15,547.54,0.59
2020-06-27,Second Class,Corporate,West,Furniture,Bookcases,San Francisco,8,0.15,656.58,-25.45
2020-06-27,Same Day,Corporate,West,Office Supplies,Envelopes,Los Angeles,1,0.2,64.79,-2.36
2020-06-27,First Class,Corporate,East,Office Supplies,Paper,Philadelphia,8,0.0,647.99,153.44
2020-06-27,Second Class,Consumer,West,Office Supplies,Storage,Los Angeles,4,0.2,76.55,11.01
2020-06-27,First Class,Corporate,South,Furniture,Bookcases,Charlotte,6,0.0,3834.91,486.57
2020-06-27,First Class,Corporate,South,Office Supplies,Supplies,Nashville,7,0.2,315.77,13.39
2020-06-27,Second Class,Consumer,West,Technology,Machines,Los Angeles,2,0.0,686.28,141.9
2020-06-28,Second Class,Corporate,South,Office Supplies,Labels,Miami,4,0.15,323.59,1.45
2020-06-28,First Class,Corporate,East,Office Supplies,Art,New York City,9,0.05,260.53,56.36
2020-06-28,Same Day,Home Office,East,Furniture,Tables,Boston,5,0.1,1204.79,72.49
2020-06-28,Standard Class,Consumer,East,Office Supplies,Art,Philadelphia,4,0.1,128.08,12.58
2020-06-29,Same Day,Corporate,West,Technology,Machines,Denver,3,0.3,425.23,-8.79
2020-06-29,First Class,Consumer,Central,Office Supplies,Envelopes,Dallas,4,0.0,152.33,14.17
2020-06-29,Same Day,Corporate,East,Technology,Copiers,Boston,8,0.0,5402.05,728.61
2020-06-30,First Class,Corporate,Central,Furniture,Furnishings,Dallas,4,0.15,387.35,17.28
2020-06-30,Standard Class,Consumer,Central,Office Supplies,Storage,Minneapolis,1,0.0,46.29,2.85
2020-06-30,Standard Class,Corporate,South,Furniture,Chairs,Nashville,7,0.1,1515.94,185.34
2020-06-30,First Class,Consumer,West,Technology,Phones,Seattle,1,0.0,198.59,48.96
2020-06-30,Standard Class,Home Office,West,Office Supplies,Art,San Francisco,6,0.4,845.91,-46.91
2020-06-30,Second Class,Corporate,East,Office Supplies,Appliances,Boston,2,0.15,85.78,-8.24
2020-06-30,Standard Class,Home Office,Central,Furniture,Bookcases,Houston,8,0.1,659.87,13.98
2020-06-30,Standard Class,Consumer,West,Furniture,Bookcases,San Francisco,2,0.3,213.91,-34.3
2020-06-30,Standard Class,Home Office,West,Office Supplies,Supplies,Los Angeles,4,0.0,273.66,55.29
2020-07-01,Standard Class,Corporate,East,Office Supplies,Supplies,Columbus,6,0.1,138.49,24.69
2020-07-01,Standard Class,Home Office,Central,Technology,Accessories,Minneapolis,9,0.3,5867.21,-455.22
2020-07-01,Second Class,Consumer,South,Office Supplies,Envelopes,Nashville,5,0.2,292.45,21.79
2020-07-01,Standard Class,Home Office,West,Office Supplies,Supplies,Denver,7,0.0,365.76,69.3
2020-07-02,Standard Class,Consumer,Central,Office Supplies,Envelopes,Minneapolis,1,0.2,73.98,5.3
2020-07-02,Standard Class,Corporate,Central,Office Supplies,Binders,Chicago,9,0.0,249.25,50.77
2020-07-02,Standard Class,Consumer,West,Furniture,Furnishings,Seattle,2,0.1,417.37,25.19
2020-07-02,Same Day,Home Office,East,Office Supplies,Fasteners,Columbus,1,0.1,55.92,15.56
2020-07-02,First Class,Home Office,Central,Furniture,Chairs,Dallas,2,0.0,1034.49,14.83
2020-07-03,Standard Class,Home Office,Central,Office Supplies,Art,Chicago,6,0.15,248.03,19.25
2020-07-03,First Class,Corporate,East,Technology,Phones,New York City,3,0.0,1038.87,196.81
2020-07-03,Standard Class,Corporate,Central,Office Supplies,Appliances,Minneapolis,3,0.0,261.72,9.09
2020-07-03,First Class,Home Office,East,Furniture,Bookcases,Boston,3,0.2,1442.09,46.09
2020-07-03,Standard Class,Home Office,West,Technology,Accessories,Los Angeles,8,0.15,2320.79,559.08
2020-07-03,First Class,Consumer,Central,Furniture,Bookcases,Chicago,2,0.2,368.94,-63.82
2020-07-03,Second Class,Consumer,East,Office Supplies,Supplies,Philadelphia,8,0.3,188.03,-23.94
2020-07-03,Standard Class,Home Office,West,Office Supplies,Storage,Denver,2,0.2,179.5,1.15
2020-07-04,Standard Class,Consumer,West,Technology,Accessories,Los Angeles,9,0.1,1441.58,235.33
2020-07-04,First Class,Corporate,Central,Office Supplies,Fasteners,Houston,8,0.0,292.67,41.4
2020-07-04,Standard Class,Consumer,East,Office Supplies,Paper,Columbus,4,0.15,124.23,4.66
2020-07-04,Same Day,Consumer,East,Office Supplies,Storage,Philadelphia,2,0.0,292.2,12.76
2020-07-04,Second Class,Home Office,South,Office Supplies,Storage,Miami,6,0.1,245.73,-22.04
2020-07-04,Second Class,Corporate,East,Office Supplies,Labels,Philadelphia,5,0.1,216.89,18.05
2020-07-04,Standard Class,Consumer,Central,Office Supplies,Supplies,Minneapolis,4,0.2,157.39,-3.03
2020-07-05,Standard Class,Home Office,West,Office Supplies,Paper,Denver,7,0.2,295.25,-16.62
2020-07-05,Standard Class,Consumer,East,Furniture,Tables,Philadelphia,1,0.05,129.84,3.83
2020-07-05,Standard Class,Consumer,Central,Office Supplies,Fasteners,Dallas,1,0.3,66.66,-4.47
2020-07-05,Standard Class,Consumer,West,Office Supplies,Appliances,Los Angeles,9,0.15,262.47,22.93
2020-07-05,First Class,Corporate,East,Technology,Copiers,New York City,1,0.15,158.55,-6.29
2020-07-05,Standard Class,Consumer,East,Office Supplies,Fasteners,Boston,1,0.0,26.96,3.24
2020-07-05,Second Class,Home Office,West,Technology,Copiers,Seattle,6,0.2,1111.11,153.81
2020-07-06,Second Class,Consumer,West,Office Supplies,Labels,Denver,1,0.05,42.11,6.34
2020-07-06,Standard Class,Consumer,West,Technology,Accessories,Denver,3,0.0,500.72,157.3
2020-07-06,Standard Class,Corporate,East,Technology,Machines,Philadelphia,5,0.0,646.04,108.99
2020-07-06,Standard Class,Consumer,South,Technology,Copiers,Atlanta,1,0.0,285.51,77.3
2020-07-06,Standard Class,Consumer,Central,Furniture,Furnishings,Minneapolis,6,0.0,1910.02,59.73
2020-07-06,Standard Class,Consumer,South,Furniture,Bookcases,Miami,2,0.0,372.64,32.25
2020-07-06,Second Class,Consumer,East,Furniture,Furnishings,New York City,3,0.3,342.86,-28.44
2020-07-06,Standard Class,Consumer,West,Office Supplies,Fasteners,San Francisco,9,0.15,322.7,9.91
2020-07-06,Second Class,Corporate,Central,Office Supplies,Paper,Chicago,7,0.0,379.45,11.33
2020-07-07,Standard Class,Consumer,Central,Office Supplies,Appliances,Minneapolis,9,0.05,451.97,116.67
2020-07-07,Standard Class,Corporate,East,Office Supplies,Appliances,Boston,5,0.1,209.79,27.4
2020-07-07,Second Class,Consumer,West,Office Supplies,Storage,San Francisco,1,0.2,60.07,3.26
2020-07-07,Standard Class,Corporate,West,Office Supplies,Binders,San Francisco,2,0.3,71.45,3.6
2020-07-07,Second Class,Consumer,West,Office Supplies,Appliances,Seattle,2,0.2,89.0,1.52
2020-07-07,Standard Class,Consumer,East,Furniture,Bookcases,Columbus,1,0.3,155.88,-13.41
2020-07-08,First Class,Consumer,South,Office Supplies,Art,Nashville,2,0.3,146.6,-9.84
2020-07-08,Standard Class,Corporate,West,Office Supplies,Fasteners,Denver,5,0.4,203.55,-1.53
2020-07-08,Standard Class,Consumer,Central,Technology,Machines,Houston,1,0.0,561.39,165.42
2020-07-08,Standard Class,Consumer,East,Office Supplies,Storage,Philadelphia,5,0.0,314.61,25.25
2020-07-08,Second Class,Consumer,South,Furniture,Furnishings,Nashville,7,0.0,2657.49,499.86
2020-07-08,Standard Class,Consumer,South,Office Supplies,Storage,Miami,8,0.0,717.61,136.5
2020-07-09,Standard Class,Consumer,West,Office Supplies,Appliances,Denver,4,0.1,315.67,7.78
2020-07-09,First Class,Corporate,East,Office Supplies,Storage,Philadelphia,7,0.0,482.24,67.84
2020-07-09,Standard Class,Consumer,East,Office Supplies,Art,Boston,9,0.0,780.44,88.51
2020-07-09,Same Day,Consumer,West,Furniture,Chairs,Los Angeles,5,0.05,948.23,185.35
2020-07-10,Second Class,Corporate,West,Technology,Phones,Los Angeles,3,0.0,1790.68,348.64
2020-07-10,Standard Class,Consumer,South,Office Supplies,Storage,Miami,3,0.0,286.46,58.81
2020-07-10,Standard Class,Corporate,West,Office Supplies,Binders,Denver,2,0.4,82.88,-12.24
2020-07-10,Second Class,Corporate,West,Furniture,Chairs,Seattle,1,0.2,141.24,-6.31
2020-07-10,Second Class,Consumer,West,Furniture,Chairs,Los Angeles,6,0.15,713.83,-26.04
2020-07-10,First Class,Consumer,East,Office Supplies,Appliances,Boston,8,0.15,192.42,8.07
2020-07-10,Standard Class,Consumer,West,Office Supplies,Labels,Los Angeles,8,0.1,156.21,32.45
2020-07-10,Standard Class,Consumer,West,Furniture,Bookcases,Seattle,2,0.1,178.38,9.98
2020-07-11,Same Day,Consumer,South,Furniture,Bookcases,Charlotte,4,0.1,588.78,54.4
2020-07-11,Second Class,Consumer,Central,Office Supplies,Supplies,Chicago,2,0.05,76.74,8.07
2020-07-11,Standard Class,Home Office,Central,Office Supplies,Appliances,Houston,1,0.15,27.12,0.91
2020-07-11,Second Class,Consumer,East,Office Supplies,Paper,New York City,1,0.1,101.74,4.89
2020-07-12,First Class,Home Office,Central,Technology,Phones,Houston,7,0.0,1202.32,315.85
2020-07-12,Standard Class,Corporate,West,Office Supplies,Fasteners,Los Angeles,7,0.0,358.46,31.49
2020-07-12,,Home Office,East,Office Supplies,Storage,Boston,9,0.1,686.69,106.12
2020-07-12,Second Class,Home Office,Central,Office Supplies,Appliances,Dallas,7,0.1,188.08,3.99
2020-07-12,First Class,Home Office,South,Technology,Phones,Atlanta,8,0.1,1304.14,217.25
2020-07-12,Standard Class,Home Office,South,Office Supplies,Supplies,Miami,2,0.0,85.13,17.2
2020-07-13,Standard Class,Home Office,Central,Office Supplies,Paper,Dallas,5,0.15,139.01,23.72
2020-07-13,Standard Class,Consumer,East,Technology,Accessories,New York City,3,0.0,1004.73,201.53
2020-07-13,Standard Class,Corporate,West,Office Supplies,Fasteners,Seattle,5,0.15,379.53,41.0
2020-07-14,Standard Class,Consumer,West,Office Supplies,Envelopes,Seattle,7,0.15,558.13,31.97
2020-07-14,First Class,Corporate,East,Technology,Accessories,Philadelphia,6,0.0,2095.89,647.86
2020-07-14,Second Class,Consumer,East,Furniture,Furnishings,Boston,4,0.0,517.14,26.8
2020-07-14,Second Class,Corporate,West,Technology,Accessories,San Francisco,7,0.4,903.83,129.46
2020-07-14,First Class,Home Office,South,Furniture,Bookcases,Nashville,4,0.3,591.73,-74.48
2020-07-15,Standard Class,Consumer,East,Furniture,Bookcases,Columbus,9,0.3,1142.87,-91.23
2020-07-15,Standard Class,Consumer,East,Office Supplies,Paper,Columbus,5,0.0,158.05,23.41
2020-07-15,Second Class,Consumer,West,Furniture,Bookcases,Denver,9,0.05,1729.83,144.93
2020-07-15,Standard Class,Consumer,Central,Office Supplies,Art,Houston,9,0.0,654.76,197.21
2020-07-15,Standard Class,Corporate,East,Office Supplies,Art,Philadelphia,4,0.1,61.17,5.09
2020-07-15,Standard Class,Consumer,South,Technology,Accessories,Miami,8,0.3,1429.17,2.35
2020-07-15,Standard Class,Corporate,West,Technology,Copiers,Los Angeles,7,0.1,1442.45,240.23
2020-07-16,First Class,Consumer,Central,Furniture,Bookcases,Dallas,8,0.0,1017.51,169.77
2020-07-16,Same Day,Consumer,East,Office Supplies,Binders,Boston,9,0.1,645.86,105.84
2020-07-16,Standard Class,Home Office,West,Furniture,Tables,San Francisco,4,0.0,652.02,-15.35
2020-07-16,Same Day,Corporate,Central,Office Supplies,Labels,Dallas,4,0.2,136.04,18.19
2020-07-16,First Class,Consumer,South,Furniture,Bookcases,Miami,3,0.15,290.26,-9.9
2020-07-17,Standard Class,Consumer,Central,Office Supplies,Binders,Dallas,6,0.0,271.02,17.32
2020-07-17,Standard Class,Consumer,Central,Technology,Machines,Dallas,1,0.4,148.34,2.85
2020-07-17,Second Class,Consumer,East,Furniture,Furnishings,New York City,6,0.05,667.74,83.21
2020-07-17,Standard Class,Consumer,Central,Technology,Phones,Minneapolis,2,0.3,591.22,57.24
2020-07-17,First Class,Corporate,West,Office Supplies,Storage,San Francisco,4,0.0,224.71,38.15
2020-07-17,Standard Class,Consumer,South,Office Supplies,Paper,Nashville,4,0.15,107.35,-10.79
2020-07-17,Standard Class,Consumer,South,Office Supplies,Paper,Atlanta,5,0.0,549.73,46.03
2020-07-17,First Class,Consumer,Central,Technology,Accessories,Houston,5,0.1,1725.49,152.81
2020-07-17,Standard Class,Home Office,Central,Technology,Accessories,Minneapolis,4,0.2,820.61,41.78
2020-07-18,First Class,Consumer,West,Furniture,Bookcases,Denver,6,0.0,1328.36,195.73
2020-07-18,First Class,Corporate,South,Office Supplies,Fasteners,Nashville,7,0.0,320.41,49.25
2020-07-18,Standard Class,Consumer,East,Office Supplies,Storage,Philadelphia,1,0.0,34.14,3.49
2020-07-19,Standard Class,Consumer,East,Office Supplies,Art,Philadelphia,2,0.3,103.35,-1.36
2020-07-19,First Class,Consumer,West,Furniture,Chairs,Los Angeles,8,0.05,931.67,-54.27
2020-07-19,Same Day,Home Office,East,Office Supplies,Appliances,Columbus,6,0.1,171.36,11.03
2020-07-19,Standard Class,Home Office,South,Office Supplies,Fasteners,Atlanta,8,0.2,264.05,-2.78
2020-07-19,Second Class,Consumer,Central,Office Supplies,Binders,Minneapolis,2,0.15,99.02,7.2
2020-07-19,Standard Class,Corporate,Central,Office Supplies,Binders,Minneapolis,8,0.1,512.4,76.33
2020-07-19,Standard Class,Home Office,West,Office Supplies,Storage,San Francisco,5,0.1,145.5,20.31
2020-07-19,Standard Class,Consumer,West,Office Supplies,Art,Los Angeles,4,0.2,85.06,4.51
2020-07-19,Second Class,Consumer,West,Office Supplies,Storage,San Francisco,8,0.2,436.08,33.85
2020-07-20,First Class,Home Office,East,Office Supplies,Envelopes,Boston,7,0.3,473.77,22.38
2020-07-20,Second Class,Consumer,West,Furniture,Chairs,San Francisco,6,0.0,579.23,29.41
2020-07-20,Standard Class,Consumer,Central,Furniture,Chairs,Houston,6,0.05,2091.91,178.43
2020-07-20,Second Class,Consumer,East,Office Supplies,Envelopes,Philadelphia,7,0.0,406.28,57.74
2020-07-20,Standard Class,Corporate,East,Office Supplies,Supplies,Philadelphia,2,0.05,105.12,12.84
2020-07-20,Second Class,Home Office,Central,Office Supplies,Envelopes,Dallas,7,0.1,252.25,14.81
2020-07-20,Second Class,Corporate,South,Technology,Phones,Atlanta,9,0.2,2091.93,271.72
2020-07-20,Standard Class,Consumer,South,Furniture,Tables,Miami,3,0.3,286.83,-37.32
2020-07-20,First Class,Corporate,West,Office Supplies,Appliances,Denver,4,0.15,91.98,5.51
2020-07-20,Standard Class,Consumer,East,Office Supplies,Labels,Boston,5,0.05,603.53,33.74
2020-07-20,Standard Class,Consumer,South,Furniture,Chairs,Miami,1,0.0,142.35,17.78
2020-07-20,Standard Class,Home Office,East,Office Supplies,Appliances,New York City,5,0.2,821.44,40.26
2020-07-21,Standard Class,Corporate,East,Office Supplies,Fasteners,Philadelphia,2,0.15,77.46,0.88
2020-07-21,Standard Class,Consumer,East,Office Supplies,Binders,Columbus,4,0.15,126.89,22.03
2020-07-21,Standard Class,Home Office,East,Office Supplies,Binders,New York City,8,0.3,399.18,-9.48
2020-07-21,First Class,Consumer,West,Office Supplies,Labels,Los Angeles,1,0.1,37.5,10.02
2020-07-21,First Class,Consumer,West,Furniture,Chairs,San Francisco,9,0.0,1072.71,-5.48
2020-07-21,Standard Class,Consumer,West,Office Supplies,Binders,San Francisco,5,0.2,521.14,2.17
2020-07-21,Standard Class,Corporate,West,Technology,Phones,San Francisco,8,0.2,3177.71,358.87
2020-07-22,Second Class,Consumer,West,Office Supplies,Appliances,Seattle,6,0.05,577.4,89.48
2020-07-22,Same Day,Corporate,East,Technology,Phones,Columbus,9,0.1,1329.84,189.97
2020-07-22,Standard Class,Consumer,South,Furniture,Tables,Charlotte,8,0.15,374.98,-22.82
2020-07-22,Standard Class,Consumer,East,Technology,Copiers,Columbus,7,0.2,1512.85,145.33
2020-07-22,Second Class,Consumer,East,Office Supplies,Binders,Columbus,9,0.0,457.47,89.65
2020-07-22,Second Class,Consumer,East,Office Supplies,Envelopes,Boston,4,0.1,451.58,44.44
2020-07-23,Standard Class,Consumer,South,Office Supplies,Binders,Miami,6,0.1,233.47,25.65
2020-07-23,Standard Class,Corporate,Central,Furniture,Furnishings,Houston,6,0.1,1848.31,-57.23
2020-07-23,First Class,Consumer,East,Technology,Machines,Philadelphia,9,0.3,2058.49,147.01
2020-07-23,Standard Class,Home Office,East,Office Supplies,Envelopes,Columbus,8,0.0,614.9,123.98
2020-07-23,Standard Class,Corporate,Central,Furniture,Bookcases,Chicago,1,0.2,91.86,-3.79
2020-07-23,First Class,Consumer,West,Technology,Accessories,Los Angeles,6,0.15,1168.47,195.76
2020-07-23,First Class,Corporate,West,Technology,Phones,Denver,2,0.0,793.77,169.37
2020-07-23,Standard Class,Corporate,Central,Furniture,Furnishings,Dallas,5,0.0,687.16,31.14
2020-07-23,Second Class,Home Office,East,Office Supplies,Envelopes,Philadelphia,2,0.2,90.48,-0.4
2020-07-23,Standard Class,Consumer,East,Technology,Copiers,Boston,8,0.3,878.93,33.14
2020-07-23,Second Class,Consumer,East,Technology,Accessories,New York City,2,0.3,655.21,-5.03
2020-07-24,Same Day,Consumer,West,Office Supplies,Art,Seattle,8,0.4,507.43,-45.72
2020-07-24,Standard Class,Corporate,West,Furniture,Tables,San Francisco,9,0.0,1576.0,116.71
2020-07-24,Standard Class,Consumer,Central,Office Supplies,Paper,Minneapolis,2,0.2,78.62,4.85
2020-07-24,Standard Class,Consumer,Central,Office Supplies,Supplies,Chicago,3,0.2,44.87,2.95
2020-07-24,Standard Class,Consumer,West,Office Supplies,Appliances,Seattle,6,0.1,160.34,5.66
2020-07-24,Second Class,Corporate,South,Office Supplies,Labels,Charlotte,8,0.15,397.09,35.23
2020-07-24,Second Class,Consumer,West,Office Supplies,Supplies,Los Angeles,4,0.3,129.64,0.72
2020-07-25,Second Class,Consumer,West,Office Supplies,Fasteners,San Francisco,6,0.2,181.31,18.42
2020-07-25,Standard Class,Corporate,East,Office Supplies,Envelopes,Columbus,1,0.1,41.15,6.58
2020-07-25,Standard Class,Home Office,East,Office Supplies,Appliances,Columbus,3,0.2,168.17,15.81
2020-07-25,Second Class,Home Office,West,Office Supplies,Paper,San Francisco,7,0.1,666.88,106.15
2020-07-25,Standard Class,Home Office,East,Furniture,Furnishings,Columbus,9,0.0,993.56,63.15
2020-07-25,Standard Class,Corporate,East,Office Supplies,Appliances,Columbus,8,0.1,553.61,38.73
2020-07-25,First Class,Consumer,Central,Office Supplies,Appliances,Chicago,3,0.2,106.66,0.61
2020-07-25,Second Class,Home Office,South,Furniture,Bookcases,Charlotte,8,0.4,717.41,-191.02
2020-07-25,Standard Class,Corporate,East,Furniture,Tables,Boston,3,0.2,218.68,-10.54
2020-07-26,Standard Class,Consumer,East,Office Supplies,Binders,Boston,2,0.05,72.59,11.79
2020-07-26,Second Class,Consumer,Central,Office Supplies,Labels,Chicago,1,0.2,20.19,0.25
2020-07-26,Second Class,Consumer,West,Office Supplies,Labels,Los Angeles,4,0.2,327.08,13.52
2020-07-26,Standard Class,Consumer,West,Technology,Machines,Seattle,4,0.15,740.04,81.28
2020-07-27,Second Class,Consumer,West,Office Supplies,Envelopes,San Francisco,1,0.0,47.9,13.62
2020-07-27,Second Class,Corporate,East,Office Supplies,Storage,Philadelphia,8,0.15,332.88,3.84
2020-07-27,Standard Class,Home Office,East,Technology,Accessories,Philadelphia,7,0.05,1062.24,187.0
2020-07-27,Standard Class,Home Office,East,Office Supplies,Labels,New York City,9,0.05,710.04,71.71
2020-07-27,Same Day,Corporate,Central,Office Supplies,Storage,Dallas,2,0.15,45.3,2.8
2020-07-27,Second Class,Consumer,West,Office Supplies,Fasteners,Denver,1,0.2,47.0,2.0
2020-07-27,Standard Class,Consumer,Central,Technology,Machines,Houston,9,0.2,4832.92,1476.62
2020-07-27,First Class,Home Office,South,Furniture,Furnishings,Atlanta,7,0.15,999.9,47.38
2020-07-28,Standard Class,Consumer,Central,Office Supplies,Paper,Chicago,1,0.0,45.27,8.01
2020-07-28,First Class,Consumer,West,Technology,Copiers,San Francisco,3,0.1,1309.18,319.98
2020-07-28,Second Class,Corporate,Central,Furniture,Bookcases,Houston,6,0.1,959.98,3.26
2020-07-28,Standard Class,Consumer,South,Technology,Accessories,Charlotte,8,0.4,1453.49,-215.62
2020-07-28,Standard Class,Consumer,East,Office Supplies,Paper,Boston,4,0.2,83.07,9.98
2020-07-28,Standard Class,Corporate,Central,Office Supplies,Supplies,Chicago,6,0.15,83.2,0.98
2020-07-29,First Class,Home Office,West,Technology,Accessories,San Francisco,5,0.1,1318.54,153.86
2020-07-29,Standard Class,Home Office,West,Technology,Accessories,Los Angeles,3,0.05,411.89,77.59
2020-07-29,First Class,Consumer,South,Technology,Phones,Miami,1,0.1,220.51,32.03
2020-07-30,Second Class,Home Office,West,Office Supplies,Envelopes,San Francisco,4,0.1,239.2,24.96
2020-07-30,First Class,Consumer,Central,Office Supplies,Supplies,Houston,7,0.1,335.46,49.41
2020-07-30,Standard Class,Consumer,East,Furniture,Bookcases,Boston,9,0.05,1097.31,159.19
2020-07-30,Second Class,Home Office,East,Office Supplies,Storage,Philadelphia,5,0.15,323.0,58.35
2020-07-30,Standard Class,Corporate,East,Office Supplies,Labels,Boston,9,0.05,755.14,92.43
2020-07-31,Standard Class,Consumer,South,Office Supplies,Supplies,Charlotte,5,0.15,169.2,15.83
2020-07-31,First Class,Consumer,Central,Office Supplies,Binders,Minneapolis,4,0.15,169.49,-3.74
2020-07-31,Standard Class,Home Office,East,Office Supplies,Labels,New York City,4,0.2,260.24,12.97
2020-07-31,Second Class,Corporate,East,Office Supplies,Fasteners,New York City,1,0.15,145.19,11.69
2020-07-31,Same Day,Consumer,West,Office Supplies,Supplies,Denver,5,0.3,345.02,14.63
2020-07-31,Second Class,Consumer,South,Office Supplies,Supplies,Atlanta,5,0.15,91.32,12.07
2020-07-31,Standard Class,Consumer,West,Furniture,Furnishings,Denver,3,0.2,487.47,-26.17
2020-07-31,Standard Class,Consumer,West,Technology,Phones,Seattle,2,0.2,538.99,52.16
2020-07-31,Standard Class,Consumer,East,Furniture,Bookcases,Philadelphia,2,0.2,307.89,-30.12
2020-08-01,Standard Class,Corporate,South,Furniture,Furnishings,Miami,4,0.3,461.46,-22.73
2020-08-01,Standard Class,Home Office,Central,Technology,Phones,Minneapolis,6,0.1,1938.66,320.81
2020-08-01,Standard Class,Consumer,Central,Office Supplies,Supplies,Minneapolis,9,0.0,339.55,64.78
2020-08-01,First Class,Corporate,East,Furniture,Tables,Columbus,4,0.0,1095.01,99.34
2020-08-01,Second Class,Corporate,East,Technology,Phones,Boston,7,0.15,1322.25,84.31
2020-08-01,Same Day,Corporate,West,Technology,Copiers,Los Angeles,7,0.3,1021.5,47.32
2020-08-02,Same Day,Consumer,West,Office Supplies,Envelopes,Los Angeles,5,0.2,191.53,3.81
2020-08-02,Standard Class,Consumer,South,Office Supplies,Fasteners,Nashville,6,0.15,100.91,14.21
2020-08-02,Same Day,Consumer,West,Furniture,Tables,San Francisco,6,0.05,608.24,-14.17
2020-08-02,First Class,Consumer,West,Office Supplies,Labels,Denver,5,0.3,178.33,8.02
2020-08-03,Standard Class,Home Office,East,Technology,Accessories,New York City,7,0.2,1340.92,142.25
2020-08-03,Standard Class,Corporate,Central,Technology,Phones,Dallas,5,0.0,991.3,81.08
2020-08-03,First Class,Corporate,South,Office Supplies,Supplies,Nashville,7,0.2,440.21,31.73
2020-08-03,Standard Class,Consumer,East,Office Supplies,Labels,Boston,5,0.1,297.93,19.83
2020-08-03,First Class,Consumer,Central,Office Supplies,Fasteners,Dallas,3,0.0,98.71,12.04
2020-08-03,Standard Class,Consumer,Central,Furniture,Tables,Dallas,3,0.2,1474.53,-77.09
2020-08-03,Second Class,Corporate,South,Office Supplies,Envelopes,Charlotte,7,0.2,84.65,4.59
2020-08-03,Second Class,Corporate,South,Office Supplies,Supplies,Charlotte,3,0.1,195.98,8.21
2020-08-03,Standard Class,Consumer,East,Office Supplies,Supplies,New York City,1,0.1,116.11,-0.53
2020-08-03,Standard Class,Consumer,East,Furniture,Bookcases,Columbus,7,0.15,1005.84,-52.28
2020-08-03,Standard Class,Consumer,West,Office Supplies,Binders,Los Angeles,6,0.0,366.93,78.49
2020-08-03,Standard Class,Corporate,West,Furniture,Chairs,San Francisco,8,0.05,1470.51,94.8
2020-08-04,Standard Class,Consumer,West,Furniture,Bookcases,Denver,3,0.15,242.0,3.56
2020-08-04,Standard Class,Consumer,Central,Office Supplies,Labels,Dallas,7,0.3,211.49,-8.06
2020-08-04,Second Class,Home Office,East,Office Supplies,Appliances,Boston,8,0.2,360.59,15.85
2020-08-04,Standard Class,Consumer,West,Office Supplies,Binders,San Francisco,7,0.1,494.66,68.31
2020-08-04,Same Day,Consumer,East,Furniture,Furnishings,Boston,2,0.4,154.76,-15.4
2020-08-04,Second Class,Home Office,West,Furniture,Furnishings,San Francisco,3,0.1,935.28,-7.66
2020-08-04,Standard Class,Consumer,South,Technology,Phones,Atlanta,9,0.15,4666.89,823.35
2020-08-04,Standard Class,Consumer,East,Technology,Machines,,6,0.1,1730.45,370.51
2020-08-05,Standard Class,Consumer,East,Office Supplies,Fasteners,Columbus,2,0.0,76.84,12.47
2020-08-05,Standard Class,Consumer,East,Office Supplies,Supplies,Boston,5,0.3,85.46,-0.79
2020-08-05,First Class,Consumer,Central,Office Supplies,Fasteners,Dallas,2,0.0,90.12,12.71
2020-08-05,Standard Class,Consumer,West,Office Supplies,Art,Los Angeles,1,0.3,45.67,-5.77
2020-08-05,Standard Class,Home Office,West,Technology,Accessories,Denver,9,0.2,1716.27,82.71
2020-08-05,Same Day,Consumer,East,Office Supplies,Supplies,Boston,6,0.0,646.02,102.22
2020-08-05,Same Day,Consumer,West,Furniture,Bookcases,Los Angeles,3,0.05,637.97,-29.46
2020-08-05,Standard Class,Consumer,Central,Technology,Phones,Dallas,5,0.15,923.01,241.85
2020-08-05,Standard Class,Consumer,Central,Office Supplies,Storage,Minneapolis,3,0.2,125.92,14.82
2020-08-05,Standard Class,Corporate,Central,Office Supplies,Supplies,Houston,4,0.0,208.23,45.26
2020-08-05,Standard Class,Corporate,East,Technology,Machines,New York City,8,0.1,5311.89,554.67
2020-08-06,Standard Class,Corporate,East,Furniture,Chairs,Columbus,2,0.1,604.66,-4.01
2020-08-06,Standard Class,Home Office,East,Office Supplies,Art,Columbus,3,0.1,156.61,29.98
2020-08-06,Second Class,Consumer,West,Office Supplies,Fasteners,Denver,2,0.2,223.05,22.7
2020-08-06,Second Class,Corporate,East,Furniture,Tables,Boston,9,0.4,414.85,-36.53
2020-08-06,Standard Class,Corporate,South,Office Supplies,Labels,Atlanta,8,0.4,177.65,-11.11
2020-08-06,Second Class,Corporate,East,Technology,Accessories,Philadelphia,5,0.4,422.06,-18.06
2020-08-06,First Class,Consumer,East,Furniture,Tables,Boston,6,0.0,1127.78,-11.41
2020-08-07,Standard Class,Consumer,South,Furniture,Chairs,Atlanta,6,0.05,591.17,34.94
2020-08-07,Standard Class,Consumer,East,Technology,Accessories,Boston,6,0.1,1275.11,206.65
2020-08-07,First Class,Corporate,West,Furniture,Chairs,Seattle,9,0.15,2618.09,135.11
2020-08-07,Second Class,Consumer,Central,Furniture,Furnishings,Houston,9,0.1,791.68,-62.26
2020-08-07,Standard Class,Corporate,East,Technology,Machines,Philadelphia,6,0.0,909.06,205.54
2020-08-07,Second Class,Home Office,West,Furniture,Bookcases,San Francisco,6,0.2,1347.22,-116.31
2020-08-07,Second Class,Consumer,West,Technology,Machines,San Francisco,2,0.15,504.56,45.65
2020-08-07,Standard Class,Corporate,West,Office Supplies,Supplies,San Francisco,6,0.15,438.81,46.01
2020-08-07,Standard Class,Home Office,West,Office Supplies,Envelopes,San Francisco,2,0.0,180.98,36.17
2020-08-08,First Class,Consumer,South,Office Supplies,Fasteners,Charlotte,2,0.4,45.17,-9.06
2020-08-08,Standard Class,Corporate,South,Office Supplies,Labels,Atlanta,7,0.1,660.87,88.93
2020-08-08,Standard Class,Home Office,West,Office Supplies,Appliances,Denver,3,0.2,150.87,18.28
2020-08-08,Standard Class,Consumer,Central,Technology,Machines,Dallas,7,0.15,637.46,61.22
2020-08-08,Standard Class,Corporate,West,Technology,Copiers,Los Angeles,7,0.1,869.04,106.67
2020-08-08,Standard Class,Corporate,East,Office Supplies,Envelopes,Columbus,9,0.1,485.29,35.76
2020-08-08,Second Class,Home Office,Central,Technology,Accessories,Houston,7,0.15,2178.48,192.04
2020-08-08,Standard Class,Corporate,South,Furniture,Tables,Charlotte,4,0.1,1094.56,-110.38
2020-08-08,Standard Class,Consumer,East,Technology,Machines,Columbus,2,0.2,814.14,48.74
2020-08-08,Standard Class,Consumer,Central,Office Supplies,Envelopes,Minneapolis,7,0.3,506.17,18.91
2020-08-08,Standard Class,Home Office,Central,Office Supplies,Labels,Chicago,9,0.1,213.09,30.27
2020-08-08,First Class,Consumer,West,Office Supplies,Art,Denver,9,0.15,288.8,18.12
2020-08-09,Second Class,Consumer,Central,Office Supplies,Paper,Dallas,3,0.3,215.45,-14.58
2020-08-09,Standard Class,Corporate,Central,Office Supplies,Storage,Houston,5,0.0,141.28,26.43
2020-08-09,First Class,Consumer,South,Technology,Machines,Nashville,6,0.2,638.68,100.92
2020-08-09,Standard Class,Corporate,East,Technology,Machines,Philadelphia,8,0.05,2987.34,370.51
2020-08-09,Standard Class,Consumer,Central,Office Supplies,Fasteners,Chicago,9,0.2,1058.26,-12.27
2020-08-09,Standard Class,Consumer,East,Office Supplies,Art,Philadelphia,8,0.3,337.47,49.99
2020-08-10,First Class,Corporate,Central,Furniture,Furnishings,Dallas,9,0.2,1154.26,-87.46
2020-08-10,Standard Class,Consumer,West,Furniture,Tables,Denver,6,0.0,1263.94,165.46
2020-08-10,Standard Class,Consumer,South,Furniture,Tables,Nashville,2,0.0,377.38,25.8
2020-08-10,Second Class,Consumer,West,Office Supplies,Binders,Denver,2,0.15,83.5,5.51
2020-08-10,Standard Class,Corporate,Central,Office Supplies,Binders,Chicago,7,0.3,670.48,-38.84
2020-08-11,First Class,Consumer,West,Technology,Machines,Seattle,9,0.0,1235.94,386.8
2020-08-11,Standard Class,Home Office,Central,Furniture,Furnishings,Minneapolis,7,0.05,1569.66,159.2
2020-08-11,Standard Class,Consumer,West,Office Supplies,Envelopes,Seattle,8,0.15,465.04,3.15
2020-08-11,Second Class,Consumer,West,Technology,Phones,Los Angeles,1,0.3,118.6,6.66
2020-08-11,Second Class,Corporate,West,Office Supplies,Art,Denver,4,0.4,132.88,-2.54
2020-08-11,Second Class,Consumer,East,Office Supplies,Fasteners,Boston,2,0.15,130.72,7.99
2020-08-11,Standard Class,Consumer,Central,Office Supplies,Binders,Chicago,2,0.1,31.09,3.57
2020-08-11,Standard Class,Corporate,West,Office Supplies,Art,Denver,2,0.4,31.89,-4.29
2020-08-12,Standard Class,Home Office,West,Office Supplies,Appliances,Seattle,9,0.4,332.14,-6.62
2020-08-12,Standard Class,Consumer,East,Office Supplies,Envelopes,New York City,3,0.0,280.45,31.98
2020-08-12,Second Class,Consumer,South,Office Supplies,Fasteners,Atlanta,5,0.0,267.6,62.07
2020-08-12,Standard Class,Corporate,West,Office Supplies,Paper,San Francisco,9,0.2,185.05,12.11
2020-08-12,First Class,Corporate,Central,Office Supplies,Envelopes,Minneapolis,4,0.2,168.05,4.45
2020-08-12,Second Class,Corporate,East,Office Supplies,Appliances,Boston,8,0.05,349.67,58.1
2020-08-13,Standard Class,Consumer,East,Office Supplies,Fasteners,Boston,9,0.0,257.37,2.09
2020-08-13,Second Class,Home Office,South,Office Supplies,Supplies,Atlanta,8,0.1,455.2,43.3
2020-08-13,Second Class,Home Office,East,Office Supplies,Supplies,Philadelphia,8,0.2,306.32,48.2
2020-08-13,Second Class,Consumer,South,Office Supplies,Storage,Atlanta,8,0.1,374.79,73.3
2020-08-13,First Class,Consumer,Central,Office Supplies,Binders,Dallas,2,0.1,274.17,34.02
2020-08-13,Second Class,Consumer,East,Technology,Copiers,Boston,4,0.15,2952.81,535.51
2020-08-13,Second Class,Corporate,Central,Furniture,Chairs,Dallas,1,0.1,163.22,9.25
2020-08-13,Standard Class,Consumer,East,Office Supplies,Storage,New York City,3,0.15,162.33,19.94
2020-08-13,Standard Class,Corporate,South,Technology,Copiers,Nashville,2,0.2,2064.89,93.45
2020-08-14,Standard Class,Corporate,Central,Technology,Machines,Chicago,7,0.15,1753.08,237.52
2020-08-14,Second Class,Home Office,East,Office Supplies,Envelopes,New York City,9,0.1,408.53,1.12
2020-08-14,Second Class,Corporate,East,Office Supplies,Envelopes,Boston,1,0.1,51.7,-0.81
2020-08-14,First Class,Corporate,South,Technology,Phones,Nashville,8,0.1,1358.65,222.41
2020-08-14,Standard Class,Consumer,East,Technology,Machines,Columbus,4,0.3,687.35,10.6
2020-08-14,First Class,Consumer,Central,Office Supplies,Appliances,Chicago,1,0.2,81.88,1.31
2020-08-15,Standard Class,Corporate,East,Technology,Phones,New York City,5,0.1,1409.31,213.44
2020-08-15,Standard Class,Consumer,West,Office Supplies,Paper,Seattle,5,0.2,242.04,12.89
2020-08-15,Standard Class,Home Office,West,Office Supplies,Binders,Denver,7,0.0,216.38,28.89
2020-08-16,First Class,Consumer,West,Furniture,Furnishings,San Francisco,6,0.1,503.32,15.72
2020-08-16,First Class,Corporate,East,Technology,Machines,Columbus,6,0.15,1409.75,221.67
2020-08-16,Same Day,Consumer,West,Office Supplies,Fasteners,Seattle,9,0.1,499.31,90.63
2020-08-16,Standard Class,Consumer,East,Office Supplies,Art,New York City,1,0.15,61.24,6.15
2020-08-16,Standard Class,Corporate,East,Technology,Copiers,New York City,8,0.3,2210.65,-73.52
2020-08-16,Standard Class,Consumer,West,Office Supplies,Paper,Los Angeles,2,0.0,198.72,22.08
2020-08-17,Standard Class,Corporate,Central,Office Supplies,Appliances,Houston,7,0.0,378.12,35.79
2020-08-17,First Class,Home Office,East,Office Supplies,Envelopes,Boston,4,0.0,165.97,26.13
2020-08-17,Standard Class,Consumer,East,Office Supplies,Labels,Philadelphia,8,0.1,325.57,26.69
2020-08-17,Standard Class,Home Office,West,Office Supplies,Paper,San Francisco,5,0.1,590.14,56.06
2020-08-17,Standard Class,Consumer,West,Office Supplies,Storage,Seattle,4,0.2,492.55,27.12
2020-08-17,Second Class,Corporate,South,Furniture,Furnishings,Charlotte,3,0.3,424.57,-45.77
2020-08-18,Standard Class,Corporate,West,Office Supplies,Supplies,San Francisco,1,0.0,48.53,4.19
2020-08-18,Standard Class,Home Office,West,Technology,Accessories,Los Angeles,8,0.2,2216.49,364.79
2020-08-18,Standard Class,Corporate,Central,Office Supplies,Storage,Minneapolis,6,0.1,240.2,31.01
2020-08-18,Standard Class,Consumer,West,Furniture,Tables,Seattle,3,0.15,1533.63,-81.1
2020-08-18,Standard Class,Home Office,East,Office Supplies,Storage,Philadelphia,6,0.4,213.36,-0.3
2020-08-18,Standard Class,Corporate,West,Furniture,Chairs,Los Angeles,7,0.05,398.69,31.56
2020-08-19,Standard Class,Consumer,Central,Office Supplies,Binders,Houston,8,0.0,1285.12,252.89
2020-08-19,Standard Class,Corporate,Central,Furniture,Furnishings,Chicago,9,0.0,1126.37,69.47
2020-08-19,First Class,Home Office,Central,Office Supplies,Storage,Chicago,1,0.0,67.56,12.23
2020-08-19,Standard Class,Corporate,East,Office Supplies,Storage,Philadelphia,1,0.3,68.52,4.9
2020-08-19,Standard Class,Corporate,Central,Office Supplies,Supplies,Chicago,9,0.3,300.13,23.12
2020-08-19,Second Class,Consumer,Central,Furniture,Furnishings,Minneapolis,9,0.05,1813.03,22.53
2020-08-19,Standard Class,Corporate,East,Office Supplies,Envelopes,Boston,8,0.4,355.43,-38.35
2020-08-20,First Class,Home Office,Central,Furniture,Tables,Houston,6,0.3,289.59,-15.95
2020-08-20,Second Class,Consumer,East,Office Supplies,Storage,Columbus,6,0.3,611.78,50.45
2020-08-20,Same Day,Corporate,Central,Office Supplies,Supplies,Chicago,7,0.2,175.94,-6.18
2020-08-20,Standard Class,Corporate,West,Office Supplies,Labels,Los Angeles,8,0.15,381.39,16.7
2020-08-20,Standard Class,Corporate,West,Technology,Accessories,Los Angeles,4,0.15,611.25,3.19
2020-08-20,Second Class,Corporate,East,Office Supplies,Envelopes,Boston,5,0.0,195.57,34.19
2020-08-20,First Class,Home Office,East,Technology,Accessories,Columbus,9,0.0,1834.12,508.31
2020-08-21,Standard Class,Corporate,Central,Office Supplies,Envelopes,Houston,2,0.0,100.03,4.67
2020-08-21,Standard Class,Consumer,West,Technology,Phones,Seattle,9,0.0,1775.76,281.47
2020-08-21,Standard Class,Corporate,South,Office Supplies,Labels,Charlotte,2,0.15,65.06,0.17
2020-08-21,Second Class,Consumer,Central,Office Supplies,Binders,Dallas,5,0.0,488.86,158.46
2020-08-21,Standard Class,Corporate,South,Technology,Machines,Miami,9,0.05,2510.67,616.63
2020-08-21,Same Day,Consumer,East,Technology,Accessories,Philadelphia,4,0.15,323.94,64.11
2020-08-21,Standard Class,Consumer,East,Technology,Accessories,Boston,8,0.1,1758.75,104.18
2020-08-21,Standard Class,Consumer,West,Office Supplies,Binders,San Francisco,8,0.05,528.85,90.13
2020-08-22,Standard Class,Consumer,East,Office Supplies,Supplies,Boston,9,0.2,481.0,4.67
2020-08-22,Standard Class,Consumer,Central,Office Supplies,Supplies,Dallas,4,0.0,80.58,7.74
2020-08-22,Standard Class,Consumer,Central,Technology,Accessories,Minneapolis,7,0.4,1206.57,-137.2
2020-08-22,Standard Class,Consumer,South,Furniture,Furnishings,Atlanta,9,0.05,682.1,40.58
2020-08-22,Standard Class,Corporate,East,Office Supplies,Paper,New York City,6,0.1,183.73,15.3
2020-08-22,Standard Class,Consumer,Central,Office Supplies,Envelopes,Minneapolis,7,0.1,688.71,114.21
2020-08-22,Standard Class,Consumer,East,Office Supplies,Appliances,New York City,7,0.0,184.31,33.48
2020-08-22,Standard Class,Consumer,East,Office Supplies,Appliances,New York City,8,0.05,669.81,77.81
2020-08-22,Standard Class,Consumer,East,Office Supplies,Fasteners,Philadelphia,4,0.1,28.37,6.43
2020-08-22,First Class,Home Office,East,Office Supplies,Fasteners,Boston,7,0.0,353.67,36.38
2020-08-23,Standard Class,Consumer,West,Furniture,Tables,San Francisco,7,0.15,597.13,-9.15
2020-08-23,Standard Class,Corporate,West,Office Supplies,Labels,Denver,3,0.1,227.69,28.25
2020-08-23,Standard Class,Corporate,West,Office Supplies,Supplies,Seattle,4,0.2,119.17,-1.23
2020-08-23,First Class,Home Office,Central,Office Supplies,Paper,Dallas,5,0.3,100.93,5.07
2020-08-23,Second Class,Consumer,Central,Office Supplies,Fasteners,Houston,9,0.4,444.64,-31.27
2020-08-23,Standard Class,Home Office,Central,Office Supplies,Fasteners,Minneapolis,6,0.0,379.01,46.03
2020-08-23,Second Class,Corporate,East,Office Supplies,Storage,New York City,5,0.1,450.9,68.97
2020-08-23,Second Class,Corporate,Central,Office Supplies,Fasteners,Dallas,4,0.3,283.09,12.01
2020-08-23,Standard Class,Consumer,Central,Office Supplies,Appliances,Dallas,4,0.1,216.73,22.43
2020-08-23,Standard Class,Consumer,East,Technology,Machines,Boston,6,0.4,1340.99,68.55
2020-08-23,First Class,Consumer,Central,Furniture,Chairs,Houston,5,0.0,1817.88,4.31
2020-08-23,Second Class,Corporate,East,Office Supplies,Labels,Columbus,2,0.15,344.54,39.78
2020-08-24,Second Class,Corporate,West,Furniture,Bookcases,San Francisco,9,0.15,1041.7,-64.12
2020-08-24,Second Class,Home Office,East,Technology,Copiers,New York City,7,0.1,4094.71,782.92
2020-08-24,First Class,Consumer,East,Office Supplies,Fasteners,Columbus,6,0.0,229.46,41.51
2020-08-24,Standard Class,Consumer,South,Office Supplies,Art,Atlanta,8,0.1,352.1,43.95
2020-08-24,Standard Class,Consumer,West,Technology,Phones,Seattle,1,0.1,722.14,186.21
2020-08-24,Same Day,Corporate,West,Office Supplies,Storage,Denver,4,0.2,483.08,-8.68
2020-08-24,Standard Class,Corporate,West,Office Supplies,Binders,San Francisco,7,0.05,299.21,51.16
2020-08-24,Standard Class,Consumer,West,Furniture,Chairs,Seattle,4,0.2,853.3,-19.58
2020-08-24,Standard Class,Corporate,West,Office Supplies,Fasteners,Denver,7,0.1,125.57,13.4
2020-08-24,Standard Class,Corporate,Central,Technology,Phones,Minneapolis,6,0.1,4045.0,432.81
2020-08-24,Standard Class,Corporate,South,Office Supplies,Storage,Atlanta,1,0.05,42.32,7.91
2020-08-24,Standard Class,Corporate,West,Furniture,Furnishings,San Francisco,2,0.4,135.02,-17.19
2020-08-25,Standard Class,Consumer,Central,Office Supplies,Fasteners,Minneapolis,1,0.1,74.8,16.38
2020-08-25,Second Class,Corporate,West,Furniture,Bookcases,Los Angeles,1,0.2,325.92,-3.2
2020-08-25,Standard Class,Corporate,West,Office Supplies,Appliances,Los Angeles,3,0.0,124.84,28.25
2020-08-25,First Class,Corporate,South,Technology,Phones,Atlanta,8,0.0,2937.09,547.66
2020-08-25,Standard Class,Corporate,East,Office Supplies,Binders,Boston,1,0.1,76.96,1.58
2020-08-25,First Class,Corporate,South,Furniture,Furnishings,Miami,9,0.0,1007.78,49.3
2020-08-25,Second Class,Consumer,East,Office Supplies,Labels,Columbus,7,0.1,468.54,42.48
2020-08-25,Standard Class,Consumer,East,Office Supplies,Fasteners,Philadelphia,8,0.3,92.6,5.96
2020-08-26,Standard Class,Consumer,Central,Furniture,Chairs,Minneapolis,4,0.15,722.11,-20.35
2020-08-26,Same Day,Corporate,West,Office Supplies,Binders,Los Angeles,2,0.15,50.0,3.89
2020-08-26,Standard Class,Corporate,West,Office Supplies,Supplies,Seattle,8,0.05,420.93,22.97
2020-08-26,First Class,Corporate,Central,Office Supplies,Art,Chicago,7,0.1,282.05,40.64
2020-08-26,Standard Class,Corporate,West,Office Supplies,Storage,Seattle,4,0.0,325.15,54.63
2020-08-26,First Class,Home Office,Central,Technology,Machines,Chicago,5,0.0,1348.58,237.01
2020-08-27,First Class,Consumer,Central,Furniture,Tables,Chicago,3,0.0,936.91,107.61
2020-08-27,Standard Class,Consumer,West,Technology,Machines,Denver,6,0.15,2121.17,51.47
2020-08-27,Standard Class,Home Office,East,Furniture,Furnishings,Boston,8,0.2,571.4,24.24
2020-08-27,Standard Class,Corporate,Central,Office Supplies,Paper,Dallas,3,0.2,141.01,15.2
2020-08-27,Standard Class,Consumer,West,Office Supplies,Appliances,Seattle,3,0.05,187.77,20.87
2020-08-28,Second Class,Corporate,Central,Office Supplies,Binders,Dallas,7,0.15,289.63,36.46
2020-08-28,Standard Class,Consumer,Central,Office Supplies,Paper,Houston,6,0.0,238.57,32.24
2020-08-28,Second Class,Consumer,West,Office Supplies,Appliances,Los Angeles,4,0.05,41.99,2.81
2020-08-28,Standard Class,Consumer,East,Technology,Accessories,Philadelphia,9,0.3,1642.35,121.8
2020-08-28,Standard Class,Consumer,West,Furniture,Tables,Seattle,9,0.2,1580.79,-51.35
2020-08-28,Standard Class,Consumer,East,Technology,Phones,Philadelphia,4,0.4,1087.81,-81.1
2020-08-28,Standard Class,Corporate,Central,Office Supplies,Appliances,Chicago,3,0.0,81.65,14.1
2020-08-28,Standard Class,Home Office,East,Furniture,Furnishings,Philadelphia,7,0.2,1589.83,77.96
2020-08-28,Second Class,Corporate,Central,Office Supplies,Binders,Chicago,9,0.1,246.58,38.88
2020-08-28,Standard Class,Consumer,East,Office Supplies,Labels,Philadelphia,7,0.15,229.48,19.6
2020-08-28,Standard Class,Consumer,West,Office Supplies,Supplies,San Francisco,7,0.3,415.54,-7.65
2020-08-29,Second Class,Corporate,West,Office Supplies,Envelopes,Seattle,6,0.1,327.11,-5.43
2020-08-29,Standard Class,Consumer,Central,Office Supplies,Appliances,Dallas,5,0.2,222.87,33.66
2020-08-29,Second Class,Consumer,Central,Office Supplies,Fasteners,Minneapolis,8,0.1,429.41,51.11
2020-08-29,Second Class,Home Office,West,Office Supplies,Storage,Denver,4,0.1,80.31,9.7
2020-08-29,Standard Class,Consumer,Central,Office Supplies,Appliances,Chicago,6,0.2,497.37,7.54
2020-08-29,First Class,Corporate,East,Office Supplies,Labels,Boston,4,0.3,140.29,-3.22
2020-08-29,Second Class,Corporate,West,Technology,Copiers,Seattle,9,0.15,1905.44,30.69
2020-08-29,Second Class,Home Office,West,Furniture,Bookcases,San Francisco,8,0.0,1237.45,84.52
2020-08-29,First Class,Corporate,South,Office Supplies,Paper,Nashville,9,0.15,233.96,40.3
2020-08-30,Second Class,Consumer,East,Furniture,Chairs,Columbus,7,0.15,2196.63,-11.54
2020-08-30,First Class,Consumer,East,Office Supplies,Paper,New York City,2,0.1,83.38,7.61
2020-08-30,Standard Class,Consumer,Central,Office Supplies,Envelopes,Minneapolis,1,0.2,41.62,3.23
2020-08-30,Standard Class,Consumer,Central,Office Supplies,Labels,Chicago,3,0.15,69.3,5.12
2020-08-30,Standard Class,Corporate,East,Office Supplies,Fasteners,Boston,8,0.2,714.65,76.86
2020-08-30,Second Class,Consumer,West,Office Supplies,Fasteners,San Francisco,4,0.0,429.2,62.6
2020-08-30,Standard Class,Consumer,Central,Office Supplies,Binders,Dallas,5,0.1,153.86,23.89
2020-08-30,Second Class,Consumer,West,Furniture,Tables,Seattle,4,0.4,1261.01,-279.29
2020-08-31,Standard Class,Consumer,South,Technology,Accessories,Atlanta,8,0.0,2406.76,484.76
2020-08-31,Standard Class,Home Office,East,Furniture,Furnishings,Philadelphia,4,0.15,317.63,3.86
2020-08-31,Standard Class,Consumer,Central,Office Supplies,Paper,Dallas,3,0.15,203.33,9.63
2020-08-31,Standard Class,Consumer,West,Office Supplies,Labels,Seattle,2,0.15,94.85,-1.7
2020-08-31,Standard Class,Consumer,East,Office Supplies,Paper,Philadelphia,3,0.3,83.65,-2.29
2020-08-31,First Class,Consumer,East,Office Supplies,Binders,Columbus,9,0.2,260.31,12.08
2020-08-31,First Class,Corporate,West,Office Supplies,Paper,Los Angeles,8,0.1,461.66,91.98
2020-08-31,Standard Class,Home Office,West,Office Supplies,Supplies,Denver,5,0.05,422.36,32.17
2020-08-31,Standard Class,Corporate,South,Office Supplies,Supplies,Atlanta,1,0.15,24.54,2.26
2020-08-31,Second Class,Corporate,East,Furniture,Furnishings,Columbus,1,0.1,146.44,-1.12
2020-08-31,Standard Class,Corporate,East,Office Supplies,Appliances,Boston,3,0.05,216.39,18.61
2020-08-31,Standard Class,Home Office,East,Furniture,Tables,Columbus,4,0.1,1249.75,10.44
2020-09-01,Second Class,Home Office,West,Office Supplies,Supplies,San Francisco,6,0.0,135.53,26.68
2020-09-01,First Class,Consumer,West,Office Supplies,Binders,Denver,7,0.15,159.26,17.93
2020-09-01,Standard Class,Consumer,South,Technology,Machines,Miami,6,0.05,1008.18,296.56
2020-09-02,Second Class,Corporate,South,Office Supplies,Supplies,Miami,8,0.15,208.96,26.79
2020-09-02,Standard Class,Consumer,West,Technology,Phones,Denver,4,0.3,2612.58,240.77
2020-09-02,Standard Class,Consumer,East,Office Supplies,Envelopes,Boston,8,0.0,572.56,85.41
2020-09-02,Standard Class,Corporate,East,Office Supplies,Art,Boston,5,0.0,355.61,39.89
2020-09-02,Standard Class,Corporate,East,Office Supplies,Appliances,Philadelphia,7,0.0,253.14,56.35
2020-09-02,First Class,Corporate,West,Furniture,Furnishings,San Francisco,7,0.2,2735.67,37.24
2020-09-02,Standard Class,Consumer,Central,Office Supplies,Storage,Houston,2,0.0,103.55,21.72
2020-09-03,Standard Class,Consumer,West,Office Supplies,Art,Seattle,6,0.2,438.33,32.42
2020-09-03,Standard Class,Consumer,East,Technology,Machines,Philadelphia,5,0.0,1873.38,151.4
2020-09-03,Same Day,Corporate,West,Technology,Accessories,Seattle,2,0.1,431.19,15.82
2020-09-03,First Class,Consumer,West,Technology,Copiers,Los Angeles,2,0.0,227.76,58.6
2020-09-03,Standard Class,Home Office,East,Technology,Accessories,Philadelphia,7,0.1,1101.31,172.45
2020-09-03,Standard Class,Corporate,Central,Office Supplies,Paper,Chicago,7,0.0,582.53,71.13
2020-09-03,Standard Class,Consumer,West,Office Supplies,Art,Seattle,3,0.2,48.33,-2.64
2020-09-04,Standard Class,Home Office,Central,Technology,Phones,Minneapolis,9,0.4,3254.21,-109.54
2020-09-04,Standard Class,Consumer,South,Office Supplies,Appliances,Miami,2,0.3,70.84,2.55
2020-09-04,Standard Class,Consumer,West,Office Supplies,Labels,Denver,6,0.05,309.74,47.21
2020-09-05,Standard Class,Consumer,East,Office Supplies,Paper,Columbus,1,0.0,93.27,9.75
2020-09-05,Standard Class,Corporate,East,Technology,Copiers,Philadelphia,7,0.15,7950.97,1417.42
2020-09-05,Standard Class,Consumer,East,Furniture,Chairs,Boston,4,0.05,1010.96,94.55
2020-09-05,Standard Class,Consumer,Central,Office Supplies,Supplies,Chicago,8,0.15,394.45,31.76
2020-09-05,First Class,Consumer,West,Furniture,Chairs,Los Angeles,3,0.1,715.95,2.49
2020-09-06,Second Class,Consumer,Central,Furniture,Chairs,Houston,5,0.15,587.22,-0.33
2020-09-06,Standard Class,Home Office,South,Office Supplies,Paper,Nashville,6,0.1,395.31,36.54
2020-09-06,Same Day,Corporate,South,Office Supplies,Art,Nashville,1,0.15,22.59,2.12
2020-09-06,First Class,Consumer,East,Office Supplies,Supplies,Boston,1,0.15,36.73,2.11
2020-09-06,Standard Class,Corporate,East,Office Supplies,Art,Boston,2,0.1,162.72,8.7
2020-09-06,Second Class,Consumer,Central,Office Supplies,Storage,Dallas,7,0.3,384.03,-38.87
2020-09-07,Standard Class,Home Office,West,Office Supplies,Envelopes,Seattle,6,0.0,557.15,109.76
2020-09-07,Second Class,Home Office,West,Technology,Copiers,San Francisco,7,0.1,1485.77,201.04
2020-09-07,Standard Class,Consumer,West,Office Supplies,Labels,Seattle,8,0.15,81.34,0.59
2020-09-07,Standard Class,Consumer,West,Office Supplies,Labels,San Francisco,5,0.15,98.47,5.83
2020-09-07,Second Class,Corporate,Central,Office Supplies,Fasteners,Minneapolis,5,0.0,241.11,6.35
2020-09-07,Standard Class,Corporate,Central,Technology,Accessories,Chicago,2,0.1,380.88,48.53
2020-09-07,Standard Class,Corporate,Central,Furniture,Bookcases,Houston,6,0.2,753.25,-42.77
2020-09-08,Second Class,Consumer,South,Technology,Accessories,Atlanta,3,0.05,227.49,26.61
2020-09-08,First Class,Consumer,South,Furniture,Chairs,Nashville,7,0.3,822.98,-134.56
2020-09-08,Standard Class,Consumer,West,Office Supplies,Envelopes,Seattle,2,0.1,103.14,11.0
2020-09-09,First Class,Consumer,East,Office Supplies,Labels,Boston,6,0.0,242.09,34.71
2020-09-09,First Class,Consumer,East,Furniture,Tables,Columbus,9,0.2,2096.26,-125.61
2020-09-09,Standard Class,Consumer,East,Office Supplies,Art,Boston,5,0.1,192.06,25.2
2020-09-09,Standard Class,Corporate,Central,Office Supplies,Envelopes,Dallas,9,0.15,303.22,17.98
2020-09-09,Standard Class,Consumer,West,Office Supplies,Binders,San Francisco,1,0.05,23.5,3.25
2020-09-09,Same Day,Corporate,East,Office Supplies,Appliances,Columbus,5,0.15,154.52,6.35
2020-09-09,Second Class,Consumer,East,Office Supplies,Supplies,Philadelphia,8,0.1,445.99,44.62
2020-09-09,Second Class,Corporate,Central,Technology,Accessories,Houston,4,0.0,1589.17,363.83
2020-09-09,Standard Class,Consumer,Central,Office Supplies,Art,Chicago,9,0.0,188.04,41.23
2020-09-09,First Class,Consumer,South,Office Supplies,Paper,Charlotte,4,0.1,518.46,33.08
2020-09-09,First Class,Corporate,East,Furniture,Chairs,Columbus,4,0.3,260.91,-16.21
2020-09-10,Standard Class,Corporate,West,Furniture,Bookcases,Denver,2,0.0,490.69,43.3
2020-09-10,First Class,Corporate,West,Office Supplies,Appliances,Los Angeles,5,0.0,180.05,5.41
2020-09-10,Standard Class,Corporate,East,Technology,Accessories,Boston,1,0.3,278.62,-7.62
2020-09-10,Standard Class,Consumer,East,Office Supplies,Paper,Columbus,9,0.0,734.42,114.13
2020-09-10,First Class,Consumer,East,Furniture,Tables,New York City,9,0.05,2611.64,168.76
2020-09-10,Standard Class,Consumer,South,Office Supplies,Paper,Miami,8,0.1,150.87,1.84
2020-09-10,First Class,Consumer,West,Furniture,Bookcases,Los Angeles,3,0.2,353.71,17.16
2020-09-10,Standard Class,Corporate,Central,Office Supplies,Fasteners,Dallas,1,0.4,45.96,-3.78
2020-09-11,Standard Class,Home Office,East,Office Supplies,Binders,Philadelphia,9,0.0,258.58,44.88
2020-09-11,First Class,Consumer,East,Technology,Phones,New York City,1,0.2,376.19,42.63
2020-09-11,Standard Class,Corporate,West,Office Supplies,Binders,Seattle,4,0.05,74.44,8.34
2020-09-11,Standard Class,Corporate,Central,Furniture,Tables,Chicago,7,0.05,1767.28,114.97
2020-09-11,First Class,Corporate,South,Furniture,Chairs,Atlanta,5,0.15,1098.43,13.08
2020-09-11,First Class,Consumer,East,Furniture,Bookcases,New York City,5,0.0,717.5,107.75
2020-09-11,Second Class,Corporate,Central,Technology,Accessories,Chicago,1,0.0,151.64,34.09
2020-09-12,First Class,Consumer,Central,Office Supplies,Labels,Houston,9,0.2,365.0,32.23
2020-09-12,Standard Class,Corporate,Central,Technology,Copiers,Dallas,2,0.1,495.49,105.79
2020-09-12,First Class,Corporate,Central,Technology,Accessories,Houston,7,0.15,462.87,60.46
2020-09-12,Second Class,Home Office,Central,Furniture,Tables,Dallas,2,0.0,258.78,33.1
2020-09-12,Second Class,Consumer,West,Office Supplies,Labels,San Francisco,8,0.0,190.9,34.55
2020-09-12,Standard Class,Corporate,West,Furniture,Chairs,Los Angeles,2,0.0,373.17,42.8
2020-09-12,Standard Class,Corporate,Central,Furniture,Furnishings,Dallas,3,0.0,803.89,71.09
2020-09-12,Standard Class,Consumer,South,Office Supplies,Paper,Charlotte,2,0.1,129.13,22.26
2020-09-13,First Class,Consumer,South,Office Supplies,Envelopes,Miami,6,0.3,288.41,3.95
2020-09-13,Standard Class,Corporate,South,Office Supplies,Labels,Charlotte,8,0.15,497.05,43.43
2020-09-13,Second Class,Corporate,East,Office Supplies,Fasteners,Boston,6,0.1,438.84,24.21
2020-09-13,Standard Class,Corporate,Central,Technology,Machines,Houston,9,0.2,2388.55,56.19
2020-09-13,First Class,Consumer,West,Office Supplies,Art,Los Angeles,3,0.2,123.38,0.31
2020-09-13,Standard Class,Corporate,West,Technology,Accessories,Denver,9,0.05,3512.3,664.03
2020-09-13,First Class,Home Office,East,Office Supplies,Appliances,Columbus,2,0.3,60.04,1.84
2020-09-14,Standard Class,Corporate,Central,Furniture,Furnishings,Dallas,2,0.1,225.51,13.31
2020-09-14,Standard Class,Corporate,West,Furniture,Furnishings,Denver,8,0.05,2290.06,-37.0
2020-09-14,Same Day,Corporate,West,Office Supplies,Fasteners,Los Angeles,3,0.1,529.96,21.43
2020-09-14,Standard Class,Consumer,Central,Technology,Phones,Chicago,4,0.0,1433.67,367.16
2020-09-14,Standard Class,Corporate,South,Office Supplies,Binders,Miami,6,0.1,85.25,2.17
2020-09-14,Standard Class,Consumer,West,Office Supplies,Binders,Denver,9,0.3,460.83,16.97
2020-09-14,First Class,Consumer,East,Furniture,Tables,New York City,3,0.2,666.32,-55.98
2020-09-15,Standard Class,Home Office,West,Office Supplies,Fasteners,Los Angeles,9,0.15,214.92,22.14
2020-09-15,Standard Class,Consumer,Central,Furniture,Bookcases,Minneapolis,6,0.2,1332.19,-6.17
2020-09-15,Standard Class,Consumer,Central,Office Supplies,Fasteners,Minneapolis,8,0.0,477.03,94.39
2020-09-15,First Class,Home Office,East,Office Supplies,Storage,Columbus,6,0.0,150.64,20.27
2020-09-15,Standard Class,Corporate,West,Technology,Copiers,Seattle,7,0.2,1054.56,201.56
2020-09-15,Second Class,Consumer,Central,Office Supplies,Storage,Chicago,3,0.1,172.04,16.07
2020-09-16,Standard Class,Corporate,West,Office Supplies,Storage,Seattle,1,0.1,58.68,6.02
2020-09-16,Standard Class,Corporate,South,Office Supplies,Storage,Atlanta,1,0.2,32.73,-1.41
2020-09-16,Second Class,Consumer,West,Office Supplies,Art,Seattle,7,0.15,315.56,31.17
2020-09-16,Second Class,Consumer,West,Furniture,Bookcases,Denver,6,0.0,391.89,26.87
2020-09-16,Standard Class,Corporate,Central,Technology,Accessories,Houston,9,0.05,2572.18,578.18
2020-09-16,Second Class,Corporate,South,Office Supplies,Supplies,Miami,5,0.15,85.83,12.28
2020-09-16,First Class,Consumer,West,Office Supplies,Paper,Los Angeles,5,0.2,133.13,0.72
2020-09-17,First Class,Consumer,East,Office Supplies,Supplies,Columbus,7,0.4,282.71,-6.96
2020-09-17,Second Class,Consumer,West,Furniture,Bookcases,Denver,3,0.2,603.56,-35.4
2020-09-17,Standard Class,Consumer,East,Office Supplies,Fasteners,Philadelphia,2,0.0,121.32,16.29
2020-09-17,Standard Class,Consumer,East,Furniture,Chairs,Philadelphia,6,0.0,658.55,63.51
2020-09-17,Standard Class,Consumer,South,Office Supplies,Labels,Miami,8,0.1,545.2,51.91
2020-09-18,Standard Class,Consumer,West,Office Supplies,Paper,Los Angeles,9,0.05,501.7,63.79
2020-09-18,Standard Class,Consumer,Central,Technology,Phones,Chicago,5,0.0,746.94,209.74
2020-09-18,Second Class,Corporate,East,Office Supplies,Paper,New York City,3,0.0,127.54,19.68
2020-09-18,Second Class,Corporate,West,Technology,Machines,Seattle,6,0.0,3945.67,865.78
2020-09-18,Standard Class,Home Office,East,Furniture,Chairs,Columbus,3,0.0,717.68,15.59
2020-09-18,Standard Class,Consumer,Central,Office Supplies,Labels,Dallas,9,0.0,386.59,84.96
2020-09-18,Standard Class,Consumer,West,Technology,Copiers,Los Angeles,1,0.2,105.11,19.4
2020-09-18,Same Day,Consumer,East,Technology,Phones,New York City,3,0.0,1770.99,396.34
2020-09-18,Second Class,Consumer,South,Furniture,Furnishings,Atlanta,5,0.0,2291.43,345.73
2020-09-18,Standard Class,Corporate,Central,Office Supplies,Envelopes,Houston,8,0.0,792.75,177.65
2020-09-19,First Class,Home Office,Central,Office Supplies,Binders,Dallas,9,0.0,561.79,148.9
2020-09-19,Second Class,Consumer,South,Technology,Accessories,Atlanta,7,0.2,2754.81,447.4
2020-09-19,Second Class,Corporate,East,Office Supplies,Labels,Boston,1,0.3,52.35,3.1
2020-09-19,Second Class,Home Office,West,Office Supplies,Fasteners,Denver,9,0.15,821.18,99.68
2020-09-19,Standard Class,Consumer,South,Technology,Machines,Miami,9,0.05,3366.3,611.95
2020-09-19,First Class,Consumer,East,Technology,Phones,New York City,9,0.1,1122.98,124.09
2020-09-19,Standard Class,Consumer,East,Office Supplies,Appliances,New York City,7,0.0,373.16,81.92
2020-09-19,Standard Class,Home Office,West,Office Supplies,Paper,Denver,5,0.4,280.82,-22.16
2020-09-19,Standard Class,Corporate,Central,Technology,Machines,Houston,7,0.0,1047.39,205.03
2020-09-19,Second Class,Consumer,East,Furniture,Tables,Philadelphia,6,0.0,1396.18,335.33
2020-09-20,Standard Class,Consumer,West,Office Supplies,Envelopes,Los Angeles,4,0.1,154.97,13.94
2020-09-20,First Class,Home Office,West,Office Supplies,Appliances,Los Angeles,7,0.3,176.03,17.73
2020-09-20,Standard Class,Home Office,East,Technology,Accessories,Philadelphia,8,0.0,1496.59,361.86
2020-09-20,Same Day,Corporate,South,Office Supplies,Envelopes,Nashville,4,0.0,296.44,85.5
2020-09-20,Standard Class,Home Office,Central,Office Supplies,Fasteners,Houston,5,0.15,359.04,11.19
2020-09-20,First Class,Consumer,South,Technology,Accessories,Atlanta,4,0.2,778.13,-8.88
2020-09-20,Second Class,Corporate,West,Furniture,Furnishings,San Francisco,7,0.1,1321.37,140.97
2020-09-20,Standard Class,Consumer,East,Office Supplies,Paper,New York City,8,0.0,197.55,45.49
2020-09-20,First Class,Consumer,South,Furniture,Chairs,Miami,4,0.1,1214.32,13.06
2020-09-21,Second Class,Corporate,West,Office Supplies,Storage,Los Angeles,6,0.2,193.99,1.21
2020-09-21,Standard Class,Consumer,Central,Office Supplies,Labels,Minneapolis,7,0.2,374.0,53.72
2020-09-21,Second Class,Consumer,Central,Technology,Accessories,Minneapolis,1,0.1,763.52,99.33
2020-09-21,Standard Class,Consumer,South,Office Supplies,Storage,Miami,5,0.0,295.95,42.0
2020-09-21,Standard Class,Corporate,West,Technology,Phones,Los Angeles,9,0.1,2003.71,387.84
2020-09-21,,Consumer,West,Office Supplies,Fasteners,Denver,4,0.15,280.47,-21.78
2020-09-21,Standard Class,Consumer,Central,Office Supplies,Envelopes,Houston,9,0.0,348.9,52.25
2020-09-21,Standard Class,Consumer,West,Office Supplies,Supplies,San Francisco,7,0.05,403.58,82.2
2020-09-21,,Consumer,South,Office Supplies,Supplies,Nashville,6,0.1,148.12,8.22
2020-09-22,Second Class,Corporate,Central,Technology,Accessories,Chicago,9,0.2,2221.71,86.37
2020-09-22,Standard Class,Corporate,South,Office Supplies,Binders,Miami,4,0.0,252.53,46.0
2020-09-22,Standard Class,Consumer,West,Office Supplies,Fasteners,San Francisco,9,0.1,254.81,49.68
2020-09-22,Standard Class,Home Office,South,Furniture,Furnishings,Charlotte,9,0.2,598.01,-62.36
2020-09-22,First Class,Consumer,South,Furniture,Furnishings,Nashville,6,0.2,611.33,35.89
2020-09-22,Second Class,Consumer,Central,Furniture,Tables,Dallas,6,0.0,1621.22,133.38
2020-09-22,Second Class,Corporate,West,Furniture,Chairs,Denver,4,0.1,414.42,46.2
2020-09-22,Standard Class,Corporate,East,Furniture,Bookcases,Philadelphia,2,0.0,847.48,13.32
2020-09-22,Standard Class,Consumer,South,Office Supplies,Art,Atlanta,5,0.1,167.23,5.36
2020-09-22,Standard Class,Consumer,South,Office Supplies,Binders,Miami,1,0.0,43.18,5.89
2020-09-23,Standard Class,Corporate,East,Office Supplies,Envelopes,Philadelphia,3,0.2,94.15,-9.45
2020-09-23,First Class,Consumer,South,Office Supplies,Appliances,Atlanta,8,0.0,406.7,81.05
2020-09-23,First Class,Consumer,Central,Office Supplies,Fasteners,Houston,3,0.0,162.66,20.39
2020-09-23,Standard Class,Corporate,Central,Office Supplies,Paper,Dallas,7,0.2,256.93,16.34
2020-09-24,Second Class,Consumer,East,Office Supplies,Paper,Columbus,5,0.3,263.9,-8.21
2020-09-24,Standard Class,Consumer,West,Office Supplies,Storage,Denver,7,0.2,310.7,9.09
2020-09-24,Standard Class,Consumer,Central,Technology,Accessories,Dallas,5,0.1,1542.0,281.46
2020-09-25,Second Class,Consumer,East,Office Supplies,Storage,Philadelphia,3,0.3,103.86,-8.28
2020-09-25,Standard Class,Consumer,West,Office Supplies,Paper,Los Angeles,8,0.2,319.21,45.15
2020-09-25,Standard Class,Consumer,South,Office Supplies,Art,Charlotte,8,0.1,232.34,34.19
2020-09-25,Second Class,Consumer,Central,Office Supplies,Labels,Chicago,9,0.2,530.17,27.07
2020-09-25,Second Class,Consumer,East,Office Supplies,Art,Boston,3,0.1,95.78,1.48
2020-09-25,First Class,Consumer,South,Office Supplies,Storage,Miami,4,0.1,129.64,16.69
2020-09-25,First Class,Consumer,West,Office Supplies,Envelopes,Seattle,8,0.15,227.96,40.7
2020-09-25,Standard Class,Home Office,East,Office Supplies,Binders,New York City,5,0.0,199.61,26.77
2020-09-26,Same Day,Corporate,Central,Technology,Machines,Dallas,3,0.15,406.08,26.07
2020-09-26,Standard Class,Corporate,South,Office Supplies,Fasteners,Nashville,7,0.1,625.55,12.74
2020-09-26,First Class,Consumer,West,Office Supplies,Storage,Denver,7,0.0,276.9,71.35
2020-09-26,Standard Class,Consumer,West,Office Supplies,Art,Los Angeles,6,0.1,192.81,32.3
2020-09-27,Standard Class,Consumer,Central,Technology,Accessories,Houston,4,0.2,1193.24,123.87
2020-09-27,Standard Class,Corporate,West,Office Supplies,Labels,San Francisco,7,0.0,289.2,37.55
2020-09-27,Second Class,Home Office,West,Office Supplies,Supplies,Denver,5,0.2,347.74,-16.82
2020-09-27,Standard Class,Consumer,East,Furniture,Bookcases,Columbus,9,0.2,479.94,-23.45
2020-09-27,Second Class,Corporate,West,Furniture,Chairs,Denver,8,0.0,1116.33,55.21
2020-09-27,Standard Class,Consumer,East,Furniture,Chairs,Philadelphia,3,0.15,1751.0,169.85
2020-09-27,Standard Class,Corporate,West,Furniture,Tables,Seattle,9,0.15,459.45,13.32
2020-09-27,Second Class,Corporate,East,Office Supplies,Envelopes,Boston,3,0.0,154.4,22.52
2020-09-27,Standard Class,Consumer,West,Technology,Copiers,Seattle,2,0.1,1124.95,226.09
2020-09-27,Standard Class,Consumer,East,Office Supplies,Art,Columbus,2,0.05,24.87,3.45
2020-09-27,Standard Class,Consumer,West,Technology,Accessories,San Francisco,5,0.0,614.92,167.66
2020-09-27,Same Day,Home Office,East,Office Supplies,Storage,New York City,2,0.1,102.56,13.02
2020-09-28,Standard Class,Consumer,South,Furniture,Chairs,Charlotte,2,0.15,410.13,-20.63
2020-09-28,Standard Class,Consumer,West,Technology,Copiers,Denver,4,0.0,765.44,137.48
2020-09-28,Second Class,Corporate,Central,Office Supplies,Supplies,Houston,9,0.2,553.09,-11.29
2020-09-28,Second Class,Corporate,Central,Office Supplies,Appliances,Dallas,3,0.1,186.88,24.34
2020-09-28,Standard Class,Consumer,West,Office Supplies,Fasteners,San Francisco,1,0.15,38.09,2.83
2020-09-28,Standard Class,Corporate,West,Technology,Machines,Denver,6,0.2,3055.58,420.44
2020-09-28,Second Class,Consumer,West,Technology,Phones,Los Angeles,3,0.0,221.81,66.96
2020-09-29,Standard Class,Consumer,Central,Office Supplies,Envelopes,Minneapolis,4,0.2,141.73,4.3
2020-09-29,First Class,Consumer,Central,Furniture,Bookcases,Chicago,3,0.3,273.33,-5.16
2020-09-29,Standard Class,Home Office,Central,Office Supplies,Appliances,Houston,9,0.0,684.05,195.16
2020-09-29,Same Day,Home Office,Central,Office Supplies,Envelopes,Chicago,1,0.0,150.05,26.11
2020-09-29,First Class,Consumer,East,Furniture,Furnishings,New York City,3,0.2,403.99,38.89
2020-09-29,Standard Class,Home Office,East,Furniture,Bookcases,Boston,8,0.15,3861.38,176.19
2020-09-30,Second Class,Consumer,South,Office Supplies,Labels,Atlanta,8,0.1,504.19,42.23
2020-09-30,Standard Class,Consumer,West,Office Supplies,Binders,San Francisco,9,0.2,205.68,7.77
2020-09-30,Second Class,Consumer,Central,Furniture,Tables,Chicago,1,0.0,351.6,0.84
2020-09-30,Standard Class,Home Office,West,Technology,Machines,San Francisco,1,0.15,90.82,18.83
2020-09-30,First Class,Consumer,East,Office Supplies,Envelopes,Boston,6,0.0,205.32,34.04
2020-10-01,Standard Class,Consumer,Central,Technology,Accessories,Dallas,5,0.1,1459.91,387.59
2020-10-01,First Class,Consumer,West,Technology,Copiers,San Francisco,7,0.1,638.45,124.69
2020-10-01,Standard Class,Consumer,South,Furniture,Furnishings,Charlotte,6,0.0,683.6,-13.91
2020-10-01,Second Class,Consumer,West,Furniture,Chairs,Los Angeles,1,0.2,137.68,-0.18
2020-10-02,Standard Class,Corporate,East,Office Supplies,Fasteners,Boston,6,0.0,407.52,21.3
2020-10-02,Second Class,Corporate,West,Office Supplies,Binders,San Francisco,1,0.3,54.85,-3.29
2020-10-02,Same Day,Consumer,East,Office Supplies,Fasteners,Philadelphia,7,0.0,242.41,37.56
2020-10-02,Standard Class,Consumer,East,Technology,Copiers,Columbus,6,0.0,2006.42,338.42
2020-10-02,Standard Class,Corporate,East,Office Supplies,Fasteners,New York City,2,0.1,58.64,9.38
2020-10-02,Standard Class,Consumer,Central,Technology,Phones,Houston,2,0.2,550.62,52.31
2020-10-03,Second Class,Home Office,West,Furniture,Bookcases,Los Angeles,2,0.2,587.88,-48.09
2020-10-03,Standard Class,Corporate,South,Furniture,Bookcases,Nashville,8,0.1,2636.16,36.07
2020-10-03,Standard Class,Home Office,East,Furniture,Bookcases,Columbus,2,0.15,234.1,-0.98
2020-10-03,Same Day,Consumer,East,Furniture,Tables,Philadelphia,3,0.15,194.4,-2.58
2020-10-03,First Class,Corporate,Central,Office Supplies,Labels,Chicago,5,0.2,245.07,6.43
2020-10-03,Standard Class,Consumer,West,Furniture,Furnishings,Denver,3,0.05,318.42,35.17
2020-10-03,Standard Class,Consumer,East,Office Supplies,Paper,Philadelphia,5,0.15,223.92,26.18
2020-10-03,Standard Class,Corporate,East,Furniture,Tables,Philadelphia,9,0.3,938.52,-114.93
2020-10-03,Standard Class,Consumer,West,Furniture,Chairs,Los Angeles,8,0.3,844.04,-7.08
2020-10-04,Standard Class,Corporate,West,Office Supplies,Labels,Denver,5,0.2,424.99,67.65
2020-10-04,Standard Class,Consumer,East,Office Supplies,Envelopes,Columbus,5,0.05,319.2,54.56
2020-10-04,Same Day,Consumer,Central,Office Supplies,Storage,Houston,4,0.1,235.12,34.41
2020-10-04,Same Day,Home Office,West,Technology,Phones,Denver,8,0.1,1957.42,262.99
2020-10-04,Standard Class,Consumer,West,Furniture,Chairs,San Francisco,5,0.1,747.14,-46.94
2020-10-04,Same Day,Consumer,Central,Furniture,Bookcases,Chicago,7,0.0,1028.96,81.92
2020-10-04,Second Class,Consumer,Central,Office Supplies,Storage,Dallas,6,0.3,395.8,19.4
2020-10-04,Standard Class,Corporate,West,Office Supplies,Storage,Los Angeles,5,0.0,485.77,101.51
2020-10-04,Second Class,Corporate,East,Office Supplies,Paper,Boston,6,0.2,225.97,0.4
2020-10-05,Second Class,Corporate,South,Office Supplies,Supplies,Atlanta,9,0.3,197.31,5.97
2020-10-05,Standard Class,Consumer,East,Technology,Phones,Philadelphia,2,0.2,568.64,65.83
2020-10-05,Standard Class,Corporate,East,Furniture,Bookcases,New York City,1,0.2,108.04,-4.41
2020-10-05,Standard Class,Corporate,East,Office Supplies,Labels,Philadelphia,1,0.1,65.22,14.3
2020-10-05,Standard Class,Consumer,Central,Office Supplies,Appliances,Dallas,7,0.15,1030.47,99.85
2020-10-05,Second Class,Consumer,East,Office Supplies,Paper,Columbus,6,0.0,419.35,-17.33
2020-10-05,Standard Class,Corporate,Central,Office Supplies,Storage,Chicago,6,0.05,486.84,28.73
2020-10-06,First Class,Corporate,Central,Furniture,Bookcases,Dallas,1,0.1,159.38,3.43
2020-10-06,Standard Class,Consumer,Central,Office Supplies,Labels,Houston,4,0.2,145.55,4.89
2020-10-06,Standard Class,Consumer,Central,Office Supplies,Labels,Chicago,4,0.4,119.51,-16.25
2020-10-06,Standard Class,Consumer,East,Office Supplies,Fasteners,Columbus,6,0.0,156.79,30.63
2020-10-06,Second Class,Corporate,East,Office Supplies,Binders,Columbus,8,0.3,274.21,-5.74
2020-10-06,Standard Class,Corporate,South,Technology,Copiers,Nashville,4,0.0,1535.78,466.52
2020-10-06,Standard Class,Consumer,East,Technology,Machines,Columbus,3,0.15,340.89,31.08
2020-10-06,Standard Class,Consumer,Central,Office Supplies,Paper,Chicago,6,0.15,369.12,51.55
2020-10-07,Standard Class,Consumer,East,Furniture,Tables,New York City,5,0.2,1059.9,-99.11
2020-10-07,Standard Class,Consumer,West,Furniture,Furnishings,Denver,6,0.1,1607.72,70.13
2020-10-07,First Class,Consumer,West,Office Supplies,Supplies,Seattle,1,0.2,50.35,5.38
2020-10-07,Standard Class,Corporate,Central,Furniture,Bookcases,Dallas,2,0.3,102.32,0.83
2020-10-07,Standard Class,Corporate,East,Office Supplies,Binders,Boston,1,0.05,85.24,13.16
2020-10-07,Standard Class,Home Office,South,Furniture,Tables,Miami,3,0.1,251.39,4.4
2020-10-07,Standard Class,Home Office,Central,Furniture,Chairs,Minneapolis,4,0.0,1204.68,156.35
2020-10-07,Standard Class,Consumer,South,Office Supplies,Paper,Atlanta,9,0.0,1275.48,166.91
2020-10-07,Standard Class,Consumer,Central,Office Supplies,Supplies,Dallas,5,0.05,518.87,122.58
2020-10-08,Standard Class,Corporate,West,Office Supplies,Storage,Seattle,8,0.1,957.23,190.78
2020-10-08,Second Class,Consumer,West,Office Supplies,Envelopes,San Francisco,4,0.1,511.89,26.69
2020-10-08,Standard Class,Corporate,Central,Office Supplies,Paper,Chicago,1,0.4,53.9,3.94
2020-10-08,Standard Class,Home Office,West,Office Supplies,Fasteners,Denver,6,0.1,1162.2,174.02
2020-10-08,Standard Class,Consumer,West,Office Supplies,Binders,Seattle,8,0.0,489.01,112.6
2020-10-09,Second Class,Home Office,West,Office Supplies,Appliances,Seattle,8,0.1,302.91,33.21
2020-10-09,Standard Class,Home Office,South,Office Supplies,Paper,Charlotte,2,0.1,104.07,15.05
2020-10-09,Standard Class,Corporate,South,Technology,Copiers,Miami,1,0.1,253.09,57.0
2020-10-09,Second Class,Consumer,West,Office Supplies,Paper,San Francisco,5,0.0,192.17,11.34
2020-10-09,Standard Class,Consumer,East,Office Supplies,Paper,New York City,6,0.1,212.63,28.72
2020-10-09,Standard Class,Corporate,West,Office Supplies,Art,Denver,9,0.0,378.69,74.99
2020-10-09,Standard Class,Corporate,East,Furniture,Tables,New York City,6,0.2,502.31,17.89
2020-10-09,First Class,Home Office,Central,Furniture,Chairs,Chicago,7,0.4,707.66,-140.89
2020-10-09,Standard Class,Home Office,East,Office Supplies,Labels,Boston,1,0.05,28.18,0.69
2020-10-09,Second Class,Consumer,East,Technology,Accessories,Columbus,5,0.15,921.39,230.88
2020-10-10,First Class,Home Office,South,Office Supplies,Appliances,Miami,6,0.0,267.85,52.93
2020-10-10,Standard Class,Consumer,West,Office Supplies,Binders,Denver,1,0.0,79.55,11.68
2020-10-10,Second Class,Consumer,Central,Furniture,Bookcases,Houston,3,0.0,395.42,32.37
2020-10-10,Standard Class,Corporate,South,Office Supplies,Paper,Nashville,2,0.1,107.44,17.47
2020-10-10,Same Day,Consumer,West,Office Supplies,Appliances,Denver,6,0.15,113.18,11.25
2020-10-10,Standard Class,Corporate,West,Office Supplies,Storage,San Francisco,7,0.0,673.27,137.07
2020-10-10,First Class,Home Office,West,Furniture,Chairs,Denver,3,0.1,278.23,26.46
2020-10-10,Second Class,Home Office,East,Office Supplies,Appliances,Philadelphia,4,0.1,222.0,22.57
2020-10-10,Standard Class,Home Office,Central,Furniture,Bookcases,Chicago,7,0.2,145.59,3.91
2020-10-11,Standard Class,Consumer,East,Furniture,Bookcases,New York City,6,0.15,1716.38,-124.93
2020-10-11,Standard Class,Consumer,East,Office Supplies,Fasteners,Boston,5,0.1,272.3,29.53
2020-10-11,Second Class,Consumer,South,Office Supplies,Paper,Miami,3,0.1,144.58,19.88
2020-10-11,Standard Class,Consumer,South,Furniture,Chairs,Miami,4,0.0,714.72,47.69
2020-10-11,Standard Class,Home Office,East,Office Supplies,Appliances,New York City,3,0.1,81.25,10.17
2020-10-11,Standard Class,Consumer,South,Office Supplies,Supplies,Nashville,6,0.15,229.36,4.88
2020-10-12,Second Class,Consumer,Central,Office Supplies,Fasteners,Dallas,2,0.0,206.97,29.33
2020-10-12,Second Class,Consumer,East,Furniture,Furnishings,Philadelphia,2,0.1,210.61,11.38
2020-10-12,First Class,Corporate,Central,Office Supplies,Storage,Houston,5,0.0,293.74,53.15
2020-10-12,First Class,Corporate,West,Office Supplies,Envelopes,San Francisco,6,0.0,287.3,69.56
2020-10-12,Standard Class,Consumer,East,Office Supplies,Labels,Boston,7,0.0,345.92,44.95
2020-10-12,First Class,Home Office,East,Office Supplies,Supplies,Boston,1,0.3,30.63,-0.15
2020-10-12,Second Class,Home Office,West,Office Supplies,Storage,San Francisco,9,0.0,259.98,45.42
2020-10-12,First Class,Consumer,East,Office Supplies,Appliances,Boston,9,0.1,393.46,39.13
2020-10-12,Second Class,Consumer,East,Office Supplies,Fasteners,Boston,8,0.2,496.25,-44.55
2020-10-13,First Class,Corporate,South,Technology,Phones,Charlotte,9,0.1,3300.85,298.04
2020-10-13,Standard Class,Consumer,South,Office Supplies,Fasteners,Atlanta,4,0.05,154.36,29.6
2020-10-13,Standard Class,Consumer,West,Office Supplies,Binders,Los Angeles,9,0.0,920.96,122.56
2020-10-13,Same Day,Home Office,South,Furniture,Bookcases,Nashville,1,0.0,220.84,37.12
2020-10-13,Standard Class,Consumer,South,Office Supplies,Envelopes,Atlanta,4,0.0,261.69,45.17
2020-10-13,Second Class,Corporate,East,Office Supplies,Art,Philadelphia,2,0.15,138.12,-0.85
2020-10-13,Standard Class,Corporate,West,Technology,Phones,San Francisco,8,0.1,712.1,67.6
2020-10-13,Standard Class,Consumer,Central,Technology,Machines,Dallas,8,0.0,3755.66,492.63
2020-10-13,Second Class,Consumer,East,Office Supplies,Art,Philadelphia,8,0.4,290.01,5.97
2020-10-13,Second Class,Consumer,West,Technology,Machines,Los Angeles,9,0.0,3305.74,769.58
2020-10-13,Second Class,Consumer,East,Technology,Machines,Boston,3,0.0,625.88,93.16
2020-10-14,Standard Class,Corporate,Central,Office Supplies,Storage,Chicago,1,0.0,45.49,12.5
2020-10-14,Second Class,Corporate,West,Furniture,Bookcases,Los Angeles,3,0.0,1174.5,185.42
2020-10-14,Standard Class,Consumer,Central,Office Supplies,Art,Minneapolis,1,0.2,34.38,0.58
2020-10-14,Same Day,Corporate,South,Furniture,Tables,Charlotte,2,0.0,1127.09,191.08
2020-10-14,First Class,Home Office,Central,Furniture,Tables,Minneapolis,7,0.3,584.11,-87.6
2020-10-14,Standard Class,Consumer,East,Office Supplies,Storage,Columbus,4,0.4,437.13,-73.72
2020-10-14,Second Class,Consumer,East,Office Supplies,Storage,Boston,4,0.3,132.39,-6.32
2020-10-14,Standard Class,Home Office,West,Office Supplies,Paper,San Francisco,9,0.0,352.18,76.22
2020-10-15,Same Day,Corporate,East,Furniture,Chairs,Columbus,4,0.0,736.4,117.05
2020-10-15,First Class,Consumer,West,Technology,Accessories,San Francisco,4,0.4,873.01,-43.71
2020-10-15,Standard Class,Corporate,Central,Technology,Accessories,Houston,3,0.15,457.5,29.36
2020-10-15,First Class,Consumer,West,Office Supplies,Labels,Seattle,7,0.05,334.72,40.25
2020-10-15,Second Class,Consumer,South,Office Supplies,Paper,Charlotte,2,0.0,258.84,22.35
2020-10-15,First Class,Consumer,Central,Office Supplies,Paper,Houston,4,0.2,112.73,4.61
2020-10-15,Standard Class,Home Office,East,Office Supplies,Labels,Philadelphia,1,0.0,66.39,18.18
2020-10-15,Second Class,Consumer,West,Technology,Phones,Los Angeles,4,0.15,475.47,68.34
2020-10-15,Standard Class,Consumer,East,Furniture,Chairs,Philadelphia,1,0.0,184.15,34.53
2020-10-15,Second Class,Consumer,Central,Office Supplies,Envelopes,Minneapolis,3,0.15,76.59,3.06
2020-10-16,Second Class,Home Office,Central,Office Supplies,Supplies,Minneapolis,1,0.0,118.69,33.76
2020-10-16,Standard Class,Corporate,South,Office Supplies,Binders,Atlanta,5,0.4,287.07,-5.05
2020-10-16,Standard Class,Corporate,South,Furniture,Furnishings,Charlotte,8,0.1,1180.19,65.66
2020-10-16,Standard Class,Consumer,West,Office Supplies,Binders,Los Angeles,2,0.1,124.68,5.83
2020-10-16,Standard Class,Home Office,East,Office Supplies,Fasteners,Columbus,3,0.0,149.84,24.04
2020-10-16,Standard Class,Consumer,West,Office Supplies,Envelopes,San Francisco,7,0.1,225.55,29.52
2020-10-16,Standard Class,Consumer,West,Furniture,Furnishings,Seattle,5,0.0,1734.93,113.0
2020-10-17,Standard Class,Corporate,West,Furniture,Furnishings,Denver,3,0.4,546.14,-70.39
2020-10-17,Standard Class,Corporate,East,Furniture,Chairs,Philadelphia,4,0.0,875.88,83.24
2020-10-17,Standard Class,Consumer,East,Office Supplies,Appliances,New York City,4,0.3,207.53,16.88
2020-10-17,Second Class,Consumer,East,Office Supplies,Binders,Columbus,3,0.2,36.84,-0.34
2020-10-17,Second Class,Home Office,Central,Technology,Machines,Houston,9,0.0,3625.75,808.61
2020-10-17,Standard Class,Consumer,Central,Office Supplies,Paper,Minneapolis,6,0.15,292.39,24.92
2020-10-18,Standard Class,Consumer,West,Office Supplies,Envelopes,Denver,8,0.0,164.35,20.87
2020-10-18,Standard Class,Consumer,East,Technology,Copiers,Columbus,2,0.2,502.51,36.26
2020-10-18,Standard Class,Corporate,Central,Office Supplies,Envelopes,Houston,5,0.2,252.84,-22.37
2020-10-19,Standard Class,Corporate,Central,Office Supplies,Paper,Minneapolis,4,0.3,230.34,-9.87
2020-10-19,Standard Class,Consumer,Central,Office Supplies,Paper,Dallas,9,0.1,672.76,15.46
2020-10-19,Second Class,Corporate,West,Office Supplies,Fasteners,Seattle,3,0.1,275.91,-8.37
2020-10-19,Second Class,Consumer,East,Office Supplies,Storage,Boston,9,0.4,311.71,-8.78
2020-10-19,Standard Class,Corporate,East,Technology,Accessories,Boston,7,0.0,4823.47,1624.59
2020-10-19,Standard Class,Consumer,South,Office Supplies,Fasteners,Charlotte,7,0.1,246.02,32.59
2020-10-19,First Class,Corporate,South,Furniture,Bookcases,Atlanta,4,0.2,720.09,7.47
2020-10-19,First Class,Corporate,East,Office Supplies,Fasteners,Philadelphia,5,0.2,115.53,8.61
2020-10-19,Second Class,Consumer,East,Office Supplies,Storage,Columbus,3,0.0,113.54,14.06
2020-10-20,Standard Class,Home Office,East,Office Supplies,Art,Philadelphia,7,0.0,616.26,164.65
2020-10-20,Standard Class,Consumer,Central,Technology,Accessories,Dallas,9,0.3,944.47,-41.79
2020-10-20,Second Class,Consumer,Central,Office Supplies,Envelopes,Dallas,6,0.3,144.98,-2.55
2020-10-20,Standard Class,Consumer,South,Office Supplies,Paper,Nashville,2,0.0,104.12,8.27
2020-10-20,Standard Class,Consumer,East,Office Supplies,Paper,Boston,4,0.0,256.99,33.25
2020-10-21,First Class,Home Office,Central,Office Supplies,Fasteners,Houston,2,0.2,83.19,-0.92
2020-10-21,First Class,Corporate,East,Office Supplies,Storage,New York City,4,0.05,280.91,36.51
2020-10-21,First Class,Corporate,East,Office Supplies,Art,Boston,9,0.1,644.13,82.08
2020-10-21,Same Day,Corporate,East,Office Supplies,Envelopes,New York City,7,0.0,409.73,58.03
2020-10-22,Standard Class,Corporate,East,Office Supplies,Binders,Columbus,5,0.0,381.55,42.96
2020-10-22,Standard Class,Consumer,South,Office Supplies,Fasteners,Miami,4,0.2,71.7,0.73
2020-10-22,Standard Class,Consumer,West,Office Supplies,Paper,Denver,6,0.2,311.29,7.11
2020-10-22,Second Class,Consumer,West,Office Supplies,Envelopes,Denver,9,0.3,214.86,-0.97
2020-10-23,Standard Class,Corporate,Central,Furniture,Tables,Minneapolis,7,0.05,349.7,34.85
2020-10-23,Standard Class,Corporate,West,Furniture,Tables,Los Angeles,4,0.0,1432.62,117.56
2020-10-23,Second Class,Home Office,East,Furniture,Chairs,Columbus,1,0.0,157.77,20.4
2020-10-23,Second Class,Consumer,West,Technology,Accessories,Los Angeles,4,0.3,309.95,-20.0
2020-10-23,First Class,Corporate,East,Technology,Accessories,Philadelphia,7,0.3,792.3,83.43
2020-10-24,Standard Class,Consumer,Central,Office Supplies,Storage,Dallas,9,0.0,437.1,67.61
2020-10-24,Standard Class,Consumer,Central,Technology,Phones,Dallas,3,0.2,1190.43,-2.92
2020-10-24,First Class,Consumer,South,Office Supplies,Storage,Miami,8,0.3,145.47,7.06
2020-10-24,Standard Class,Corporate,West,Office Supplies,Storage,Seattle,8,0.0,343.49,46.7
2020-10-24,Second Class,Home Office,East,Technology,Accessories,Boston,4,0.0,665.75,125.97
2020-10-24,Standard Class,Consumer,West,Office Supplies,Binders,San Francisco,8,0.15,244.1,15.95
2020-10-24,Standard Class,Home Office,East,Technology,Phones,Boston,8,0.2,1914.27,266.17
2020-10-24,Standard Class,Consumer,Central,Office Supplies,Envelopes,Chicago,1,0.0,71.4,11.52
2020-10-24,Standard Class,Consumer,Central,Furniture,Furnishings,Minneapolis,9,0.1,1065.83,76.7
2020-10-25,Standard Class,Home Office,Central,Office Supplies,Art,Chicago,6,0.0,337.21,76.33
2020-10-25,Standard Class,Corporate,East,Office Supplies,Binders,Columbus,7,0.15,251.33,3.41
2020-10-25,Standard Class,Home Office,West,Office Supplies,Supplies,San Francisco,3,0.1,210.66,41.26
2020-10-25,Standard Class,Consumer,Central,Office Supplies,Paper,Dallas,1,0.0,46.77,3.59
2020-10-25,Standard Class,Consumer,East,Office Supplies,Paper,Philadelphia,4,0.2,167.19,6.27
2020-10-25,Same Day,Home Office,West,Office Supplies,Storage,Los Angeles,2,0.0,148.94,20.52
2020-10-25,Standard Class,Corporate,Central,Furniture,Chairs,Minneapolis,7,0.1,2592.04,-148.5
2020-10-25,First Class,Consumer,East,Office Supplies,Envelopes,New York City,1,0.0,39.41,5.22
2020-10-26,First Class,Home Office,West,Technology,Copiers,Denver,8,0.2,1124.56,163.25
2020-10-26,Standard Class,Consumer,West,Office Supplies,Supplies,San Francisco,4,0.05,315.47,52.91
2020-10-26,Standard Class,Corporate,East,Furniture,Furnishings,Boston,6,0.0,1172.59,88.88
2020-10-26,First Class,Corporate,West,Technology,Phones,Seattle,3,0.15,365.59,69.43
2020-10-26,Second Class,Consumer,East,Office Supplies,Supplies,New York City,1,0.05,35.85,6.99
2020-10-26,First Class,Consumer,East,Office Supplies,Binders,New York City,6,0.1,464.39,39.08
2020-10-26,Second Class,Corporate,Central,Furniture,Chairs,Chicago,2,0.0,572.22,18.48
2020-10-27,Second Class,Consumer,East,Office Supplies,Binders,Boston,5,0.0,527.26,97.87
2020-10-27,Second Class,Consumer,South,Office Supplies,Art,Miami,5,0.0,164.98,25.77
2020-10-27,Standard Class,Consumer,Central,Office Supplies,Envelopes,Houston,7,0.4,251.34,14.75
2020-10-27,Standard Class,Home Office,East,Technology,Machines,Boston,9,0.4,1246.88,-58.25
2020-10-27,Standard Class,Consumer,Central,Office Supplies,Paper,Chicago,6,0.0,274.53,45.48
2020-10-27,Standard Class,Home Office,East,Office Supplies,Paper,Boston,5,0.0,324.12,56.11
2020-10-28,Second Class,Home Office,West,Office Supplies,Labels,San Francisco,2,0.15,69.55,4.29
2020-10-28,Standard Class,Consumer,West,Furniture,Furnishings,Seattle,9,0.0,983.98,100.58
2020-10-28,Standard Class,Consumer,West,Office Supplies,Paper,San Francisco,9,0.0,511.23,63.52
2020-10-28,Standard Class,Consumer,West,Office Supplies,Fasteners,Los Angeles,9,0.1,379.75,43.35
2020-10-28,Standard Class,Home Office,South,Office Supplies,Art,Nashville,7,0.15,231.4,29.13
2020-10-28,Standard Class,Consumer,Central,Technology,Phones,Dallas,8,0.0,3099.16,515.73
2020-10-28,Standard Class,Corporate,East,Office Supplies,Storage,Philadelphia,5,0.2,400.89,41.16
2020-10-28,Standard Class,Home Office,East,Office Supplies,Supplies,Philadelphia,8,0.0,767.62,124.76
2020-10-28,Standard Class,Consumer,Central,Office Supplies,Art,Chicago,9,0.1,1119.82,107.7
2020-10-28,Same Day,Consumer,Central,Furniture,Chairs,Dallas,7,0.0,610.54,91.49
2020-10-29,Standard Class,Home Office,Central,Office Supplies,Fasteners,Minneapolis,8,0.0,495.03,86.18
2020-10-29,Second Class,Consumer,East,Office Supplies,Fasteners,New York City,8,0.15,1174.1,-1.37
2020-10-29,Standard Class,Corporate,Central,Office Supplies,Envelopes,Chicago,2,0.4,111.52,7.3
2020-10-29,Standard Class,Consumer,South,Technology,Machines,Atlanta,8,0.4,797.72,51.78
2020-10-29,Second Class,Corporate,Central,Office Supplies,Binders,Dallas,5,0.15,144.58,4.52
2020-10-30,Standard Class,Consumer,South,Technology,Accessories,Miami,7,0.05,2452.89,300.36
2020-10-30,Standard Class,Consumer,West,Furniture,Chairs,Seattle,2,0.15,256.54,26.7
2020-10-30,Standard Class,Consumer,East,Furniture,Bookcases,Philadelphia,5,0.05,611.25,-18.26
2020-10-31,Second Class,Corporate,South,Furniture,Tables,Charlotte,9,0.1,1839.56,-33.09
2020-10-31,Second Class,Consumer,East,Office Supplies,Storage,Boston,8,0.0,967.63,24.42
2020-10-31,First Class,Consumer,South,Technology,Copiers,Atlanta,1,0.15,318.11,52.87
2020-10-31,First Class,Consumer,West,Office Supplies,Envelopes,Seattle,4,0.15,121.86,11.2
2020-10-31,Second Class,Home Office,West,Office Supplies,Paper,Los Angeles,5,0.15,262.37,-1.84
2020-11-01,Standard Class,Consumer,South,Office Supplies,Binders,Nashville,9,0.05,398.43,67.56
2020-11-01,Standard Class,Consumer,South,Furniture,Tables,Nashville,1,0.0,145.61,7.26
2020-11-01,Standard Class,Home Office,West,Technology,Accessories,Los Angeles,7,0.15,975.41,129.48
2020-11-01,Standard Class,Corporate,Central,Office Supplies,Storage,Houston,5,0.0,294.13,43.96
2020-11-01,Standard Class,Home Office,Central,Technology,Accessories,Chicago,9,0.0,4384.11,761.6
2020-11-01,Standard Class,Corporate,South,Office Supplies,Paper,Miami,2,0.2,96.88,10.11
2020-11-01,Standard Class,Corporate,Central,Furniture,Furnishings,Houston,4,0.0,546.92,74.46
2020-11-01,Standard Class,Consumer,Central,Technology,Machines,Houston,2,0.0,723.79,170.06
2020-11-01,Standard Class,Corporate,Central,Furniture,Tables,Chicago,7,0.15,1694.21,-25.94
2020-11-01,Second Class,Consumer,Central,Furniture,Bookcases,Dallas,9,0.0,737.86,107.32
2020-11-01,First Class,Home Office,East,Office Supplies,Supplies,New York City,9,0.0,624.0,128.7
2020-11-01,Same Day,Consumer,East,Office Supplies,Art,Boston,2,0.0,168.3,22.9
2020-11-02,First Class,Corporate,Central,Furniture,Bookcases,Dallas,6,0.2,1632.36,164.11
2020-11-02,Standard Class,Consumer,West,Office Supplies,Fasteners,San Francisco,2,0.1,99.31,13.99
2020-11-02,Second Class,Consumer,West,Office Supplies,Supplies,Denver,4,0.0,141.56,28.4
2020-11-02,Standard Class,Corporate,West,Office Supplies,Appliances,Seattle,1,0.15,63.18,2.22
2020-11-02,Standard Class,Consumer,South,Furniture,Chairs,Atlanta,4,0.0,508.81,17.82
2020-11-02,Standard Class,Consumer,East,Technology,Copiers,Boston,6,0.2,2594.93,473.59
2020-11-02,Standard Class,Consumer,East,Furniture,Tables,New York City,2,0.2,346.71,-17.28
2020-11-02,Second Class,Consumer,Central,Technology,Copiers,Dallas,8,0.2,1959.4,238.37
2020-11-03,Second Class,Home Office,West,Office Supplies,Labels,Denver,2,0.0,142.45,37.34
2020-11-03,Standard Class,Home Office,East,Office Supplies,Labels,Columbus,5,0.4,84.15,5.18
2020-11-03,First Class,Corporate,West,Office Supplies,Fasteners,Seattle,8,0.0,644.23,80.45
2020-11-03,First Class,Consumer,Central,Office Supplies,Labels,Chicago,5,0.15,620.99,-30.58
2020-11-03,First Class,Corporate,West,Technology,Phones,San Francisco,3,0.0,607.86,75.14
2020-11-03,Second Class,Consumer,West,Furniture,Furnishings,Los Angeles,2,0.3,269.29,-38.19
2020-11-03,Standard Class,Consumer,West,Office Supplies,Supplies,San Francisco,2,0.0,164.36,-1.2
2020-11-03,Standard Class,Home Office,East,Furniture,Chairs,New York City,9,0.0,2500.64,179.07
2020-11-04,Standard Class,Corporate,West,Technology,Machines,Denver,9,0.1,2984.29,317.8
2020-11-04,Second Class,Consumer,Central,Furniture,Bookcases,Chicago,3,0.0,266.73,12.1
2020-11-04,First Class,Corporate,East,Office Supplies,Paper,Philadelphia,5,0.05,625.5,91.94
2020-11-04,Standard Class,Consumer,East,Technology,Phones,Philadelphia,9,0.2,1846.12,311.86
2020-11-04,Standard Class,Corporate,Central,Furniture,Furnishings,Dallas,3,0.05,508.16,30.72
2020-11-04,Standard Class,Corporate,West,Office Supplies,Binders,Los Angeles,9,0.0,404.68,71.69
2020-11-04,Standard Class,Consumer,West,Office Supplies,Supplies,Denver,6,0.4,168.09,-6.23
2020-11-04,Second Class,Consumer,West,Office Supplies,Art,San Francisco,2,0.1,210.28,4.01
2020-11-05,Standard Class,Home Office,East,Furniture,Bookcases,New York City,6,0.4,859.59,-168.2
2020-11-05,Standard Class,Consumer,East,Furniture,Bookcases,New York City,9,0.1,2030.41,-56.54
2020-11-05,Standard Class,Consumer,West,Furniture,Bookcases,Los Angeles,5,0.1,1545.39,11.3
2020-11-05,Standard Class,Corporate,East,Technology,Accessories,Columbus,9,0.15,983.8,96.55
2020-11-05,Standard Class,Corporate,West,Office Supplies,Art,Los Angeles,2,0.1,106.56,12.67
2020-11-06,Second Class,Corporate,Central,Office Supplies,Art,Houston,9,0.1,1043.75,200.28
2020-11-06,Standard Class,Corporate,West,Furniture,Bookcases,Denver,4,0.1,1053.54,76.01
2020-11-06,Standard Class,Home Office,Central,Technology,Phones,Houston,6,0.0,796.52,229.8
2020-11-06,Second Class,Corporate,West,Technology,Machines,Denver,1,0.2,128.64,4.89
2020-11-06,First Class,Consumer,Central,Office Supplies,Storage,Dallas,4,0.2,116.66,5.4
2020-11-06,Standard Class,Consumer,West,Furniture,Tables,Los Angeles,3,0.05,194.37,8.55
2020-11-06,Second Class,Consumer,West,Office Supplies,Envelopes,Seattle,3,0.15,101.15,5.61
2020-11-06,Standard Class,Corporate,East,Furniture,Furnishings,Columbus,8,0.0,3846.76,169.8
2020-11-07,Standard Class,Consumer,Central,Office Supplies,Fasteners,Minneapolis,7,0.2,697.59,70.68
2020-11-07,Standard Class,Corporate,East,Office Supplies,Paper,New York City,8,0.2,198.13,-15.12
2020-11-07,First Class,Consumer,East,Office Supplies,Supplies,Columbus,4,0.3,98.78,-4.45
2020-11-07,Standard Class,Consumer,West,Office Supplies,Storage,San Francisco,5,0.05,413.8,35.91
2020-11-07,Standard Class,Corporate,Central,Office Supplies,Art,Minneapolis,5,0.2,113.49,13.79
2020-11-07,Second Class,Home Office,East,Office Supplies,Storage,Boston,2,0.1,102.32,12.46
2020-11-07,Standard Class,Corporate,Central,Office Supplies,Art,Chicago,2,0.0,53.86,5.89
2020-11-08,Standard Class,Corporate,West,Office Supplies,Art,San Francisco,3,0.05,94.48,11.33
2020-11-08,Standard Class,Home Office,East,Furniture,Chairs,Columbus,8,0.0,952.28,153.41
2020-11-08,Second Class,Consumer,Central,Office Supplies,Binders,Minneapolis,2,0.0,76.04,12.3
2020-11-08,Second Class,Consumer,Central,Office Supplies,Supplies,Dallas,1,0.0,15.97,2.5
2020-11-08,Standard Class,Corporate,Central,Furniture,Tables,Chicago,6,0.2,1038.91,22.72
2020-11-08,Standard Class,Home Office,Central,Office Supplies,Fasteners,Houston,9,0.1,978.79,151.78
2020-11-08,First Class,Home Office,Central,Office Supplies,Fasteners,Chicago,5,0.4,75.24,-12.3
2020-11-08,Standard Class,Consumer,West,Office Supplies,Envelopes,Denver,4,0.0,132.32,13.73
2020-11-09,Second Class,Consumer,South,Office Supplies,Labels,Miami,7,0.0,49.94,11.92
2020-11-09,Standard Class,Home Office,South,Office Supplies,Appliances,Atlanta,3,0.05,171.24,15.23
2020-11-09,Standard Class,Consumer,East,Office Supplies,Labels,Philadelphia,3,0.0,199.17,12.96
2020-11-09,Second Class,Corporate,South,Office Supplies,Fasteners,Atlanta,9,0.1,221.04,42.28
2020-11-09,Standard Class,Corporate,West,Furniture,Bookcases,San Francisco,6,0.1,780.18,-8.18
2020-11-09,Standard Class,Consumer,West,Technology,Accessories,San Francisco,9,0.05,573.01,108.7
2020-11-10,Standard Class,Home Office,East,Office Supplies,Paper,Philadelphia,3,0.4,93.78,-12.74
2020-11-10,Standard Class,Consumer,South,Office Supplies,Envelopes,Nashville,2,0.3,74.09,5.41
2020-11-10,Second Class,Consumer,West,Technology,Machines,Denver,5,0.2,851.21,128.59
2020-11-10,Standard Class,Consumer,Central,Office Supplies,Labels,Minneapolis,4,0.0,246.86,15.1
2020-11-10,Standard Class,Corporate,East,Furniture,Chairs,New York City,7,0.0,2425.45,209.4
2020-11-10,Standard Class,Corporate,South,Office Supplies,Supplies,Atlanta,8,0.2,338.78,12.76
2020-11-11,Second Class,Consumer,East,Office Supplies,Storage,Columbus,7,0.1,540.44,112.02
2020-11-11,Standard Class,Corporate,South,Office Supplies,Paper,Miami,1,0.15,50.67,-1.97
2020-11-11,First Class,Consumer,West,Office Supplies,Storage,Denver,3,0.0,217.57,22.3
2020-11-11,Standard Class,Corporate,West,Technology,Accessories,Seattle,9,0.15,2063.91,328.4
2020-11-11,Standard Class,Home Office,South,Technology,Copiers,Charlotte,9,0.2,1713.51,198.92
2020-11-11,Standard Class,Corporate,West,Office Supplies,Envelopes,San Francisco,5,0.1,226.87,15.23
2020-11-11,Second Class,Consumer,Central,Office Supplies,Paper,Houston,7,0.0,794.27,45.79
2020-11-11,Standard Class,Home Office,Central,Office Supplies,Paper,Dallas,2,0.2,74.04,7.63
2020-11-11,Standard Class,Corporate,South,Office Supplies,Binders,Nashville,8,0.0,525.63,97.26
2020-11-11,Same Day,Corporate,South,Office Supplies,Appliances,Charlotte,3,0.0,467.77,76.26
2020-11-12,First Class,Consumer,South,Furniture,Chairs,Charlotte,4,0.3,480.18,-128.39
2020-11-12,Standard Class,Corporate,East,Technology,Phones,Columbus,7,0.3,1315.56,-36.92
2020-11-12,Standard Class,Corporate,South,Office Supplies,Fasteners,Atlanta,7,0.0,882.77,146.84
2020-11-12,Second Class,Consumer,West,Technology,Machines,Denver,3,0.0,894.25,193.63
2020-11-12,First Class,Consumer,Central,Technology,Machines,Chicago,8,0.2,1456.89,157.47
2020-11-12,Standard Class,Corporate,East,Office Supplies,Storage,Columbus,2,0.0,203.89,30.62
2020-11-12,First Class,Consumer,West,Furniture,Tables,Los Angeles,2,0.1,104.46,0.58
2020-11-13,Standard Class,Corporate,East,Office Supplies,Supplies,Boston,6,0.05,373.84,75.98
2020-11-13,Second Class,Corporate,West,Furniture,Furnishings,Denver,4,0.15,595.81,4.98
2020-11-13,Standard Class,Corporate,Central,Office Supplies,Paper,Dallas,6,0.0,248.08,59.4
2020-11-13,Second Class,Consumer,Central,Office Supplies,Supplies,Minneapolis,6,0.0,658.69,137.1
2020-11-13,Standard Class,Home Office,East,Office Supplies,Storage,Columbus,5,0.2,182.67,2.13
2020-11-13,Standard Class,Corporate,South,Technology,Accessories,Charlotte,9,0.05,3243.5,424.04
2020-11-14,Standard Class,Consumer,Central,Office Supplies,Envelopes,Houston,4,0.0,243.82,48.28
2020-11-14,Standard Class,Corporate,Central,Technology,Copiers,Chicago,3,0.05,877.88,123.93
2020-11-14,Standard Class,Corporate,Central,Office Supplies,Supplies,Houston,9,0.2,260.21,3.18
2020-11-14,Standard Class,Home Office,Central,Furniture,Bookcases,Dallas,7,0.15,886.38,10.96
2020-11-14,Standard Class,Consumer,East,Office Supplies,Supplies,Boston,3,0.05,141.45,23.58
2020-11-14,Standard Class,Corporate,East,Technology,Accessories,Columbus,2,0.2,534.61,25.09
2020-11-15,Standard Class,Consumer,West,Technology,Machines,Los Angeles,8,0.4,2122.21,-174.23
2020-11-15,Standard Class,Corporate,West,Technology,Machines,Los Angeles,6,0.2,895.11,43.87
2020-11-15,Standard Class,Corporate,East,Office Supplies,Binders,Columbus,1,0.4,54.58,-5.74
2020-11-15,Standard Class,Consumer,East,Office Supplies,Appliances,Columbus,3,0.4,103.76,-11.38
2020-11-15,First Class,Corporate,East,Office Supplies,Labels,Boston,7,0.15,284.22,1.1
2020-11-15,Standard Class,Consumer,East,Office Supplies,Labels,New York City,5,0.15,252.32,27.06
2020-11-16,Standard Class,Home Office,South,Furniture,Chairs,Miami,2,0.0,604.46,33.96
2020-11-16,Standard Class,Corporate,West,Furniture,Furnishings,Denver,9,0.05,3944.66,-72.19
2020-11-16,Standard Class,Consumer,East,Office Supplies,Fasteners,New York City,1,0.15,10.05,0.56
2020-11-16,Standard Class,Consumer,East,Office Supplies,Labels,Philadelphia,3,0.05,105.84,16.91
2020-11-16,First Class,Consumer,Central,Office Supplies,Storage,Minneapolis,1,0.0,66.24,19.73
2020-11-16,Standard Class,Consumer,East,Office Supplies,Labels,Boston,2,0.15,107.64,3.43
2020-11-16,Standard Class,Consumer,West,Office Supplies,Art,Los Angeles,6,0.1,114.54,19.11
2020-11-17,Standard Class,Corporate,West,Office Supplies,Fasteners,Los Angeles,2,0.2,75.83,5.25
2020-11-17,Standard Class,Consumer,West,Furniture,Furnishings,Denver,8,0.2,907.02,-36.09
2020-11-18,First Class,Corporate,West,Furniture,Tables,Los Angeles,4,0.2,939.38,10.95
2020-11-18,Standard Class,Home Office,West,Office Supplies,Appliances,Denver,9,0.1,453.44,38.14
2020-11-18,First Class,Consumer,Central,Office Supplies,Labels,Dallas,2,0.15,46.24,0.37
2020-11-18,First Class,Consumer,South,Office Supplies,Supplies,Charlotte,8,0.0,785.27,103.05
2020-11-19,Standard Class,Consumer,East,Technology,Accessories,Philadelphia,5,0.0,2583.01,622.44
2020-11-19,Second Class,Consumer,West,Office Supplies,Storage,Los Angeles,3,0.4,42.26,-4.41
2020-11-19,First Class,Consumer,Central,Technology,Accessories,Houston,3,0.05,574.74,74.21
2020-11-19,First Class,Corporate,East,Office Supplies,Envelopes,Boston,8,0.15,297.9,63.33
2020-11-19,Standard Class,Corporate,Central,Office Supplies,Appliances,Chicago,9,0.0,268.57,23.19
2020-11-19,Standard Class,Home Office,West,Office Supplies,Storage,Seattle,8,0.2,182.2,9.2
2020-11-20,Standard Class,Corporate,West,Furniture,Tables,San Francisco,2,0.1,230.49,6.78
2020-11-20,First Class,Corporate,West,Office Supplies,Storage,Seattle,6,0.3,239.85,-13.95
2020-11-20,Standard Class,Corporate,South,Office Supplies,Appliances,Miami,4,0.2,150.55,19.95
2020-11-20,Standard Class,Home Office,West,Office Supplies,Paper,Seattle,7,0.0,126.38,26.15
2020-11-20,Second Class,Corporate,South,Office Supplies,Fasteners,Nashville,7,0.0,176.35,31.52
2020-11-20,Standard Class,Consumer,East,Office Supplies,Envelopes,Boston,9,0.1,403.07,50.25
2020-11-20,First Class,Consumer,Central,Office Supplies,Paper,Chicago,5,0.4,73.54,-5.81
2020-11-20,Standard Class,Consumer,East,Furniture,Chairs,New York City,9,0.0,2284.42,9.21
2020-11-20,Standard Class,Consumer,Central,Office Supplies,Fasteners,Chicago,4,0.0,133.65,24.56
2020-11-21,Standard Class,Consumer,Central,Technology,Phones,Chicago,9,0.1,5045.9,740.91
2020-11-21,Standard Class,Home Office,West,Technology,Phones,Denver,5,0.1,728.81,126.04
2020-11-21,Standard Class,Corporate,Central,Furniture,Furnishings,Minneapolis,8,0.0,764.04,30.79
2020-11-21,Second Class,Consumer,East,Office Supplies,Storage,Columbus,8,0.15,510.9,6.69
2020-11-21,Second Class,Consumer,West,Furniture,Bookcases,Denver,5,0.0,957.84,100.48
2020-11-22,Standard Class,Consumer,Central,Office Supplies,Art,Minneapolis,9,0.15,278.71,8.21
2020-11-22,First Class,Consumer,East,Office Supplies,Appliances,Philadelphia,4,0.1,382.01,40.45
2020-11-22,Standard Class,Home Office,South,Office Supplies,Binders,Atlanta,5,0.0,120.29,7.93
2020-11-22,Second Class,Consumer,West,Office Supplies,Fasteners,San Francisco,7,0.1,555.87,110.03
2020-11-23,Standard Class,Home Office,East,Office Supplies,Supplies,Boston,3,0.1,121.3,13.11
2020-11-23,Second Class,Consumer,East,Office Supplies,Art,Philadelphia,2,0.0,41.3,6.88
2020-11-23,Standard Class,Corporate,East,Office Supplies,Storage,New York City,3,0.0,62.81,6.5
2020-11-23,Second Class,Consumer,East,Furniture,Bookcases,Boston,2,0.15,146.58,-3.2
2020-11-23,Standard Class,Corporate,West,Technology,Copiers,Seattle,7,0.1,668.08,4.16
2020-11-23,Standard Class,Consumer,West,Office Supplies,Envelopes,San Francisco,2,0.0,282.73,53.79
2020-11-23,Second Class,Consumer,West,Furniture,Bookcases,Los Angeles,7,0.4,1732.17,-283.6
2020-11-23,Standard Class,Corporate,Central,Office Supplies,Envelopes,Houston,1,0.15,40.15,3.4
2020-11-24,Standard Class,Consumer,Central,Office Supplies,Binders,Chicago,1,0.15,41.07,2.04
2020-11-24,Standard Class,Consumer,East,Furniture,Furnishings,Columbus,9,0.2,1886.91,-191.94
2020-11-24,First Class,Corporate,West,Furniture,Bookcases,Denver,8,0.15,397.02,-56.56
2020-11-24,Standard Class,Consumer,West,Furniture,Tables,Denver,1,0.3,95.93,-17.54
2020-11-24,Standard Class,Consumer,West,Technology,Machines,San Francisco,2,0.0,730.37,176.33
2020-11-24,Second Class,Consumer,Central,Technology,Copiers,Chicago,9,0.0,1566.38,190.82
2020-11-24,Second Class,Corporate,Central,Office Supplies,Fasteners,Chicago,7,0.0,293.49,30.7
2020-11-25,Standard Class,Consumer,East,Office Supplies,Storage,Boston,1,0.0,76.29,21.71
2020-11-25,First Class,Corporate,West,Office Supplies,Binders,Los Angeles,3,0.15,183.02,24.21
2020-11-25,Standard Class,Home Office,East,Office Supplies,Labels,Philadelphia,1,0.0,144.52,35.9
2020-11-25,Second Class,Consumer,East,Office Supplies,Envelopes,Boston,7,0.0,329.01,62.57
2020-11-25,First Class,Consumer,West,Office Supplies,Appliances,Los Angeles,7,0.0,213.88,50.07
2020-11-25,First Class,Corporate,Central,Technology,Accessories,Chicago,2,0.0,348.68,48.02
2020-11-25,First Class,Consumer,West,Office Supplies,Paper,Los Angeles,2,0.1,105.2,0.85
2020-11-26,Standard Class,Consumer,West,Technology,Phones,Seattle,4,0.1,565.94,159.33
2020-11-26,Standard Class,Corporate,West,Office Supplies,Appliances,Denver,6,0.15,275.75,15.31
2020-11-26,Standard Class,Consumer,East,Office Supplies,Supplies,Columbus,4,0.0,192.31,42.32
2020-11-26,Standard Class,Corporate,East,Office Supplies,Binders,Columbus,4,0.15,186.08,19.03
2020-11-26,Standard Class,Home Office,Central,Office Supplies,Fasteners,Minneapolis,3,0.15,61.35,3.04
2020-11-26,Standard Class,Consumer,East,Furniture,Furnishings,Philadelphia,1,0.1,129.95,0.68
2020-11-27,Standard Class,Home Office,Central,Technology,Copiers,Chicago,1,0.0,215.59,38.34
2020-11-27,Second Class,Corporate,East,Office Supplies,Supplies,Boston,8,0.2,349.44,3.82
2020-11-27,Standard Class,Corporate,Central,Office Supplies,Paper,Houston,2,0.0,169.07,27.16
2020-11-27,First Class,Consumer,Central,Office Supplies,Appliances,Dallas,2,0.0,367.34,113.37
2020-11-27,Standard Class,Corporate,East,Office Supplies,Paper,Philadelphia,1,0.4,27.58,-0.74
2020-11-27,Standard Class,Consumer,South,Office Supplies,Art,Atlanta,2,0.2,20.44,1.95
2020-11-28,Standard Class,Home Office,West,Office Supplies,Envelopes,Seattle,5,0.2,175.92,16.59
2020-11-28,Standard Class,Consumer,South,Office Supplies,Storage,Charlotte,6,0.0,320.4,53.99
2020-11-28,Standard Class,Corporate,South,Furniture,Tables,Charlotte,8,0.1,412.25,-1.76
2020-11-28,Standard Class,Consumer,East,Office Supplies,Appliances,New York City,9,0.2,481.43,37.8
2020-11-28,First Class,Consumer,Central,Furniture,Tables,Chicago,5,0.2,644.31,5.84
2020-11-28,First Class,Home Office,Central,Furniture,Furnishings,Minneapolis,6,0.2,702.82,-2.45
2020-11-28,First Class,Corporate,East,Office Supplies,Art,New York City,8,0.4,156.7,-19.5
2020-11-28,Standard Class,Corporate,East,Office Supplies,Binders,Boston,9,0.0,396.83,42.54
2020-11-28,First Class,Consumer,Central,Office Supplies,Art,Minneapolis,4,0.15,334.84,51.27
2020-11-29,Standard Class,Consumer,Central,Technology,Phones,Minneapolis,2,0.2,475.35,35.22
2020-11-29,Second Class,Consumer,West,Furniture,Furnishings,Los Angeles,4,0.1,509.27,20.15
2020-11-29,Standard Class,Consumer,South,Technology,Machines,Charlotte,5,0.2,3889.52,28.38
2020-11-29,Standard Class,Consumer,Central,Furniture,Tables,Dallas,9,0.3,1221.62,-213.46
2020-11-29,First Class,Consumer,West,Office Supplies,Envelopes,Denver,1,0.0,13.0,1.61
2020-11-30,Standard Class,Home Office,South,Office Supplies,Labels,Nashville,4,0.1,171.29,30.48
2020-11-30,Standard Class,Consumer,East,Office Supplies,Supplies,Boston,8,0.0,347.98,54.87
2020-11-30,First Class,Consumer,Central,Furniture,Bookcases,Minneapolis,4,0.15,590.67,-4.73
2020-11-30,Standard Class,Consumer,West,Office Supplies,Labels,Denver,4,0.2,227.52,23.13
2020-11-30,First Class,Consumer,South,Office Supplies,Binders,Charlotte,6,0.1,259.65,23.46
2020-12-01,Standard Class,Corporate,West,Office Supplies,Storage,Seattle,3,0.0,162.09,30.69
2020-12-02,Standard Class,Corporate,East,Furniture,Furnishings,Columbus,1,0.2,196.63,11.15
2020-12-02,First Class,Consumer,South,Technology,Copiers,Atlanta,6,0.05,2445.27,35.17
2020-12-02,Second Class,Home Office,West,Furniture,Chairs,San Francisco,6,0.2,822.15,-63.04
2020-12-02,Second Class,Home Office,West,Technology,Copiers,Seattle,2,0.0,686.9,144.17
2020-12-02,First Class,Corporate,West,Technology,Machines,Los Angeles,4,0.4,695.97,-12.61
2020-12-02,Standard Class,Corporate,West,Office Supplies,Appliances,San Francisco,5,0.15,346.64,38.31
2020-12-03,Standard Class,Home Office,Central,Office Supplies,Binders,Chicago,9,0.15,595.09,83.71
2020-12-03,Standard Class,Home Office,Central,Furniture,Bookcases,Houston,4,0.0,946.96,129.27
2020-12-03,Second Class,Home Office,West,Office Supplies,Fasteners,Denver,8,0.3,105.74,-0.65
2020-12-03,First Class,Consumer,East,Office Supplies,Appliances,Philadelphia,4,0.15,334.18,26.87
2020-12-03,Second Class,Corporate,West,Furniture,Furnishings,Seattle,7,0.0,1305.61,111.25
2020-12-03,First Class,Corporate,East,Furniture,Furnishings,New York City,5,0.15,381.82,-9.73
2020-12-03,Standard Class,Corporate,South,Technology,Accessories,Atlanta,7,0.15,1527.13,215.75
2020-12-04,Standard Class,Consumer,South,Office Supplies,Appliances,Charlotte,7,0.2,387.09,51.2
2020-12-04,Standard Class,Corporate,Central,Technology,Machines,Chicago,2,0.05,558.77,61.34
2020-12-04,Standard Class,Consumer,West,Furniture,Chairs,San Francisco,4,0.3,227.91,-23.37
2020-12-04,Second Class,Consumer,East,Technology,Accessories,Philadelphia,7,0.2,872.96,171.68
2020-12-04,First Class,Consumer,South,Office Supplies,Art,Atlanta,5,0.05,404.5,23.7
2020-12-05,Standard Class,Consumer,West,Office Supplies,Binders,Denver,9,0.1,371.75,85.19
2020-12-05,Standard Class,Corporate,West,Office Supplies,Supplies,San Francisco,1,0.3,101.0,-3.52
2020-12-05,Standard Class,Consumer,West,Office Supplies,Paper,San Francisco,7,0.1,326.65,56.67
2020-12-05,Standard Class,Consumer,West,Furniture,Tables,Denver,1,0.05,299.2,13.4
2020-12-05,Standard Class,Corporate,East,Furniture,Furnishings,Philadelphia,7,0.15,974.81,76.35
2020-12-05,Standard Class,Corporate,South,Office Supplies,Storage,Atlanta,7,0.2,675.04,133.88
2020-12-06,Standard Class,Corporate,West,Office Supplies,Fasteners,Seattle,4,0.2,185.16,-9.2
2020-12-06,Second Class,Consumer,Central,Office Supplies,Art,Minneapolis,7,0.1,180.82,12.4
2020-12-06,Second Class,Corporate,South,Furniture,Chairs,Charlotte,3,0.2,475.71,6.72
2020-12-06,Standard Class,Consumer,West,Office Supplies,Storage,Denver,6,0.2,545.75,-10.05
2020-12-06,First Class,Consumer,West,Furniture,Furnishings,Denver,3,0.0,570.69,64.89
2020-12-06,Standard Class,Consumer,East,Office Supplies,Supplies,Boston,3,0.0,68.98,6.74
2020-12-07,Standard Class,Home Office,Central,Office Supplies,Supplies,Chicago,3,0.1,128.7,15.62
2020-12-07,Standard Class,Corporate,West,Office Supplies,Paper,San Francisco,2,0.0,83.9,24.79
2020-12-07,Standard Class,Corporate,West,Office Supplies,Storage,Los Angeles,7,0.0,158.07,19.77
2020-12-07,Second Class,Home Office,South,Technology,Copiers,Nashville,5,0.2,1981.05,26.12
2020-12-07,First Class,Consumer,East,Technology,Accessories,New York City,8,0.15,2120.38,416.08
2020-12-08,Second Class,Consumer,West,Office Supplies,Supplies,Los Angeles,7,0.3,384.3,-12.35
2020-12-08,Standard Class,Consumer,West,Office Supplies,Envelopes,San Francisco,2,0.3,22.16,-0.05
2020-12-08,Standard Class,Consumer,West,Technology,Phones,Denver,2,0.1,501.74,76.92
2020-12-08,Standard Class,Consumer,West,Furniture,Furnishings,Denver,8,0.2,1387.01,-130.63
2020-12-08,Standard Class,Consumer,West,Office Supplies,Supplies,Seattle,1,0.1,34.17,8.14
2020-12-08,Second Class,Consumer,Central,Technology,Machines,Chicago,8,0.15,2127.95,316.63
2020-12-08,Standard Class,Consumer,Central,Office Supplies,Labels,Minneapolis,7,0.1,365.08,72.56
2020-12-08,Standard Class,Corporate,Central,Technology,Machines,Houston,9,0.15,851.99,99.56
2020-12-08,Same Day,Corporate,Central,Office Supplies,Appliances,Chicago,8,0.0,226.71,49.91
2020-12-08,Second Class,Corporate,East,Office Supplies,Envelopes,Philadelphia,3,0.15,269.63,32.91
2020-12-09,Second Class,Consumer,East,Technology,Copiers,New York City,9,0.0,4073.94,970.54
2020-12-09,Standard Class,Consumer,Central,Office Supplies,Appliances,Minneapolis,9,0.1,393.01,66.71
2020-12-09,Standard Class,Corporate,Central,Technology,Phones,Chicago,9,0.2,11474.18,303.76
2020-12-09,Standard Class,Consumer,East,Office Supplies,Storage,Columbus,4,0.15,151.79,13.35
2020-12-09,Standard Class,Consumer,West,Technology,Accessories,Seattle,1,0.15,143.41,23.91
2020-12-09,Standard Class,Corporate,Central,Office Supplies,Art,Chicago,8,0.0,213.66,30.63
2020-12-09,First Class,Consumer,Central,Furniture,Bookcases,Chicago,2,0.0,303.17,28.31
2020-12-10,First Class,Home Office,West,Office Supplies,Envelopes,Denver,8,0.4,420.48,-32.42
2020-12-10,Standard Class,Consumer,East,Office Supplies,Supplies,Columbus,2,0.3,84.92,-3.27
2020-12-10,Same Day,Home Office,West,Office Supplies,Appliances,Denver,2,0.0,55.88,8.02
2020-12-10,Second Class,Consumer,West,Office Supplies,Storage,Seattle,8,0.05,255.53,25.27
2020-12-10,First Class,Consumer,West,Office Supplies,Labels,San Francisco,1,0.2,106.64,17.0
2020-12-10,Same Day,Corporate,West,Technology,Copiers,Seattle,9,0.05,4374.68,715.31
2020-12-10,Standard Class,Corporate,South,Office Supplies,Fasteners,Miami,9,0.2,457.96,52.91
2020-12-10,Standard Class,Home Office,East,Furniture,Bookcases,Columbus,1,0.0,157.07,21.07
2020-12-10,Standard Class,Home Office,Central,Technology,Accessories,Minneapolis,8,0.0,2205.77,316.42
2020-12-10,Standard Class,Corporate,Central,Furniture,Furnishings,Houston,8,0.0,619.04,-0.92
2020-12-10,Second Class,Corporate,Central,Office Supplies,Envelopes,Dallas,1,0.0,43.65,6.4
2020-12-10,Standard Class,Consumer,West,Office Supplies,Supplies,Denver,6,0.0,254.3,28.46
2020-12-11,Standard Class,Consumer,Central,Office Supplies,Fasteners,Minneapolis,2,0.05,68.46,10.53
2020-12-11,Second Class,Corporate,Central,Office Supplies,Supplies,Houston,9,0.1,339.41,42.98
2020-12-11,Standard Class,Home Office,Central,Furniture,Tables,Minneapolis,9,0.4,970.14,-96.0
2020-12-11,Second Class,Consumer,East,Furniture,Furnishings,Boston,7,0.15,2074.69,-181.16
2020-12-11,First Class,Corporate,Central,Furniture,Furnishings,Chicago,5,0.15,1642.66,-66.88
2020-12-11,Standard Class,Consumer,South,Office Supplies,Storage,Miami,4,0.3,91.37,3.81
2020-12-11,Standard Class,Corporate,South,Office Supplies,Art,Atlanta,6,0.15,295.61,41.58
2020-12-11,Standard Class,Consumer,Central,Office Supplies,Supplies,Houston,8,0.0,239.95,44.82
2020-12-11,Standard Class,Corporate,West,Furniture,Bookcases,Denver,2,0.15,409.16,-5.57
2020-12-11,Standard Class,Consumer,South,Furniture,Chairs,Charlotte,8,0.0,1476.32,133.37
2020-12-12,Second Class,Corporate,East,Furniture,Furnishings,Columbus,9,0.0,1317.55,58.24
2020-12-12,Standard Class,Corporate,East,Office Supplies,Appliances,Boston,8,0.0,1042.22,167.78
2020-12-12,First Class,Corporate,West,Technology,Copiers,Seattle,8,0.15,2536.03,289.98
2020-12-12,Standard Class,Consumer,West,Office Supplies,Labels,San Francisco,6,0.3,161.88,0.95
2020-12-12,Standard Class,Consumer,South,Office Supplies,Envelopes,Nashville,9,0.15,626.34,102.42
2020-12-12,Same Day,Consumer,West,Office Supplies,Paper,Los Angeles,7,0.05,621.17,78.01
2020-12-12,Second Class,Consumer,Central,Office Supplies,Supplies,Dallas,1,0.1,20.47,1.77
2020-12-12,Second Class,Consumer,Central,Furniture,Chairs,Dallas,4,0.0,1016.05,129.13
2020-12-12,Standard Class,Consumer,West,Office Supplies,Binders,Denver,8,0.05,2060.85,363.55
2020-12-12,Same Day,Consumer,Central,Office Supplies,Envelopes,Chicago,5,0.2,274.02,21.38
2020-12-13,Standard Class,Consumer,South,Furniture,Tables,Nashville,7,0.1,1405.46,111.25
2020-12-13,Standard Class,Consumer,Central,Furniture,Tables,Dallas,1,0.15,258.21,33.05
2020-12-13,Second Class,Consumer,West,Office Supplies,Art,San Francisco,4,0.0,247.26,48.26
2020-12-13,First Class,Corporate,West,Technology,Phones,Denver,1,0.0,764.66,127.51
2020-12-13,Standard Class,Consumer,East,Technology,Copiers,New York City,5,0.0,752.82,302.75
2020-12-13,Standard Class,Consumer,South,Furniture,Bookcases,Nashville,6,0.15,1550.02,-82.14
2020-12-13,Standard Class,Home Office,South,Office Supplies,Storage,Charlotte,3,0.2,117.1,5.27
2020-12-13,Second Class,Corporate,West,Office Supplies,Fasteners,San Francisco,5,0.0,84.77,15.11
2020-12-13,Standard Class,Consumer,South,Office Supplies,Fasteners,Charlotte,7,0.05,445.63,52.72
2020-12-14,Standard Class,Consumer,South,Technology,Phones,Atlanta,3,0.2,818.19,-0.83
2020-12-14,Same Day,Consumer,East,Technology,Phones,Columbus,1,0.0,314.28,57.98
2020-12-14,First Class,Consumer,South,Office Supplies,Fasteners,Atlanta,2,0.1,170.55,31.54
2020-12-14,Second Class,Consumer,Central,Furniture,Furnishings,Dallas,3,0.15,301.05,-7.13
2020-12-14,Standard Class,Home Office,South,Furniture,Chairs,Miami,1,0.0,212.12,18.36
2020-12-14,Standard Class,Corporate,East,Technology,Accessories,Columbus,8,0.2,813.26,36.5
2020-12-14,Standard Class,Consumer,South,Furniture,Tables,Miami,7,0.0,1058.97,114.23
2020-12-14,Standard Class,Consumer,Central,Office Supplies,Art,Dallas,2,0.15,101.92,16.26
2020-12-15,Second Class,Home Office,West,Technology,Phones,Seattle,2,0.05,561.86,76.12
2020-12-15,Standard Class,Consumer,West,Technology,Phones,San Francisco,8,0.15,1594.2,109.65
2020-12-15,Standard Class,Home Office,Central,Furniture,Chairs,Chicago,3,0.0,592.15,69.81
2020-12-15,Standard Class,Consumer,West,Technology,Copiers,San Francisco,9,0.2,2517.12,392.87
2020-12-15,First Class,Corporate,West,Office Supplies,Envelopes,Los Angeles,1,0.15,87.06,7.85
2020-12-15,First Class,Consumer,East,Office Supplies,Labels,Philadelphia,7,0.0,441.34,60.13
2020-12-15,First Class,Home Office,West,Office Supplies,Labels,Denver,4,0.1,569.12,3.55
2020-12-15,Same Day,Corporate,East,Office Supplies,Supplies,Boston,6,0.4,168.67,-6.9
2020-12-16,First Class,Corporate,East,Furniture,Bookcases,Columbus,3,0.0,386.31,27.66
2020-12-16,Standard Class,Corporate,West,Office Supplies,Binders,Los Angeles,1,0.15,29.96,4.04
2020-12-16,Standard Class,Consumer,South,Office Supplies,Paper,Nashville,4,0.0,124.47,32.33
2020-12-16,First Class,Corporate,East,Furniture,Chairs,New York City,9,0.0,2895.19,5.31
2020-12-16,Standard Class,Consumer,East,Office Supplies,Binders,Philadelphia,9,0.15,110.16,8.98
2020-12-16,Standard Class,Corporate,West,Office Supplies,Supplies,San Francisco,6,0.2,420.99,64.08
2020-12-16,Standard Class,Home Office,East,Technology,Accessories,Columbus,4,0.1,1317.74,144.27
2020-12-16,Second Class,Consumer,South,Office Supplies,Labels,Atlanta,2,0.1,71.63,6.78
2020-12-17,First Class,Corporate,East,Furniture,Furnishings,Columbus,4,0.4,373.37,34.13
2020-12-17,Standard Class,Consumer,Central,Office Supplies,Fasteners,Chicago,1,0.1,20.2,2.51
2020-12-17,Standard Class,Consumer,West,Office Supplies,Binders,Los Angeles,8,0.1,268.01,43.7
2020-12-17,Standard Class,Consumer,South,Office Supplies,Paper,Miami,1,0.1,28.37,1.81
2020-12-17,First Class,Home Office,South,Office Supplies,Art,Miami,4,0.2,244.74,-2.24
2020-12-17,Second Class,Consumer,West,Technology,Copiers,Los Angeles,1,0.3,335.05,28.28
2020-12-17,Second Class,Home Office,South,Office Supplies,Art,Miami,1,0.2,88.22,15.52
2020-12-18,Standard Class,Corporate,West,Office Supplies,Paper,Los Angeles,3,0.0,1573.62,274.85
2020-12-18,First Class,Consumer,South,Office Supplies,Envelopes,Atlanta,6,0.2,213.69,23.8
2020-12-19,First Class,Corporate,West,Furniture,Tables,Los Angeles,7,0.0,2283.62,250.05
2020-12-19,Standard Class,Home Office,Central,Office Supplies,Appliances,Minneapolis,4,0.15,211.11,19.01
2020-12-19,Standard Class,Consumer,Central,Office Supplies,Paper,Chicago,3,0.1,93.68,9.95
2020-12-19,Standard Class,Home Office,West,Technology,Machines,Denver,9,0.1,1369.56,86.86
2020-12-19,Second Class,Corporate,East,Technology,Copiers,Philadelphia,4,0.0,1151.99,270.45
2020-12-19,Standard Class,Corporate,Central,Office Supplies,Envelopes,Dallas,6,0.15,243.16,16.47
2020-12-19,Second Class,Consumer,Central,Office Supplies,Supplies,Chicago,9,0.2,583.45,8.91
2020-12-20,Standard Class,Home Office,East,Office Supplies,Envelopes,Boston,7,0.2,522.33,-15.3
2020-12-20,Standard Class,Consumer,West,Office Supplies,Appliances,San Francisco,1,0.0,81.3,17.47
2020-12-20,Standard Class,Consumer,Central,Office Supplies,Appliances,Minneapolis,1,0.3,51.75,-3.72
2020-12-20,Standard Class,Corporate,East,Furniture,Tables,New York City,7,0.0,518.71,63.57
2020-12-20,Standard Class,Corporate,South,Furniture,Bookcases,Miami,7,0.3,497.23,-70.42
2020-12-20,Standard Class,Consumer,South,Furniture,Bookcases,Charlotte,1,0.15,160.23,-1.2
2020-12-20,Standard Class,Corporate,West,Office Supplies,Supplies,Los Angeles,5,0.0,392.22,36.45
2020-12-21,Standard Class,Consumer,East,Office Supplies,Art,Columbus,6,0.0,241.45,42.04
2020-12-21,Standard Class,Corporate,East,Office Supplies,Envelopes,Philadelphia,3,0.2,156.64,2.6
2020-12-21,Standard Class,Home Office,Central,Office Supplies,Paper,Dallas,5,0.0,834.65,165.02
2020-12-21,First Class,Consumer,East,Office Supplies,Supplies,Columbus,9,0.0,1524.67,98.43
2020-12-21,Standard Class,Corporate,West,Office Supplies,Fasteners,Seattle,6,0.0,490.19,82.55
2020-12-21,Standard Class,Corporate,Central,Office Supplies,Labels,Houston,9,0.2,341.78,63.25
2020-12-21,Standard Class,Consumer,Central,Office Supplies,Appliances,Houston,7,0.0,168.36,27.34
2020-12-21,Standard Class,Corporate,Central,Office Supplies,Paper,Houston,5,0.3,206.17,24.14
2020-12-21,First Class,Corporate,East,Furniture,Furnishings,Columbus,4,0.0,969.11,62.29
2020-12-21,Second Class,Consumer,West,Office Supplies,Appliances,San Francisco,1,0.0,114.06,25.48
2020-12-21,Standard Class,Corporate,East,Office Supplies,Envelopes,Boston,6,0.1,150.78,19.47
2020-12-22,Standard Class,Consumer,South,Office Supplies,Art,Nashville,2,0.3,79.27,-1.08
2020-12-22,First Class,Consumer,West,Furniture,Chairs,Seattle,1,0.0,139.96,-3.72
2020-12-22,Same Day,Corporate,Central,Office Supplies,Envelopes,Minneapolis,5,0.15,133.04,7.47
2020-12-22,Second Class,Consumer,Central,Office Supplies,Appliances,Dallas,8,0.2,492.99,11.26
2020-12-22,Same Day,Consumer,West,Office Supplies,Supplies,San Francisco,2,0.0,206.2,30.81
2020-12-22,First Class,Corporate,South,Furniture,Chairs,Nashville,6,0.0,1183.83,135.36
2020-12-22,Standard Class,Consumer,South,Technology,Phones,Charlotte,3,0.4,605.41,85.16
2020-12-23,Standard Class,Consumer,Central,Office Supplies,Paper,Houston,5,0.0,825.82,93.64
2020-12-23,Standard Class,Corporate,Central,Office Supplies,Envelopes,Minneapolis,8,0.0,838.81,165.74
2020-12-23,Standard Class,Corporate,Central,Office Supplies,Art,Houston,9,0.3,390.05,-12.15
2020-12-23,Same Day,Corporate,East,Technology,Copiers,Columbus,7,0.0,1832.65,395.97
2020-12-23,Standard Class,Corporate,Central,Technology,Accessories,Dallas,9,0.15,1875.6,186.69
2020-12-23,Standard Class,Consumer,East,Technology,Machines,Philadelphia,1,0.0,410.66,63.37
2020-12-24,Same Day,Consumer,West,Office Supplies,Fasteners,Los Angeles,3,0.1,246.21,23.32
2020-12-24,Second Class,Consumer,West,Office Supplies,Fasteners,Seattle,9,0.0,114.7,19.06
2020-12-24,Standard Class,Corporate,East,Technology,Copiers,Boston,1,0.05,296.73,98.04
2020-12-24,Standard Class,Home Office,West,Technology,Machines,Seattle,5,0.1,1001.82,223.15
2020-12-24,Second Class,Home Office,West,Office Supplies,Binders,San Francisco,9,0.4,322.99,-44.93
2020-12-24,Standard Class,Consumer,West,Furniture,Bookcases,Denver,3,0.2,196.36,-4.97
2020-12-24,First Class,Consumer,East,Furniture,Chairs,Columbus,6,0.05,1238.36,94.45
2020-12-24,Standard Class,Consumer,South,Office Supplies,Paper,Nashville,2,0.1,67.26,12.47
2020-12-24,Standard Class,Home Office,East,Office Supplies,Envelopes,Columbus,4,0.0,82.51,16.41
2020-12-24,Standard Class,Consumer,East,Office Supplies,Storage,Philadelphia,4,0.0,107.87,11.3
2020-12-24,Second Class,Consumer,Central,Technology,Accessories,Chicago,3,0.1,1044.95,77.29
2020-12-25,Standard Class,Home Office,West,Office Supplies,Appliances,Los Angeles,2,0.3,52.92,-3.3
2020-12-25,First Class,Consumer,Central,Office Supplies,Paper,Minneapolis,9,0.0,582.31,38.6
2020-12-25,Standard Class,Home Office,East,Office Supplies,Paper,Boston,8,0.3,437.46,-33.79
2020-12-25,Standard Class,Consumer,West,Office Supplies,Storage,Seattle,6,0.1,238.07,19.99
2020-12-25,Standard Class,Corporate,West,Furniture,Chairs,Los Angeles,2,0.0,575.39,61.65
2020-12-25,Second Class,Corporate,Central,Technology,Phones,Chicago,4,0.1,646.63,27.32
2020-12-25,Standard Class,Consumer,Central,Office Supplies,Fasteners,Minneapolis,3,0.05,207.2,2.2
2020-12-25,Standard Class,Consumer,Central,Office Supplies,Binders,Chicago,6,0.2,161.98,5.21
2020-12-25,Standard Class,Consumer,West,Office Supplies,Labels,Seattle,7,0.0,513.05,98.55
2020-12-25,Standard Class,Corporate,East,Furniture,Tables,Boston,4,0.2,526.39,-2.2
2020-12-26,First Class,Consumer,South,Office Supplies,Appliances,Atlanta,3,0.05,346.9,20.34
2020-12-26,First Class,Home Office,East,Furniture,Bookcases,Philadelphia,2,0.15,387.57,-1.52
2020-12-26,Standard Class,Consumer,West,Office Supplies,Paper,Seattle,3,0.15,160.68,6.04
2020-12-26,Standard Class,Corporate,Central,Office Supplies,Supplies,Chicago,6,0.15,539.53,25.21
2020-12-26,Standard Class,Consumer,West,Office Supplies,Labels,San Francisco,9,0.3,320.41,17.47
2020-12-27,Standard Class,Consumer,South,Furniture,Chairs,Miami,9,0.4,659.38,-127.48
2020-12-27,First Class,Corporate,West,Technology,Accessories,Los Angeles,2,0.2,447.02,39.25
2020-12-27,First Class,Home Office,East,Office Supplies,Appliances,Columbus,8,0.05,671.96,60.67
2020-12-27,First Class,Corporate,West,Office Supplies,Storage,Denver,5,0.05,463.99,78.06
2020-12-27,Standard Class,Corporate,West,Furniture,Chairs,Denver,5,0.0,2315.87,66.38
2020-12-27,First Class,Consumer,West,Furniture,Furnishings,San Francisco,1,0.2,125.91,-17.42
2020-12-27,Same Day,Consumer,East,Office Supplies,Labels,Philadelphia,3,0.05,123.54,11.94
2020-12-27,Standard Class,Corporate,East,Office Supplies,Labels,Columbus,4,0.4,67.33,3.07
2020-12-27,Standard Class,Home Office,South,Office Supplies,Binders,Miami,8,0.4,189.34,-11.46
2020-12-28,Standard Class,Corporate,Central,Furniture,Furnishings,Houston,4,0.0,1183.88,206.59
2020-12-28,Standard Class,Consumer,Central,Office Supplies,Storage,Dallas,9,0.05,580.05,64.19
2020-12-29,First Class,Consumer,Central,Furniture,Tables,Houston,4,0.1,1129.64,75.01
2020-12-29,Standard Class,Home Office,East,Furniture,Chairs,Philadelphia,2,0.0,336.04,8.68
2020-12-29,Standard Class,Consumer,East,Office Supplies,Supplies,Philadelphia,9,0.3,158.53,-4.06
2020-12-29,Second Class,Corporate,Central,Furniture,Tables,Houston,3,0.1,167.76,-9.45
2020-12-29,Standard Class,Consumer,West,Office Supplies,Fasteners,Los Angeles,8,0.0,277.01,26.59
2020-12-30,Second Class,Consumer,East,Furniture,Bookcases,New York City,8,0.4,1279.74,-240.96
2020-12-30,First Class,Consumer,South,Furniture,Furnishings,Atlanta,8,0.2,557.21,-70.52
2020-12-30,Second Class,Corporate,East,Furniture,Chairs,Boston,2,0.1,1065.37,2.67
2020-12-30,Same Day,Consumer,Central,Office Supplies,Art,Dallas,2,0.05,101.29,15.92
2020-12-30,Second Class,Corporate,South,Office Supplies,Envelopes,,1,0.05,86.07,8.73
2020-12-30,Second Class,Home Office,West,Furniture,Bookcases,San Francisco,1,0.0,141.16,22.76
2020-12-31,Standard Class,Consumer,West,Office Supplies,Art,Denver,3,0.2,149.7,15.97
2020-12-31,Standard Class,Consumer,Central,Furniture,Furnishings,Chicago,3,0.0,491.94,79.46
2020-12-31,Standard Class,Corporate,West,Office Supplies,Supplies,Los Angeles,6,0.2,115.42,17.62
2020-12-31,Second Class,Corporate,Central,Furniture,Chairs,Minneapolis,7,0.2,1323.31,-135.47
2020-12-31,Standard Class,Corporate,West,Technology,Phones,Los Angeles,8,0.0,1745.72,287.56
2020-12-31,Standard Class,Consumer,South,Office Supplies,Supplies,Charlotte,7,0.05,280.38,79.45
2020-12-31,Second Class,Consumer,Central,Office Supplies,Labels,Chicago,6,0.1,162.03,16.39
2020-12-31,Standard Class,Corporate,South,Office Supplies,Binders,Charlotte,8,0.0,441.02,66.28
2020-12-31,Second Class,Corporate,West,Office Supplies,Art,Denver,1,0.05,66.32,8.2
2020-12-31,Standard Class,Corporate,West,Office Supplies,Binders,San Francisco,4,0.1,190.75,27.61
2017-01-15,First Class,Corporate,East,Furniture,Tables,Philadelphia,7,0.0,2022.45,19.12
2017-03-19,Standard Class,Consumer,East,Technology,Phones,New York City,7,0.1,908.14,91.81
2017-05-31,Standard Class,Consumer,Central,Office Supplies,Envelopes,Minneapolis,4,0.0,611.06,61.94
